{
"type": "FeatureCollection",
"name": "gemeinden_hist",
"crs": { "type": "name", "properties": { "name": "urn:ogc:def:crs:EPSG::2056" } },
"features": [
{ "type": "Feature", "properties": { "GEBIET_HIST_C": 10242.0, "GEBIET_C": 181.0, "GEBIET_N": "Wila", "ART_C": 1.0, "ART_N": "Gemeinde", "PARENT_HIST_C": 10076.0, "PARENT_ART_C": 8.0, "VON": "1960\/01\/01", "BIS": "2999\/12\/31" }, "geometry": { "type": "Polygon", "coordinates": [ [ [ 2705893.612599998713, 1254432.145900003612041 ], [ 2706195.474399998784065, 1253870.449199996888638 ], [ 2706609.047699999064, 1253886.203900001943111 ], [ 2706697.038600001484156, 1253256.648500002920628 ], [ 2707534.961599998176098, 1253362.459700003266335 ], [ 2707889.113400001078844, 1253230.079499997198582 ], [ 2707612.081399999559, 1252681.010200001299381 ], [ 2706994.984799999744, 1252658.160099997883663 ], [ 2706816.893499999773, 1252268.0357 ], [ 2707298.2542, 1251881.8671 ], [ 2708639.609900001436472, 1251901.7148 ], [ 2709044.6019, 1252139.764600001275539 ], [ 2709225.2476, 1251723.254799999297 ], [ 2710041.7386, 1251108.135399997234344 ], [ 2710575.004799999297, 1251203.758500002324581 ], [ 2710773.194899998605251, 1251095.679899998009205 ], [ 2710222.449700001627207, 1250748.077100001275539 ], [ 2709795.959600001573563, 1251093.351800002157688 ], [ 2709330.748199999332, 1250613.003600001102313 ], [ 2709145.142799999565, 1250084.13570000231266 ], [ 2708300.234000001102686, 1250172.507700003683567 ], [ 2707659.269900001585484, 1249893.793099999428 ], [ 2707155.417899999768, 1250008.653899997705594 ], [ 2706756.496399998664856, 1250695.907099999487 ], [ 2706961.5302, 1251084.1796 ], [ 2706880.474199999124, 1251621.232 ], [ 2706075.895799998193979, 1251882.034199997782707 ], [ 2705421.6268, 1251941.522299997508526 ], [ 2705346.553899999708, 1252295.322099998593 ], [ 2704935.611900001764297, 1252530.858000002801418 ], [ 2705431.6961, 1253161.064499996602535 ], [ 2705044.221900001168251, 1253387.522399999201 ], [ 2705473.840300001204014, 1253790.929099999368 ], [ 2705322.758799999952, 1254103.0348 ], [ 2705893.612599998713, 1254432.145900003612041 ] ] ] } },
{ "type": "Feature", "properties": { "GEBIET_HIST_C": 10268.0, "GEBIET_C": 71.0, "GEBIET_N": "Wil (ZH)", "ART_C": 1.0, "ART_N": "Gemeinde", "PARENT_HIST_C": 10081.0, "PARENT_ART_C": 8.0, "VON": "1960\/01\/01", "BIS": "2999\/12\/31" }, "geometry": { "type": "Polygon", "coordinates": [ [ [ 2683158.360849998891354, 1271954.251100003486499 ], [ 2682480.546100001782179, 1271331.917199999094 ], [ 2681802.526500001549721, 1272010.941600002348423 ], [ 2680969.349800001829863, 1271968.061099998885766 ], [ 2680816.7463, 1272269.115099996328354 ], [ 2679721.8475, 1272482.013499997556 ], [ 2679381.930799998342991, 1273216.862599998713 ], [ 2678673.4648, 1273205.29399999976 ], [ 2678135.7738, 1273849.015199996298179 ], [ 2678542.9144, 1274187.9331 ], [ 2679296.0416, 1274284.187399998307228 ], [ 2680026.821600001305342, 1274608.766000002622604 ], [ 2680420.784299999475, 1274642.101000003516674 ], [ 2680406.5451, 1275146.811499997973442 ], [ 2680933.317099999636, 1275717.116400003433228 ], [ 2681013.9358000010252, 1276265.854400001699105 ], [ 2681357.408100001513958, 1275594.694399997591972 ], [ 2681594.215799998492002, 1275430.719099998474121 ], [ 2681398.045400001108646, 1274902.839299999177 ], [ 2681432.293000001460314, 1274305.042400002479553 ], [ 2681912.213899999857, 1273192.471799999708 ], [ 2683158.360849998891354, 1271954.251100003486499 ] ] ] } },
{ "type": "Feature", "properties": { "GEBIET_HIST_C": 10277.0, "GEBIET_C": 121.0, "GEBIET_N": "Wetzikon (ZH)", "ART_C": 1.0, "ART_N": "Gemeinde", "PARENT_HIST_C": 10079.0, "PARENT_ART_C": 8.0, "VON": "1960\/01\/01", "BIS": "2999\/12\/31" }, "geometry": { "type": "Polygon", "coordinates": [ [ [ 2702193.265988279599696, 1244343.471406215103343 ], [ 2702582.607700001448393, 1244375.000200003385544 ], [ 2703230.1347, 1244117.005099996924 ], [ 2704218.862100001424551, 1243858.9723 ], [ 2705072.236900001764297, 1244117.496299996972084 ], [ 2705137.689399998169392, 1243611.511600002646446 ], [ 2706032.77899999917, 1243280.746899999678 ], [ 2706234.105, 1242707.609300002455711 ], [ 2705855.477400001138449, 1240964.202600002288818 ], [ 2705156.160100001841784, 1240818.2104 ], [ 2704289.125999998301268, 1241698.381599999964 ], [ 2703285.2135, 1240800.396399997175 ], [ 2703535.525299999863, 1240188.797799997031689 ], [ 2704004.4483, 1239793.02080000191927 ], [ 2703645.1453, 1239281.753600001102313 ], [ 2703347.293000001460314, 1239608.387199997901917 ], [ 2702677.0445, 1239740.685999996960163 ], [ 2701788.432599999011, 1241418.329800002509728 ], [ 2701121.9371, 1241480.801799997687 ], [ 2700395.879299998283386, 1242543.342500001192093 ], [ 2700166.711599998176098, 1242623.8768 ], [ 2700146.8922, 1243026.012699998915195 ], [ 2700355.547600001096725, 1243408.284599997103214 ], [ 2700801.847699999809, 1243167.292599998414516 ], [ 2701507.149300001561642, 1243526.459299996495247 ], [ 2701241.639600001275539, 1244167.471900001168251 ], [ 2702193.2342, 1244343.368199996883 ], [ 2702193.265988279599696, 1244343.471406215103343 ] ] ] } },
{ "type": "Feature", "properties": { "GEBIET_HIST_C": 10279.0, "GEBIET_C": 229.0, "GEBIET_N": "Wiesendangen", "ART_C": 1.0, "ART_N": "Gemeinde", "PARENT_HIST_C": 10074.0, "PARENT_ART_C": 8.0, "VON": "1960\/01\/01", "BIS": "2013\/12\/31" }, "geometry": { "type": "Polygon", "coordinates": [ [ [ 2704293.226399999112, 1267841.0194 ], [ 2704454.626499999315, 1267460.549999997019768 ], [ 2703881.645199999213, 1266822.757299996912479 ], [ 2703297.331799998879433, 1266980.508699998492375 ], [ 2703057.742699999362, 1266520.143200002610683 ], [ 2703035.240499999374, 1266032.557800002396107 ], [ 2703381.538499999791, 1265702.743 ], [ 2702846.053199999034, 1264671.945299997925758 ], [ 2703175.779399998486042, 1264396.458499998087063 ], [ 2703552.262699998915195, 1264416.359800003701821 ], [ 2704120.063099998980761, 1264684.634000003105029 ], [ 2704773.039299998432398, 1264625.204099998110905 ], [ 2704665.423399999738, 1264013.784000001847744 ], [ 2704111.361299999058, 1263898.05189999938 ], [ 2702790.9998, 1263319.055600002408028 ], [ 2702524.6838, 1263396.339699998497963 ], [ 2702526.956772379111499, 1263403.789609475294128 ], [ 2702522.5379, 1263405.305600002408028 ], [ 2702527.3361, 1263426.140199996298179 ], [ 2702527.695092194713652, 1263430.835097914328799 ], [ 2702313.633900001645088, 1263373.014700002968311 ], [ 2702318.592677145265043, 1263359.843860706780106 ], [ 2702312.91270000115037, 1263358.027000002563 ], [ 2701696.335499998182058, 1263183.407700002193451 ], [ 2701250.77479999885, 1263617.001900002360344 ], [ 2700640.234299998730421, 1263545.884499996900558 ], [ 2700436.915399998426437, 1263910.055200003087521 ], [ 2700433.62950000166893, 1263908.501199997961521 ], [ 2700216.760499998927116, 1264073.904399998486042 ], [ 2700200.442899998277426, 1264079.989600002765656 ], [ 2700060.86419999972, 1264186.833999998867512 ], [ 2700057.669199999422, 1264193.46 ], [ 2700317.6332, 1265133.8143 ], [ 2700925.946499999613, 1265350.838600002229214 ], [ 2700938.928899999708, 1265370.770400002598763 ], [ 2701408.873399998992682, 1265706.774599999189 ], [ 2701465.6228, 1265727.145000003278255 ], [ 2701751.970584386494011, 1265817.776860732818022 ], [ 2701751.223700001835823, 1265820.6818 ], [ 2702362.679099999368, 1266514.6567 ], [ 2702881.2892, 1266699.253499999642 ], [ 2702881.282099999487, 1266983.689900003373623 ], [ 2703487.370499998331, 1267731.104500003159046 ], [ 2703995.135699998587, 1267925.648599997162819 ], [ 2704293.226399999112, 1267841.0194 ] ] ] } },
{ "type": "Feature", "properties": { "GEBIET_HIST_C": 10312.0, "GEBIET_C": 231.0, "GEBIET_N": "Zell (ZH)", "ART_C": 1.0, "ART_N": "Gemeinde", "PARENT_HIST_C": 10074.0, "PARENT_ART_C": 8.0, "VON": "1960\/01\/01", "BIS": "2999\/12\/31" }, "geometry": { "type": "Polygon", "coordinates": [ [ [ 2706236.4184, 1257097.541900001699105 ], [ 2705818.072, 1256617.47860000282526 ], [ 2705777.760200001299381, 1256314.600500002503395 ], [ 2705238.070399999619, 1256006.67599999905 ], [ 2705013.885200001299381, 1255308.299999997019768 ], [ 2704774.240299999714, 1254771.969599999487 ], [ 2703881.677700001746416, 1254677.677599996328354 ], [ 2703491.8033, 1254847.101999998092651 ], [ 2702991.8174, 1254653.394100002944469 ], [ 2702941.000100001692772, 1254229.3662 ], [ 2702593.348700001835823, 1254473.618299998342991 ], [ 2702189.3317, 1255190.117799997096881 ], [ 2701718.110599998384714, 1255231.130500003695488 ], [ 2701575.6666, 1255537.207999996840954 ], [ 2701783.71229999885, 1256516.295299999416 ], [ 2700646.064599998295307, 1256916.438100002706051 ], [ 2699741.566799998283386, 1257518.74040000140667 ], [ 2699762.683200001716614, 1257572.730700001120567 ], [ 2699780.859000001102686, 1257559.841399997705594 ], [ 2700532.697500001639128, 1257332.5185 ], [ 2701371.496599998325109, 1257834.232799999416 ], [ 2701431.060400001704693, 1257827.150799997150898 ], [ 2702282.954100001603365, 1258349.712099999189 ], [ 2703076.653599999845, 1257903.623400002717972 ], [ 2704115.496899999678, 1257922.161200001835823 ], [ 2704842.430599998682737, 1257521.132600001990795 ], [ 2705236.883900001645088, 1257668.78490000218153 ], [ 2705437.216899998486042, 1257387.559 ], [ 2705946.3387, 1257388.302299998700619 ], [ 2706236.4184, 1257097.541900001699105 ] ] ] } },
{ "type": "Feature", "properties": { "GEBIET_HIST_C": 10326.0, "GEBIET_C": 160.0, "GEBIET_N": "Zumikon", "ART_C": 1.0, "ART_N": "Gemeinde", "PARENT_HIST_C": 10077.0, "PARENT_ART_C": 8.0, "VON": "1986\/01\/01", "BIS": "2999\/12\/31" }, "geometry": { "type": "Polygon", "coordinates": [ [ [ 2691277.8134, 1242813.554099999368 ], [ 2691059.645599998533726, 1242387.2945 ], [ 2690415.394900001585484, 1242415.605999998748302 ], [ 2690171.654199998825788, 1241904.563000001013279 ], [ 2688593.95599999977, 1242416.6444 ], [ 2688662.187399998307228, 1242718.098700001835823 ], [ 2687995.613299999386, 1243319.663900002837181 ], [ 2689073.198199998587, 1244234.392700001597404 ], [ 2689330.595600001513958, 1244044.182800002396107 ], [ 2689726.638399999589, 1245030.368799999356 ], [ 2690489.148899998515844, 1244332.095299996435642 ], [ 2690491.6785, 1244016.382299996912479 ], [ 2691254.926600001752377, 1243542.411499999696 ], [ 2691277.8134, 1242813.554099999368 ] ] ] } },
{ "type": "Feature", "properties": { "GEBIET_HIST_C": 10327.0, "GEBIET_C": 253.0, "GEBIET_N": "Zürich", "ART_C": 1.0, "ART_N": "Gemeinde", "PARENT_HIST_C": 10119.0, "PARENT_ART_C": 8.0, "VON": "1960\/01\/01", "BIS": "1985\/12\/31" }, "geometry": { "type": "Polygon", "coordinates": [ [ [ 2681741.090055224951357, 1242022.002776930341497 ], [ 2681725.932300001382828, 1242021.591099999845 ], [ 2680833.3669, 1241789.169600002467632 ], [ 2680480.664500001817942, 1241583.6523 ], [ 2680282.7989, 1241865.96299999952 ], [ 2680368.7696999982, 1243377.261299997568 ], [ 2679985.2947, 1244043.768799998098984 ], [ 2680063.667899999768, 1244294.300700001418591 ], [ 2679208.535999998450279, 1245176.427299998700619 ], [ 2678931.385000001639128, 1245766.691399998962879 ], [ 2678798.459399998188019, 1245957.4949000030756 ], [ 2677952.9901, 1246157.881899997591972 ], [ 2677871.410100001841784, 1246459.7452 ], [ 2677471.5128, 1246776.185099996626377 ], [ 2677911.613333475310355, 1247524.333650405751541 ], [ 2677796.003499999642, 1247508.690099999309 ], [ 2677130.3909, 1247908.7139 ], [ 2676466.033300001174212, 1247974.156599998474121 ], [ 2676224.6939, 1248202.542400002479553 ], [ 2676879.381499998271465, 1248287.798600003123283 ], [ 2677197.775199998170137, 1249080.298799999058 ], [ 2678125.7104, 1249978.313500002026558 ], [ 2677493.706799998879433, 1250224.871899999678 ], [ 2677678.776, 1250751.227300003170967 ], [ 2678466.021401705686003, 1250858.859313175547868 ], [ 2678386.258099999279, 1251754.388999998569489 ], [ 2678043.541299998760223, 1251599.159999996423721 ], [ 2677686.631, 1251901.060400001704693 ], [ 2677950.3273, 1252381.151600003242493 ], [ 2678346.247499998658895, 1252668.0009 ], [ 2678414.695999998599291, 1252886.409400001168251 ], [ 2679179.856879491358995, 1252884.522229903843254 ], [ 2679340.794100001454353, 1253306.554099999368 ], [ 2678965.717799998819828, 1253468.095499999821 ], [ 2679002.974899999797, 1253885.206200003623962 ], [ 2680212.4054, 1254300.805799998342991 ], [ 2681080.811299998313189, 1253901.690700002014637 ], [ 2681931.8647, 1253950.625500001013279 ], [ 2682159.203200001269579, 1254109.324500001966953 ], [ 2682877.072399999946, 1253985.180399999022 ], [ 2683304.3946999982, 1254150.795999996364117 ], [ 2684249.847800001502037, 1253917.801600001752377 ], [ 2684402.419100001454353, 1253189.021099999547 ], [ 2684178.649300001561642, 1252819.411200001835823 ], [ 2684836.674400001764297, 1252342.992399998009205 ], [ 2684867.74336824240163, 1252261.831415686290711 ], [ 2684867.9512, 1252261.288500003516674 ], [ 2685650.279199998825788, 1252756.041900001699105 ], [ 2685593.260000001639128, 1251822.130800001090392 ], [ 2685609.087613661307842, 1251803.876588302431628 ], [ 2685609.991, 1251802.834700003266335 ], [ 2686717.320199999958, 1251441.1343 ], [ 2686729.140140529256314, 1251437.341896493686363 ], [ 2686755.615600001066923, 1251428.8473 ], [ 2687446.750100001692772, 1251220.777900002896786 ], [ 2687195.4012, 1250796.748800002038479 ], [ 2687390.888799998909235, 1250159.923 ], [ 2687031.428399998694658, 1250214.747199997306 ], [ 2686510.866399999708, 1249650.881700001657009 ], [ 2686417.046, 1249238.353100001811981 ], [ 2687101.82490000128746, 1249016.424199998378754 ], [ 2686950.0055, 1248745.423100002110004 ], [ 2687494.291900001466274, 1248163.190499998629093 ], [ 2687486.395899999887, 1247873.232100002467632 ], [ 2687861.985599998384714, 1247444.117600001394749 ], [ 2687854.762182340491563, 1247437.550594946602359 ], [ 2687854.709499999881, 1247437.502700001001358 ], [ 2687857.070300001651049, 1247419.921899996697903 ], [ 2687865.272100001573563, 1247410.13180000311695 ], [ 2687959.717500001192093, 1247372.434399999678 ], [ 2688181.906100001186132, 1247083.328299999237 ], [ 2688340.921300001442432, 1246963.7117 ], [ 2689055.28539999947, 1246888.074299998581409 ], [ 2688843.724399998784065, 1246293.7562 ], [ 2689373.031899999827, 1246146.10909999907 ], [ 2689602.834199998527765, 1245495.473399996757507 ], [ 2688127.644099999219, 1245403.137699998915195 ], [ 2687880.0337, 1245079.219400003552437 ], [ 2686711.404599998146296, 1245303.652599997818 ], [ 2686709.951537416316569, 1245300.363087234087288 ], [ 2686709.7419, 1245299.888499997556 ], [ 2686130.0381, 1244833.497100003063679 ], [ 2685248.61199999973, 1244642.664099998772144 ], [ 2685119.358600001782179, 1244564.92599999905 ], [ 2685063.5907, 1244522.879299998516217 ], [ 2684633.334499999881, 1245141.949 ], [ 2684027.1235, 1245254.719999998807907 ], [ 2683631.187899999321, 1246502.967 ], [ 2683626.2139105591923, 1246515.503483591601253 ], [ 2683625.9899, 1246516.064900003373623 ], [ 2683492.402199998497963, 1246815.029799997806549 ], [ 2683492.108166068326682, 1246814.951360506936908 ], [ 2683468.771000001579523, 1246808.725699998438358 ], [ 2683374.978100001811981, 1246783.469599999487 ], [ 2683374.772268457338214, 1246783.230394870974123 ], [ 2683370.901999998837709, 1246778.732600003713742 ], [ 2683180.180300001055002, 1246682.5317 ], [ 2683180.143267807550728, 1246682.383373193675652 ], [ 2683179.806299999356, 1246681.033699996769428 ], [ 2682900.772999998182058, 1246197.523299999535 ], [ 2682902.238699998706579, 1245162.427500002086163 ], [ 2682896.765299998223782, 1245101.618500001495704 ], [ 2682839.3033, 1244783.850900001823902 ], [ 2683060.174899999052, 1243935.324199996888638 ], [ 2683464.5643, 1243316.831299998098984 ], [ 2683455.987199999392, 1243309.8825 ], [ 2682962.842399999499, 1242725.415499999886 ], [ 2682638.8255, 1242650.997500002384186 ], [ 2682027.586199998855591, 1242043.8891 ], [ 2681741.948800001293421, 1242022.026100002229214 ], [ 2681741.090055224951357, 1242022.002776930341497 ] ] ] } },
{ "type": "Feature", "properties": { "GEBIET_HIST_C": 10331.0, "GEBIET_C": 72.0, "GEBIET_N": "Winkel", "ART_C": 1.0, "ART_N": "Gemeinde", "PARENT_HIST_C": 10081.0, "PARENT_ART_C": 8.0, "VON": "1960\/01\/01", "BIS": "2999\/12\/31" }, "geometry": { "type": "Polygon", "coordinates": [ [ [ 2685262.993599999696, 1262712.112599998713 ], [ 2685418.534400001168251, 1262404.799999997019768 ], [ 2685357.9012, 1261773.316299997270107 ], [ 2685098.781199999154, 1261394.974399998784065 ], [ 2685450.398299999535, 1261152.152099996805191 ], [ 2685532.749200001824647, 1260718.01690000295639 ], [ 2685548.103799998760223, 1260273.361199997365475 ], [ 2685982.8581, 1259439.777000002563 ], [ 2685804.5744, 1259437.106600001687184 ], [ 2685593.6651, 1258701.054099999368 ], [ 2685057.037, 1258582.64360000193119 ], [ 2684428.710599999875, 1258849.761299997568 ], [ 2684755.5718, 1258159.503499999642 ], [ 2684303.536400001496077, 1257728.059500001370907 ], [ 2684116.31399999931, 1257925.116099998354912 ], [ 2683877.558600001037121, 1258175.985 ], [ 2683258.90260000154376, 1258825.755800001090392 ], [ 2683495.210099998861551, 1259050.494800001382828 ], [ 2683055.176399998366833, 1259832.80719999969 ], [ 2682971.6037, 1260232.616599999368 ], [ 2682770.974899999797, 1260921.004399999976 ], [ 2683512.360899999738, 1261443.001100003486499 ], [ 2684471.085200001019984, 1261468.230899997055531 ], [ 2684884.528599999845, 1262040.772200003266335 ], [ 2684764.9974, 1262403.742600001394749 ], [ 2684959.886100001633167, 1262875.647200003266335 ], [ 2685262.993599999696, 1262712.112599998713 ] ] ] } },
{ "type": "Feature", "properties": { "GEBIET_HIST_C": 10334.0, "GEBIET_C": 182.0, "GEBIET_N": "Wildberg", "ART_C": 1.0, "ART_N": "Gemeinde", "PARENT_HIST_C": 10076.0, "PARENT_ART_C": 8.0, "VON": "1960\/01\/01", "BIS": "2999\/12\/31" }, "geometry": { "type": "Polygon", "coordinates": [ [ [ 2705893.612599998713, 1254432.145900003612041 ], [ 2705322.758799999952, 1254103.0348 ], [ 2705473.840300001204014, 1253790.929099999368 ], [ 2705044.221900001168251, 1253387.522399999201 ], [ 2705431.6961, 1253161.064499996602535 ], [ 2704935.611900001764297, 1252530.858000002801418 ], [ 2705346.553899999708, 1252295.322099998593 ], [ 2705421.6268, 1251941.522299997508526 ], [ 2706075.895799998193979, 1251882.034199997782707 ], [ 2706880.474199999124, 1251621.232 ], [ 2706961.5302, 1251084.1796 ], [ 2706756.496399998664856, 1250695.907099999487 ], [ 2706650.3878, 1250454.4177 ], [ 2705880.193599998950958, 1250399.340000003576279 ], [ 2705481.1389, 1250444.662600003182888 ], [ 2705282.8416, 1250984.8451 ], [ 2704719.365499999374, 1250760.135499998927116 ], [ 2704038.2245, 1250846.769900001585484 ], [ 2703850.187199998181313, 1251613.858800001442432 ], [ 2703614.773400001227856, 1251607.5568 ], [ 2703225.3046, 1252073.930600002408028 ], [ 2703260.745000001043081, 1252413.1774 ], [ 2703042.1195, 1252887.393799998098984 ], [ 2703013.927499998360872, 1253580.190700002014637 ], [ 2702941.000100001692772, 1254229.3662 ], [ 2702991.8174, 1254653.394100002944469 ], [ 2703491.8033, 1254847.101999998092651 ], [ 2703881.677700001746416, 1254677.677599996328354 ], [ 2704774.240299999714, 1254771.969599999487 ], [ 2705013.885200001299381, 1255308.299999997019768 ], [ 2705716.87519999966, 1255356.496200002729893 ], [ 2705986.860599998384714, 1254919.814900003373623 ], [ 2705893.612599998713, 1254432.145900003612041 ] ] ] } },
{ "type": "Feature", "properties": { "GEBIET_HIST_C": 10347.0, "GEBIET_C": 230.0, "GEBIET_N": "Winterthur", "ART_C": 1.0, "ART_N": "Gemeinde", "PARENT_HIST_C": 10074.0, "PARENT_ART_C": 8.0, "VON": "1960\/01\/01", "BIS": "2999\/12\/31" }, "geometry": { "type": "Polygon", "coordinates": [ [ [ 2697293.575940325390548, 1257560.878235875163227 ], [ 2696756.866999998688698, 1257397.257200002903119 ], [ 2695852.605500001460314, 1256225.822800002992153 ], [ 2695542.461199998855591, 1256397.390500001609325 ], [ 2695701.1028, 1257160.166599996387959 ], [ 2695570.649999998509884, 1258113.671199999517 ], [ 2695570.304810816887766, 1258113.714390936307609 ], [ 2695567.589000001549721, 1258114.054200001060963 ], [ 2694558.194400001317263, 1258159.5467 ], [ 2695085.467300001531839, 1258367.726400002837181 ], [ 2694688.057500001043081, 1259073.5766 ], [ 2693847.3339, 1259845.939199998975 ], [ 2693675.0667, 1260303.8165 ], [ 2693674.132805873639882, 1260303.271739656105638 ], [ 2693668.135699998587, 1260299.773500002920628 ], [ 2693149.148899998515844, 1259777.610600002110004 ], [ 2692691.4611, 1259957.446299999952 ], [ 2692319.113699998706579, 1260560.961599998176098 ], [ 2692077.410300001502037, 1260657.0115 ], [ 2691903.301399998366833, 1261455.649599999189 ], [ 2692013.685699999332, 1261876.01070000231266 ], [ 2691790.53299999982, 1262595.570299997925758 ], [ 2691899.8636, 1263241.684799998998642 ], [ 2691936.19898144621402, 1263394.43644811748527 ], [ 2691936.4921, 1263395.668700001901016 ], [ 2692081.650499999523, 1263548.083400003612041 ], [ 2692621.980799999088, 1263535.429399996995926 ], [ 2693267.775699999183, 1263761.045199997490272 ], [ 2693281.361744930967689, 1263747.335889835609123 ], [ 2693281.6301, 1263747.065099999309 ], [ 2693281.689647634513676, 1263747.159717667847872 ], [ 2693287.465999998152256, 1263756.33799999952 ], [ 2693541.408199999481, 1264362.350900001823902 ], [ 2693956.704799998551607, 1264848.637000001966953 ], [ 2694047.549400001764297, 1265279.886399999261 ], [ 2694820.989100001752377, 1265449.881599999964 ], [ 2695030.00899999961, 1265469.301700003445148 ], [ 2695067.923700001090765, 1264690.173799999058 ], [ 2694960.368700001388788, 1264355.556500002741814 ], [ 2694978.047823163215071, 1264314.849960670107976 ], [ 2695001.0073, 1264261.985299997031689 ], [ 2695762.13399999961, 1264420.892800003290176 ], [ 2695784.359533472452313, 1264414.27483677957207 ], [ 2695784.772399999201, 1264414.1519 ], [ 2696797.47599999979, 1264275.627700001001358 ], [ 2696852.12910160748288, 1264267.358517854474485 ], [ 2696852.258099999279, 1264267.339000001549721 ], [ 2697258.303599998354912, 1264109.774599999189 ], [ 2697576.642470878083259, 1264281.558856692165136 ], [ 2697785.888799998909235, 1264337.119499996304512 ], [ 2697786.463820271193981, 1264339.540730483597144 ], [ 2697787.8519, 1264345.385499998927116 ], [ 2697704.434300001710653, 1264690.510899998247623 ], [ 2697692.087596802506596, 1264815.492785931564867 ], [ 2697690.1409, 1264835.198600001633167 ], [ 2698323.0537, 1265393.199600003659725 ], [ 2698466.601300001144409, 1265890.865500003099442 ], [ 2698874.902399998158216, 1266244.692699998617172 ], [ 2698853.898200001567602, 1266689.991300001507625 ], [ 2699100.647700001019984, 1267194.100000001490116 ], [ 2699976.361000001430511, 1267086.534100003540516 ], [ 2700668.246599998325109, 1266792.763199999928 ], [ 2700711.925900001078844, 1266440.882899999619 ], [ 2701408.873399998992682, 1265706.774599999189 ], [ 2700938.928899999708, 1265370.770400002598763 ], [ 2700935.415399998426437, 1265365.514699999243 ], [ 2700925.946499999613, 1265350.838600002229214 ], [ 2700317.6332, 1265133.8143 ], [ 2700057.669199999422, 1264193.46 ], [ 2700060.796117166057229, 1264186.975194632308558 ], [ 2700060.86419999972, 1264186.833999998867512 ], [ 2700200.442899998277426, 1264079.989600002765656 ], [ 2700208.900461129844189, 1264076.835585256107152 ], [ 2700216.760499998927116, 1264073.904399998486042 ], [ 2700433.62950000166893, 1263908.501199997961521 ], [ 2700436.571454290766269, 1263909.892537830630317 ], [ 2700436.915399998426437, 1263910.055200003087521 ], [ 2700640.234299998730421, 1263545.884499996900558 ], [ 2701250.77479999885, 1263617.001900002360344 ], [ 2701696.335499998182058, 1263183.407700002193451 ], [ 2702312.91270000115037, 1263358.027000002563 ], [ 2702509.326699998229742, 1263107.44200000166893 ], [ 2701265.27760000154376, 1262604.407300002872944 ], [ 2700976.043499998748302, 1262162.218599997693673 ], [ 2701342.322, 1261840.271499998867512 ], [ 2701226.098700001835823, 1261577.274400003254414 ], [ 2701790.33099999977, 1261321.602200001711026 ], [ 2701789.76799999923, 1261308.5031 ], [ 2701790.974899999797, 1261309.225299999118 ], [ 2702008.939699999988, 1261034.946900002891198 ], [ 2702955.23959999904, 1261058.126000002026558 ], [ 2703314.6924, 1260750.096199996769428 ], [ 2703164.252199999988, 1260261.227300003170967 ], [ 2703024.749499998986721, 1259814.337499998509884 ], [ 2703056.253282153047621, 1259778.877495134016499 ], [ 2703056.6202, 1259778.464500002563 ], [ 2703330.844700001180172, 1259234.688600003486499 ], [ 2702764.358600001782179, 1259119.587399996817112 ], [ 2702396.5126, 1258796.554300002753735 ], [ 2702282.954100001603365, 1258349.712099999189 ], [ 2701431.060400001704693, 1257827.150799997150898 ], [ 2701372.207360698375851, 1257834.148292172932997 ], [ 2701371.496599998325109, 1257834.232799999416 ], [ 2700532.697500001639128, 1257332.5185 ], [ 2699780.859000001102686, 1257559.841399997705594 ], [ 2699762.896599655970931, 1257572.57936844159849 ], [ 2699762.683200001716614, 1257572.730700001120567 ], [ 2699741.566799998283386, 1257518.74040000140667 ], [ 2699215.181499999017, 1258386.411899998784065 ], [ 2699206.159214953891933, 1258387.819514178438112 ], [ 2699206.03559999913, 1258387.838799998164177 ], [ 2698818.527199998497963, 1257628.020599998300895 ], [ 2698226.471900001168251, 1257780.8671 ], [ 2698225.81434918101877, 1257780.993754395516589 ], [ 2698217.333999998867512, 1257782.627199999988 ], [ 2697784.5229, 1257766.611599996685982 ], [ 2697712.798399999738, 1257288.736100003123283 ], [ 2697293.575940325390548, 1257560.878235875163227 ] ] ] } },
{ "type": "Feature", "properties": { "GEBIET_HIST_C": 10363.0, "GEBIET_C": 158.0, "GEBIET_N": "Stäfa", "ART_C": 1.0, "ART_N": "Gemeinde", "PARENT_HIST_C": 10077.0, "PARENT_ART_C": 8.0, "VON": "1986\/01\/01", "BIS": "2999\/12\/31" }, "geometry": { "type": "Polygon", "coordinates": [ [ [ 2696052.227200001478195, 1233556.084600001573563 ], [ 2696613.794399999082, 1234617.642800003290176 ], [ 2696486.466099999845, 1235688.502899996936321 ], [ 2697222.776099998503923, 1235327.264399997889996 ], [ 2697724.30180000141263, 1235310.800700001418591 ], [ 2697870.083700001239777, 1235021.1809 ], [ 2698290.255199998617172, 1234976.8946999982 ], [ 2698819.359000001102686, 1234206.082699999213 ], [ 2699334.127999998629093, 1233826.171400003135204 ], [ 2700024.664700001478195, 1233109.360799998044968 ], [ 2700304.0315, 1233175.461800001561642 ], [ 2700637.583799999207, 1232440.021799996495247 ], [ 2701141.746199999005, 1232371.2034 ], [ 2699826.651, 1232278.94820000231266 ], [ 2698763.7769, 1232334.972000002861023 ], [ 2698313.237199999392, 1232216.570100001990795 ], [ 2697472.782699998468161, 1232666.290600001811981 ], [ 2696672.584699999541, 1232858.760799996554852 ], [ 2696052.227200001478195, 1233556.084600001573563 ] ] ] } },
{ "type": "Feature", "properties": { "GEBIET_HIST_C": 10365.0, "GEBIET_C": 43.0, "GEBIET_N": "Volken", "ART_C": 1.0, "ART_N": "Gemeinde", "PARENT_HIST_C": 10082.0, "PARENT_ART_C": 8.0, "VON": "1960\/01\/01", "BIS": "2999\/12\/31" }, "geometry": { "type": "Polygon", "coordinates": [ [ [ 2691060.913499999791, 1271320.035999998450279 ], [ 2690681.016899999231, 1271058.2848 ], [ 2690714.135299999267, 1270777.0495000036899 ], [ 2690245.875799998175353, 1270620.43299999833 ], [ 2689971.816399998962879, 1269655.251500003039837 ], [ 2690110.5614, 1269388.5502 ], [ 2689738.1422, 1268959.7971 ], [ 2688692.477200001478195, 1269111.537100002169609 ], [ 2688366.804000001400709, 1269260.517599999905 ], [ 2688532.455699998885393, 1269695.04089999944 ], [ 2688879.951799999923, 1269710.085500001907349 ], [ 2688966.954, 1270607.815700002014637 ], [ 2689653.960200001019984, 1271243.067900002002716 ], [ 2690492.160500001162291, 1271441.880099996924 ], [ 2691060.913499999791, 1271320.035999998450279 ] ] ] } },
{ "type": "Feature", "properties": { "GEBIET_HIST_C": 10368.0, "GEBIET_C": 199.0, "GEBIET_N": "Volketswil", "ART_C": 1.0, "ART_N": "Gemeinde", "PARENT_HIST_C": 10075.0, "PARENT_ART_C": 8.0, "VON": "1960\/01\/01", "BIS": "2999\/12\/31" }, "geometry": { "type": "Polygon", "coordinates": [ [ [ 2697571.922299999744, 1250023.5511 ], [ 2697202.432, 1249266.761399999261 ], [ 2697428.5106, 1248729.6422 ], [ 2697090.071699999273, 1248268.3869 ], [ 2696618.991099998354912, 1248021.68219999969 ], [ 2695449.11199999973, 1248883.547499999404 ], [ 2694952.113099999726, 1248628.406999997794628 ], [ 2694558.42399999872, 1248729.511799998581409 ], [ 2693564.697999998927116, 1247796.162399999797 ], [ 2692845.988200001418591, 1248344.934299997985363 ], [ 2692459.288499999791, 1248622.716799996793 ], [ 2692182.09259999916, 1249061.111100003123283 ], [ 2692202.315200001001358, 1249743.648900002241135 ], [ 2691541.191599998623133, 1249873.318000003695488 ], [ 2691667.2364, 1250123.014799997210503 ], [ 2692815.4459, 1251221.98030000180006 ], [ 2693007.927000001072884, 1251556.240099996328354 ], [ 2692907.2857, 1252252.053199999034 ], [ 2693097.064199998975, 1252362.691200003027916 ], [ 2693428.617199998348951, 1251989.843199997907504 ], [ 2693898.729400001466274, 1252027.199299998581409 ], [ 2694337.3321999982, 1251425.779600002104416 ], [ 2694874.81819999963, 1251333.631499998504296 ], [ 2695546.492199998348951, 1250647.79900000244379 ], [ 2697571.922299999744, 1250023.5511 ] ] ] } },
{ "type": "Feature", "properties": { "GEBIET_HIST_C": 10383.0, "GEBIET_C": 100.0, "GEBIET_N": "Stadel", "ART_C": 1.0, "ART_N": "Gemeinde", "PARENT_HIST_C": 10080.0, "PARENT_ART_C": 8.0, "VON": "1960\/01\/01", "BIS": "2999\/12\/31" }, "geometry": { "type": "Polygon", "coordinates": [ [ [ 2679921.0876, 1266335.641000002622604 ], [ 2679544.8044, 1266104.488899998366833 ], [ 2679694.3066, 1265510.787 ], [ 2679219.539599999785, 1264957.282399997115135 ], [ 2679205.561, 1264665.536899998784065 ], [ 2679078.2947, 1264112.116800002753735 ], [ 2678426.979400001466274, 1264119.9089 ], [ 2677453.181400001049042, 1263905.724600002169609 ], [ 2677044.62519999966, 1263211.087700001895428 ], [ 2676833.707299999893, 1263530.4173 ], [ 2676395.546300001442432, 1263694.30719999969 ], [ 2676276.684500001370907, 1264433.2025 ], [ 2675944.4122, 1264736.886299997568 ], [ 2675397.203299999237, 1265558.998800002038479 ], [ 2675444.763099998235703, 1265743.719899997115135 ], [ 2675853.41, 1265813.690099999309 ], [ 2676556.121399998664856, 1266977.322400003671646 ], [ 2676579.8792, 1267998.023999996483326 ], [ 2676909.634199999273, 1267730.949199996888638 ], [ 2677717.299499999732, 1268198.7452 ], [ 2677839.67669999972, 1267799.1545 ], [ 2678290.399199999869, 1267682.483900003135204 ], [ 2679174.967099998146296, 1267214.145400002598763 ], [ 2679921.0876, 1266335.641000002622604 ] ] ] } },
{ "type": "Feature", "properties": { "GEBIET_HIST_C": 10389.0, "GEBIET_C": 180.0, "GEBIET_N": "Weisslingen", "ART_C": 1.0, "ART_N": "Gemeinde", "PARENT_HIST_C": 10076.0, "PARENT_ART_C": 8.0, "VON": "1960\/01\/01", "BIS": "2999\/12\/31" }, "geometry": { "type": "Polygon", "coordinates": [ [ [ 2702941.000100001692772, 1254229.3662 ], [ 2703013.927499998360872, 1253580.190700002014637 ], [ 2702802.0251, 1253328.555 ], [ 2702239.438900001347065, 1253203.8068 ], [ 2701442.871399998664856, 1252654.66499999911 ], [ 2701323.7188, 1252265.701700001955032 ], [ 2700695.728100001811981, 1251891.904700003564358 ], [ 2700461.41059999913, 1252107.355499997502193 ], [ 2699942.576499998569489, 1252002.241800002753735 ], [ 2699256.620000001043081, 1252139.737099997699261 ], [ 2699159.776099998503923, 1252685.40399999917 ], [ 2698816.35020000115037, 1253107.154700003564358 ], [ 2698625.5885, 1253727.339900002116337 ], [ 2698938.559, 1254481.991099998354912 ], [ 2698665.2456, 1255080.42159999907 ], [ 2699058.082400001585484, 1255460.131899997591972 ], [ 2699480.117699999362, 1255603.316299997270107 ], [ 2700113.1596, 1255484.2584 ], [ 2700664.991999998688698, 1255969.421300001442432 ], [ 2700646.064599998295307, 1256916.438100002706051 ], [ 2701783.71229999885, 1256516.295299999416 ], [ 2701575.6666, 1255537.207999996840954 ], [ 2701718.110599998384714, 1255231.130500003695488 ], [ 2702189.3317, 1255190.117799997096881 ], [ 2702593.348700001835823, 1254473.618299998342991 ], [ 2702941.000100001692772, 1254229.3662 ] ] ] } },
{ "type": "Feature", "properties": { "GEBIET_HIST_C": 10443.0, "GEBIET_C": 70.0, "GEBIET_N": "Wasterkingen", "ART_C": 1.0, "ART_N": "Gemeinde", "PARENT_HIST_C": 10081.0, "PARENT_ART_C": 8.0, "VON": "1960\/01\/01", "BIS": "2999\/12\/31" }, "geometry": { "type": "Polygon", "coordinates": [ [ [ 2678673.4648, 1273205.29399999976 ], [ 2678263.35020000115037, 1272496.702100001275539 ], [ 2678696.4765, 1271453.823700003093109 ], [ 2678881.3585, 1271274.371799997985363 ], [ 2678415.203499998897314, 1271021.664599999785 ], [ 2677350.956399999559, 1270901.115099996328354 ], [ 2677191.500599998980761, 1271315.748800002038479 ], [ 2676868.0588, 1271353.507799997925758 ], [ 2676914.9646, 1271831.263800002634525 ], [ 2676592.517, 1272351.339100003242493 ], [ 2676559.53660000115633, 1272899.972199998795986 ], [ 2677082.094099998474121, 1272901.031499996781349 ], [ 2677448.672499999404, 1273083.1567 ], [ 2678135.7738, 1273849.015199996298179 ], [ 2678673.4648, 1273205.29399999976 ] ] ] } },
{ "type": "Feature", "properties": { "GEBIET_HIST_C": 10448.0, "GEBIET_C": 102.0, "GEBIET_N": "Weiach", "ART_C": 1.0, "ART_N": "Gemeinde", "PARENT_HIST_C": 10080.0, "PARENT_ART_C": 8.0, "VON": "1960\/01\/01", "BIS": "2999\/12\/31" }, "geometry": { "type": "Polygon", "coordinates": [ [ [ 2677167.827899999917, 1269557.5515 ], [ 2677488.2619, 1268687.4274 ], [ 2677188.267399999779, 1268336.274999998509884 ], [ 2676579.8792, 1267998.023999996483326 ], [ 2676556.121399998664856, 1266977.322400003671646 ], [ 2675853.41, 1265813.690099999309 ], [ 2675444.763099998235703, 1265743.719899997115135 ], [ 2675000.602000001817942, 1265631.7773 ], [ 2674034.9296, 1266622.602300003170967 ], [ 2673683.689199998975, 1266588.390199996298179 ], [ 2673459.635299999267, 1267283.893799998098984 ], [ 2673758.331500001251698, 1268731.460900001227856 ], [ 2674276.783799998462, 1269039.590999998152256 ], [ 2674889.98930000141263, 1268911.678400002419949 ], [ 2675306.1204, 1269013.482100002467632 ], [ 2676630.607500001788139, 1269581.134900003671646 ], [ 2677167.827899999917, 1269557.5515 ] ] ] } },
{ "type": "Feature", "properties": { "GEBIET_HIST_C": 10451.0, "GEBIET_C": 69.0, "GEBIET_N": "Wallisellen", "ART_C": 1.0, "ART_N": "Gemeinde", "PARENT_HIST_C": 10081.0, "PARENT_ART_C": 8.0, "VON": "1960\/01\/01", "BIS": "2999\/12\/31" }, "geometry": { "type": "Polygon", "coordinates": [ [ [ 2689082.538899999112, 1251392.480800002813339 ], [ 2688247.0984, 1251313.658699996769428 ], [ 2687833.2828, 1250965.752300001680851 ], [ 2687446.750100001692772, 1251220.777900002896786 ], [ 2686755.615600001066923, 1251428.8473 ], [ 2686717.320199999958, 1251441.1343 ], [ 2685609.991, 1251802.834700003266335 ], [ 2685593.260000001639128, 1251822.130800001090392 ], [ 2685650.279199998825788, 1252756.041900001699105 ], [ 2686013.8174, 1253185.2637 ], [ 2686459.952399998903275, 1253085.154399998486042 ], [ 2686974.5982, 1253775.654700003564358 ], [ 2687065.1543, 1254527.898000001907349 ], [ 2687321.860399998724461, 1254548.037399999797 ], [ 2687726.9811, 1254448.969400003552437 ], [ 2687857.454199999571, 1253235.577899999917 ], [ 2688486.9037000015378, 1252579.3526 ], [ 2689082.538899999112, 1251392.480800002813339 ] ] ] } },
{ "type": "Feature", "properties": { "GEBIET_HIST_C": 10455.0, "GEBIET_C": 142.0, "GEBIET_N": "Wädenswil", "ART_C": 1.0, "ART_N": "Gemeinde", "PARENT_HIST_C": 10078.0, "PARENT_ART_C": 8.0, "VON": "1960\/01\/01", "BIS": "2018\/12\/31" }, "geometry": { "type": "Polygon", "coordinates": [ [ [ 2693754.711899999529, 1231499.457599997520447 ], [ 2694826.882699999958, 1230665.129 ], [ 2694249.024599999189, 1229993.597000002861023 ], [ 2694338.154899999499, 1229444.321900002891198 ], [ 2694005.6677, 1229307.725299999118 ], [ 2693896.757599998265505, 1228936.320600003004074 ], [ 2693337.1193, 1228534.578100003302097 ], [ 2693028.992600001394749, 1228423.698600001633167 ], [ 2691872.690900001674891, 1229237.757600001990795 ], [ 2691246.7857, 1229252.282399997115135 ], [ 2690914.995799999684, 1229730.393299996852875 ], [ 2690115.385299999267, 1229803.115099996328354 ], [ 2689250.025199998170137, 1230880.9173 ], [ 2689792.4166, 1231705.911700002849102 ], [ 2689752.432500001043081, 1232348.041799999774 ], [ 2690169.049499999732, 1232572.3596 ], [ 2690431.622900001704693, 1233202.188900001114234 ], [ 2690001.255199998617172, 1234063.750200003385544 ], [ 2690575.1831, 1233860.817100003361702 ], [ 2691146.739799998700619, 1234148.215599998831749 ], [ 2691854.3244, 1233807.270900003612041 ], [ 2692510.737799998372793, 1232694.664700001711026 ], [ 2693185.109000001102686, 1232090.254 ], [ 2693620.833999998867512, 1231838.257899999619 ], [ 2693754.711899999529, 1231499.457599997520447 ] ] ] } },
{ "type": "Feature", "properties": { "GEBIET_HIST_C": 10459.0, "GEBIET_C": 120.0, "GEBIET_N": "Wald (ZH)", "ART_C": 1.0, "ART_N": "Gemeinde", "PARENT_HIST_C": 10079.0, "PARENT_ART_C": 8.0, "VON": "1960\/01\/01", "BIS": "2999\/12\/31" }, "geometry": { "type": "Polygon", "coordinates": [ [ [ 2716175.408100001513958, 1240719.807300001382828 ], [ 2715374.4646, 1240618.089100003242493 ], [ 2714784.850900001823902, 1240373.678900003433228 ], [ 2714209.942299999297, 1239018.538599997758865 ], [ 2713213.0997, 1238655.764600001275539 ], [ 2713620.6618, 1238139.309299997985363 ], [ 2713863.0328, 1237613.9776 ], [ 2714211.149599999189, 1237631.136399999261 ], [ 2714139.181200001388788, 1237103.487400002777576 ], [ 2713687.9747, 1236774.670100003713742 ], [ 2713835.805199999362, 1236255.613899998366833 ], [ 2713448.2254, 1235903.137900002300739 ], [ 2713109.116599999368, 1235295.943999998504296 ], [ 2712751.8515, 1235288.842 ], [ 2711265.615200001746416, 1234764.604699999094 ], [ 2710999.515, 1234898.083800002932549 ], [ 2709500.832899998873472, 1234553.292999997502193 ], [ 2709966.5819, 1235015.9921 ], [ 2709868.4725, 1235266.039300002157688 ], [ 2710395.1886, 1235468.366700001060963 ], [ 2710406.787, 1235738.485 ], [ 2710972.265, 1235898.508299998939037 ], [ 2710981.376200001686811, 1236434.878700003027916 ], [ 2710579.58729999885, 1236410.136399999261 ], [ 2710413.429499998688698, 1236738.937799997627735 ], [ 2709887.186999998986721, 1236522.045400001108646 ], [ 2709851.748399998992682, 1237443.869000002741814 ], [ 2709976.2333, 1237648.614500001072884 ], [ 2709888.501499999315, 1238617.518799998098984 ], [ 2709473.7236, 1239429.981299996376038 ], [ 2709588.9265, 1239853.98030000180006 ], [ 2709931.56700000166893, 1240194.099799998104572 ], [ 2709991.011799998581409, 1240716.589000001549721 ], [ 2711004.667100001126528, 1240694.07940000295639 ], [ 2711237.901999998837709, 1241004.226899996399879 ], [ 2711727.0104, 1241197.982 ], [ 2712453.739999998360872, 1241149.808799996972084 ], [ 2712634.0357, 1241466.164499998092651 ], [ 2714449.480799999088, 1241355.372500002384186 ], [ 2714691.5885, 1241224.177699998021126 ], [ 2715301.620000001043081, 1241274.321099996566772 ], [ 2716175.408100001513958, 1240719.807300001382828 ] ] ] } },
{ "type": "Feature", "properties": { "GEBIET_HIST_C": 10467.0, "GEBIET_C": 44.0, "GEBIET_N": "Waltalingen", "ART_C": 1.0, "ART_N": "Gemeinde", "PARENT_HIST_C": 10082.0, "PARENT_ART_C": 8.0, "VON": "1960\/01\/01", "BIS": "2018\/12\/31" }, "geometry": { "type": "Polygon", "coordinates": [ [ [ 2700805.180799998342991, 1276159.723399996757507 ], [ 2700873.307100001722574, 1275704.537299998104572 ], [ 2701584.204899999779, 1274666.664099998772144 ], [ 2701447.4338, 1274078.910499997437 ], [ 2700809.409499999136, 1274418.855400003492832 ], [ 2700061.99599999934, 1274673.276100002229214 ], [ 2699501.679900001734495, 1274995.8636 ], [ 2699070.719599999487, 1274844.886100001633167 ], [ 2698545.939199998975, 1275337.434399999678 ], [ 2698931.543699998408556, 1275605.991400003433228 ], [ 2698712.264199998229742, 1276106.106700003147125 ], [ 2698159.906399998813868, 1276029.563299998641014 ], [ 2698136.8592, 1276827.725000001490116 ], [ 2698336.970699999481, 1277262.705799996852875 ], [ 2698407.137099999934, 1277502.241999998688698 ], [ 2698930.370900001376867, 1277647.544799998402596 ], [ 2699648.435499999672, 1278413.989500001072884 ], [ 2699816.164900001138449, 1277988.5735 ], [ 2700292.704399999231, 1277785.2148 ], [ 2700392.784000001847744, 1276640.623000003397465 ], [ 2700805.180799998342991, 1276159.723399996757507 ] ] ] } },
{ "type": "Feature", "properties": { "GEBIET_HIST_C": 10563.0, "GEBIET_C": 39.0, "GEBIET_N": "Thalheim an der Thur", "ART_C": 1.0, "ART_N": "Gemeinde", "PARENT_HIST_C": 10082.0, "PARENT_ART_C": 8.0, "VON": "1960\/01\/01", "BIS": "2999\/12\/31" }, "geometry": { "type": "Polygon", "coordinates": [ [ [ 2698499.998199999332, 1272112.513099998235703 ], [ 2699531.3946, 1272190.568000003695488 ], [ 2699500.2399, 1271853.224 ], [ 2699789.471900001168251, 1270776.004699997603893 ], [ 2699623.525699999183, 1270225.07699999958 ], [ 2700078.534400001168251, 1269326.965099997818 ], [ 2699581.3682, 1269359.960799999535 ], [ 2699231.127399999648, 1269737.653399996459484 ], [ 2698969.0236, 1269683.296300001442432 ], [ 2698668.720400001853704, 1270157.218299999833 ], [ 2698332.304699998348951, 1270083.8548 ], [ 2698077.947299998253584, 1269696.906900003552437 ], [ 2697488.7104, 1270228.999799996614456 ], [ 2697096.401999998837709, 1270735.071199998492375 ], [ 2696271.885499998927116, 1271526.488799996906891 ], [ 2696798.2892, 1271968.139899998903275 ], [ 2696839.7573, 1272510.009000003105029 ], [ 2697263.4791, 1272587.924999997019768 ], [ 2697436.1052, 1272011.766000002622604 ], [ 2697806.412, 1271621.421099998056889 ], [ 2698499.998199999332, 1272112.513099998235703 ] ] ] } },
{ "type": "Feature", "properties": { "GEBIET_HIST_C": 10575.0, "GEBIET_C": 13.0, "GEBIET_N": "Stallikon", "ART_C": 1.0, "ART_N": "Gemeinde", "PARENT_HIST_C": 10053.0, "PARENT_ART_C": 8.0, "VON": "1960\/01\/01", "BIS": "2999\/12\/31" }, "geometry": { "type": "Polygon", "coordinates": [ [ [ 2679208.535999998450279, 1245176.427299998700619 ], [ 2680063.667899999768, 1244294.300700001418591 ], [ 2679985.2947, 1244043.768799998098984 ], [ 2680368.7696999982, 1243377.261299997568 ], [ 2680282.7989, 1241865.96299999952 ], [ 2680480.664500001817942, 1241583.6523 ], [ 2680718.034000001847744, 1240696.153499998152256 ], [ 2681021.550099998713, 1240305.88000000291504 ], [ 2680799.935499999672, 1239934.382700003683567 ], [ 2680944.318599998950958, 1239610.729500003159046 ], [ 2680774.717500001192093, 1239271.278399996459484 ], [ 2680996.311700001824647, 1237922.349200002849102 ], [ 2680806.127999998629093, 1237763.417999997502193 ], [ 2680533.985100001096725, 1237759.88740000128746 ], [ 2679937.55970000103116, 1238332.9512 ], [ 2679192.074799999595, 1238541.29659999907 ], [ 2679074.568599998950958, 1238107.586400002241135 ], [ 2678570.5951, 1238076.612099997699261 ], [ 2678523.145199999213, 1238539.934799998998642 ], [ 2678971.620099999011, 1238997.484800003701821 ], [ 2678780.526099998503923, 1239698.742399998009205 ], [ 2679005.7124, 1240576.915600001811981 ], [ 2679007.686900001019239, 1241960.090400002896786 ], [ 2679027.850499998778105, 1242736.232100002467632 ], [ 2678930.7038, 1243444.1199999971 ], [ 2677873.421999998390675, 1244659.888199999928 ], [ 2677856.8946999982, 1244913.021899998188019 ], [ 2678289.014499999583, 1245278.283399999142 ], [ 2678666.099399998784065, 1245395.832500003278255 ], [ 2679208.535999998450279, 1245176.427299998700619 ] ] ] } },
{ "type": "Feature", "properties": { "GEBIET_HIST_C": 10596.0, "GEBIET_C": 179.0, "GEBIET_N": "Sternenberg", "ART_C": 1.0, "ART_N": "Gemeinde", "PARENT_HIST_C": 10076.0, "PARENT_ART_C": 8.0, "VON": "1960\/01\/01", "BIS": "2014\/12\/31" }, "geometry": { "type": "Polygon", "coordinates": [ [ [ 2710773.194899998605251, 1251095.679899998009205 ], [ 2711875.9514, 1250910.0515 ], [ 2712282.759799998253584, 1250623.533299997448921 ], [ 2712737.278799999505, 1250032.94820000231266 ], [ 2713474.321600001305342, 1249585.346799999708 ], [ 2713634.931499999017, 1249194.92790000140667 ], [ 2713390.461699999869, 1248785.705200001597404 ], [ 2713652.300900001078844, 1248312.008299998939037 ], [ 2713436.736200001090765, 1248169.132200002903119 ], [ 2712224.961199998855591, 1248378.466499999166 ], [ 2711797.9989, 1248248.382600001990795 ], [ 2711020.321400001645088, 1248299.516099996864796 ], [ 2710460.1497, 1248859.354299999774 ], [ 2710040.823899999261, 1248815.400600001215935 ], [ 2709917.736299999058, 1249329.063799999654 ], [ 2709145.142799999565, 1250084.13570000231266 ], [ 2709330.748199999332, 1250613.003600001102313 ], [ 2709795.959600001573563, 1251093.351800002157688 ], [ 2710222.449700001627207, 1250748.077100001275539 ], [ 2710773.194899998605251, 1251095.679899998009205 ] ] ] } },
{ "type": "Feature", "properties": { "GEBIET_HIST_C": 10597.0, "GEBIET_C": 101.0, "GEBIET_N": "Steinmaur", "ART_C": 1.0, "ART_N": "Gemeinde", "PARENT_HIST_C": 10080.0, "PARENT_ART_C": 8.0, "VON": "1960\/01\/01", "BIS": "2999\/12\/31" }, "geometry": { "type": "Polygon", "coordinates": [ [ [ 2676513.9261, 1262759.217100002104416 ], [ 2676829.654800001531839, 1262264.4428 ], [ 2677318.53770000115037, 1262084.69319999963 ], [ 2677475.934, 1261242.416699998081 ], [ 2677368.839000001549721, 1260882.3592 ], [ 2678292.1576, 1260817.199500001966953 ], [ 2678149.683600001037121, 1260563.703900001943111 ], [ 2678150.042399998754263, 1260375.911700002849102 ], [ 2676679.622499998658895, 1260291.102300003170967 ], [ 2675992.9087, 1259757.987400002777576 ], [ 2675904.336399998515844, 1259894.802699998021126 ], [ 2675123.264199998229742, 1259620.0269 ], [ 2674371.0282, 1259521.500299997627735 ], [ 2673281.2905, 1259509.350699998438358 ], [ 2673478.4626, 1259904.715800002217293 ], [ 2674265.0249, 1260352.641000002622604 ], [ 2674731.021000001579523, 1261319.697800002992153 ], [ 2674658.657299999148, 1262138.204999998211861 ], [ 2674302.396699998527765, 1262596.024099998176098 ], [ 2673970.624899998307228, 1262699.9239 ], [ 2674130.477200001478195, 1263534.315200001001358 ], [ 2674653.454100001603365, 1262831.993100002408028 ], [ 2675235.960499998182058, 1263048.927100002765656 ], [ 2675448.7144, 1262915.514799997210503 ], [ 2675928.9912, 1263203.0242 ], [ 2676125.017, 1262816.3856 ], [ 2676513.9261, 1262759.217100002104416 ] ] ] } },
{ "type": "Feature", "properties": { "GEBIET_HIST_C": 10691.0, "GEBIET_C": 141.0, "GEBIET_N": "Thalwil", "ART_C": 1.0, "ART_N": "Gemeinde", "PARENT_HIST_C": 10078.0, "PARENT_ART_C": 8.0, "VON": "1960\/01\/01", "BIS": "2999\/12\/31" }, "geometry": { "type": "Polygon", "coordinates": [ [ [ 2686328.911400001496077, 1237455.728100001811981 ], [ 2686255.9778, 1237400.981600001687184 ], [ 2686131.385899998247623, 1237391.867499999702 ], [ 2684423.588799998164177, 1236358.107299998402596 ], [ 2684148.0951, 1236356.213399998844 ], [ 2684149.466499999166, 1236989.515100002288818 ], [ 2683527.277800001204014, 1237435.2989 ], [ 2683706.885200001299381, 1237781.184500001370907 ], [ 2683480.3735, 1238646.758100003004074 ], [ 2683942.442699998617172, 1238934.262900002300739 ], [ 2684163.687800001818687, 1239395.515100002288818 ], [ 2684913.002300001680851, 1239649.979400001699105 ], [ 2685836.918000001460314, 1238399.216300003230572 ], [ 2686328.911400001496077, 1237455.728100001811981 ] ] ] } },
{ "type": "Feature", "properties": { "GEBIET_HIST_C": 10845.0, "GEBIET_C": 42.0, "GEBIET_N": "Unterstammheim", "ART_C": 1.0, "ART_N": "Gemeinde", "PARENT_HIST_C": 10082.0, "PARENT_ART_C": 8.0, "VON": "1960\/01\/01", "BIS": "2018\/12\/31" }, "geometry": { "type": "Polygon", "coordinates": [ [ [ 2703388.738400001078844, 1278565.20199999958 ], [ 2703065.792199999094, 1278160.826700001955032 ], [ 2702336.938000001013279, 1277846.081200003623962 ], [ 2702308.577799998223782, 1277613.682599999011 ], [ 2701540.057500001043081, 1276374.943599998950958 ], [ 2700805.180799998342991, 1276159.723399996757507 ], [ 2700392.784000001847744, 1276640.623000003397465 ], [ 2700292.704399999231, 1277785.2148 ], [ 2699816.164900001138449, 1277988.5735 ], [ 2699648.435499999672, 1278413.989500001072884 ], [ 2699924.263599999249, 1278570.656800002092496 ], [ 2700495.856899999082, 1278433.433300003409386 ], [ 2701176.8858, 1279137.750699996948242 ], [ 2701392.0471, 1280285.613300003111362 ], [ 2702550.798599999398, 1280281.3671 ], [ 2702643.204300001263618, 1278847.114 ], [ 2703388.738400001078844, 1278565.20199999958 ] ] ] } },
{ "type": "Feature", "properties": { "GEBIET_HIST_C": 10857.0, "GEBIET_C": 228.0, "GEBIET_N": "Turbenthal", "ART_C": 1.0, "ART_N": "Gemeinde", "PARENT_HIST_C": 10074.0, "PARENT_ART_C": 8.0, "VON": "1960\/01\/01", "BIS": "2999\/12\/31" }, "geometry": { "type": "Polygon", "coordinates": [ [ [ 2710575.004799999297, 1251203.758500002324581 ], [ 2710041.7386, 1251108.135399997234344 ], [ 2709225.2476, 1251723.254799999297 ], [ 2709044.6019, 1252139.764600001275539 ], [ 2708639.609900001436472, 1251901.7148 ], [ 2707298.2542, 1251881.8671 ], [ 2706816.893499999773, 1252268.0357 ], [ 2706994.984799999744, 1252658.160099997883663 ], [ 2707612.081399999559, 1252681.010200001299381 ], [ 2707889.113400001078844, 1253230.079499997198582 ], [ 2707534.961599998176098, 1253362.459700003266335 ], [ 2706697.038600001484156, 1253256.648500002920628 ], [ 2706609.047699999064, 1253886.203900001943111 ], [ 2706195.474399998784065, 1253870.449199996888638 ], [ 2705893.612599998713, 1254432.145900003612041 ], [ 2705986.860599998384714, 1254919.814900003373623 ], [ 2705716.87519999966, 1255356.496200002729893 ], [ 2705013.885200001299381, 1255308.299999997019768 ], [ 2705238.070399999619, 1256006.67599999905 ], [ 2705777.760200001299381, 1256314.600500002503395 ], [ 2705818.072, 1256617.47860000282526 ], [ 2706236.4184, 1257097.541900001699105 ], [ 2706710.7375, 1256856.960600003600121 ], [ 2706964.706300001591444, 1257388.330099999905 ], [ 2707266.209600001573563, 1257449.960299998288974 ], [ 2707029.446199998259544, 1257025.608400001889095 ], [ 2707201.979699999094, 1256457.108000002801418 ], [ 2708276.8273, 1256757.409400001168251 ], [ 2708613.295200001448393, 1256316.990699999034 ], [ 2708884.016899999231, 1256291.415200002491474 ], [ 2708905.741099998354912, 1257179.298299998044968 ], [ 2709543.9514, 1257454.263800002634525 ], [ 2709719.461699999869, 1258002.9855 ], [ 2709871.040600001811981, 1257529.402800001204014 ], [ 2710225.707600001245737, 1257005.440700002014637 ], [ 2710720.405799999833, 1256602.714100003242493 ], [ 2710891.167399998754263, 1256254.128899998962879 ], [ 2710421.181299999356, 1255857.429700002074242 ], [ 2710746.50569999963, 1255257.1488 ], [ 2711078.447799999267, 1255020.355499997502193 ], [ 2711873.127099998295307, 1254843.373499996960163 ], [ 2712586.969799999148, 1254904.590999998152256 ], [ 2712512.782200001180172, 1254489.7408 ], [ 2711910.765500001609325, 1254634.656199999154 ], [ 2711273.989, 1254460.237899996340275 ], [ 2711357.723799999803, 1254038.367299996316433 ], [ 2711105.2353, 1253571.737999998033047 ], [ 2711319.0097, 1252964.7126 ], [ 2711243.522399999201, 1252381.246799997985363 ], [ 2710646.027699999511, 1251478.20440000295639 ], [ 2710575.004799999297, 1251203.758500002324581 ] ] ] } },
{ "type": "Feature", "properties": { "GEBIET_HIST_C": 10898.0, "GEBIET_C": 40.0, "GEBIET_N": "Trüllikon", "ART_C": 1.0, "ART_N": "Gemeinde", "PARENT_HIST_C": 10082.0, "PARENT_ART_C": 8.0, "VON": "1960\/01\/01", "BIS": "2999\/12\/31" }, "geometry": { "type": "Polygon", "coordinates": [ [ [ 2693048.771899998188019, 1280199.714500002563 ], [ 2693196.270899999887, 1279516.30099999905 ], [ 2693764.635699998587, 1278847.7659 ], [ 2693870.1629, 1278456.9283 ], [ 2694651.278599999845, 1278210.329000003635883 ], [ 2695452.863200001418591, 1277582.155900001525879 ], [ 2695845.943599998950958, 1277859.4142 ], [ 2696078.8136, 1277577.0203 ], [ 2696191.561599999666, 1277261.9014 ], [ 2695748.303399998694658, 1276725.981899999082 ], [ 2695112.504599999636, 1276755.4217 ], [ 2694843.256900001317263, 1276191.30189999938 ], [ 2693946.714000001549721, 1275895.514799997210503 ], [ 2693210.913499999791, 1276228.894100002944469 ], [ 2692328.6072, 1276129.6325 ], [ 2692353.745499998331, 1276506.425800003111362 ], [ 2691529.016800001263618, 1277336.007600001990795 ], [ 2691898.154699999839, 1277565.966099999845 ], [ 2691981.881299998611212, 1277955.069799996912479 ], [ 2692502.9536, 1278535.382299996912479 ], [ 2692378.275199998170137, 1279112.66899999976 ], [ 2692594.8887, 1280059.356499999762 ], [ 2692503.692499998956919, 1280275.517700001597404 ], [ 2693048.771899998188019, 1280199.714500002563 ] ] ] } },
{ "type": "Feature", "properties": { "GEBIET_HIST_C": 10899.0, "GEBIET_C": 41.0, "GEBIET_N": "Truttikon", "ART_C": 1.0, "ART_N": "Gemeinde", "PARENT_HIST_C": 10082.0, "PARENT_ART_C": 8.0, "VON": "1960\/01\/01", "BIS": "2999\/12\/31" }, "geometry": { "type": "Polygon", "coordinates": [ [ [ 2698336.970699999481, 1277262.705799996852875 ], [ 2698136.8592, 1276827.725000001490116 ], [ 2698159.906399998813868, 1276029.563299998641014 ], [ 2697956.106600001454353, 1275807.193899996578693 ], [ 2697120.718499999493, 1275529.343699999154 ], [ 2697056.49040000140667, 1275364.256399996578693 ], [ 2696331.75699999928, 1275499.064400002360344 ], [ 2696163.081799998879433, 1276113.156900003552437 ], [ 2695646.877199999988, 1276231.148400001227856 ], [ 2695748.303399998694658, 1276725.981899999082 ], [ 2696191.561599999666, 1277261.9014 ], [ 2696078.8136, 1277577.0203 ], [ 2697009.263300001621246, 1277705.196099996566772 ], [ 2697409.81269999966, 1277528.170500002801418 ], [ 2698005.3486, 1277668.6004 ], [ 2698336.970699999481, 1277262.705799996852875 ] ] ] } },
{ "type": "Feature", "properties": { "GEBIET_HIST_C": 10940.0, "GEBIET_C": 198.0, "GEBIET_N": "Uster", "ART_C": 1.0, "ART_N": "Gemeinde", "PARENT_HIST_C": 10075.0, "PARENT_ART_C": 8.0, "VON": "1960\/01\/01", "BIS": "2999\/12\/31" }, "geometry": { "type": "Polygon", "coordinates": [ [ [ 2694464.444499999285, 1245435.377499997615814 ], [ 2694992.756099998950958, 1245865.275899998844 ], [ 2694724.5797, 1246326.7166 ], [ 2694701.228399998974055, 1246782.783399999142 ], [ 2693856.516600001603365, 1247162.599799998104572 ], [ 2694045.9582, 1247397.747900001704693 ], [ 2693564.697999998927116, 1247796.162399999797 ], [ 2694558.42399999872, 1248729.511799998581409 ], [ 2694952.113099999726, 1248628.406999997794628 ], [ 2695449.11199999973, 1248883.547499999404 ], [ 2696618.991099998354912, 1248021.68219999969 ], [ 2697090.071699999273, 1248268.3869 ], [ 2697428.5106, 1248729.6422 ], [ 2697591.6257, 1248785.091300003230572 ], [ 2698535.749099999666, 1247944.5185 ], [ 2698543.268399998545647, 1247559.623099997639656 ], [ 2699304.8486, 1247091.6699 ], [ 2699462.998599998652935, 1246730.870099999011 ], [ 2699237.327100001275539, 1246554.114799998700619 ], [ 2699235.635099999607, 1245832.641000002622604 ], [ 2699610.990299999714, 1245144.8605 ], [ 2699369.250599998980761, 1244685.313500002026558 ], [ 2699817.845600001513958, 1244231.704999998211861 ], [ 2699557.76240000128746, 1243590.594700001180172 ], [ 2699316.0656, 1243339.660199999809 ], [ 2699680.9032, 1242686.185500003397465 ], [ 2699165.29, 1242385.826499998569489 ], [ 2698802.891199998557568, 1242348.583400003612041 ], [ 2698458.456399999559, 1242003.558399997651577 ], [ 2697969.997099999338, 1242612.885499998927116 ], [ 2696444.117400001734495, 1242022.451399996876717 ], [ 2696154.730799999088, 1241817.800099998713 ], [ 2695768.694899998605251, 1242236.117899999022 ], [ 2695372.8092, 1242438.44099999964 ], [ 2695780.74489999935, 1242522.857699997490272 ], [ 2695930.9536, 1243078.4274 ], [ 2695796.768699999899, 1243355.600000001490116 ], [ 2694823.0537, 1243918.648299999535 ], [ 2694543.721599999815, 1244564.873199999 ], [ 2694464.444499999285, 1245435.377499997615814 ] ] ] } },
{ "type": "Feature", "properties": { "GEBIET_HIST_C": 11197.0, "GEBIET_C": 30.0, "GEBIET_N": "Grossandelfingen", "ART_C": 1.0, "ART_N": "Gemeinde", "PARENT_HIST_C": 10082.0, "PARENT_ART_C": 8.0, "VON": "1960\/01\/01", "BIS": "1969\/12\/31" }, "geometry": { "type": "Polygon", "coordinates": [ [ [ 2694688.262099999934, 1272608.478500001132488 ], [ 2694849.182799998670816, 1272500.924599997699261 ], [ 2694844.4263, 1272112.507600001990795 ], [ 2695280.293699998408556, 1271776.580200001597404 ], [ 2695949.984799999744, 1271610.2892 ], [ 2695410.535799998790026, 1270903.95440000295639 ], [ 2695177.61439999938, 1270879.4591 ], [ 2694921.4637, 1271347.289899997413158 ], [ 2694192.7894, 1271785.8583 ], [ 2693788.083799999207, 1271633.777999997138977 ], [ 2693377.6083, 1271038.639600001275539 ], [ 2693061.613899998366833, 1271017.431900002062321 ], [ 2692759.7531, 1270981.9221 ], [ 2692402.6063, 1271380.704899996286258 ], [ 2691790.025199998170137, 1271343.479299999774 ], [ 2691060.913499999791, 1271320.035999998450279 ], [ 2690492.160500001162291, 1271441.880099996924 ], [ 2690362.666299998760223, 1271880.997900001704693 ], [ 2690858.6019, 1271619.094499997794628 ], [ 2691190.104600001126528, 1271684.313900001114234 ], [ 2691197.9831, 1272177.14 ], [ 2691751.423500001430511, 1273109.050700001418591 ], [ 2691865.87099999934, 1273476.474399998784065 ], [ 2692432.583700001239777, 1273668.8321999982 ], [ 2692820.153900001198053, 1273318.815499998629093 ], [ 2693186.0773, 1272748.020000003278255 ], [ 2693773.598700001835823, 1272485.9098 ], [ 2694688.262099999934, 1272608.478500001132488 ] ] ] } },
{ "type": "Feature", "properties": { "GEBIET_HIST_C": 11208.0, "GEBIET_C": 174.0, "GEBIET_N": "Illnau", "ART_C": 1.0, "ART_N": "Gemeinde", "PARENT_HIST_C": 10076.0, "PARENT_ART_C": 8.0, "VON": "1960\/01\/01", "BIS": "1974\/03\/15" }, "geometry": { "type": "Polygon", "coordinates": [ [ [ 2696756.866999998688698, 1257397.257200002903119 ], [ 2697055.275600001215935, 1256870.649800002574921 ], [ 2697246.174600001424551, 1256181.534599997103214 ], [ 2697196.0663, 1255387.615999996894971 ], [ 2697565.135499998927116, 1255536.625200003385544 ], [ 2698665.2456, 1255080.42159999907 ], [ 2698938.559, 1254481.991099998354912 ], [ 2698625.5885, 1253727.339900002116337 ], [ 2698816.35020000115037, 1253107.154700003564358 ], [ 2699159.776099998503923, 1252685.40399999917 ], [ 2699256.620000001043081, 1252139.737099997699261 ], [ 2699095.764699999243, 1251843.625299997627735 ], [ 2699147.872099999338, 1251281.843099996447563 ], [ 2698650.923, 1251395.8385 ], [ 2698168.853199999779, 1251326.5084 ], [ 2697559.5962, 1250906.7016 ], [ 2697821.6129, 1250485.670500002801418 ], [ 2697571.922299999744, 1250023.5511 ], [ 2695546.492199998348951, 1250647.79900000244379 ], [ 2694874.81819999963, 1251333.631499998504296 ], [ 2694337.3321999982, 1251425.779600002104416 ], [ 2693898.729400001466274, 1252027.199299998581409 ], [ 2693428.617199998348951, 1251989.843199997907504 ], [ 2693097.064199998975, 1252362.691200003027916 ], [ 2693212.334800001233816, 1252771.005099996924 ], [ 2693498.8988, 1252827.667599998414516 ], [ 2693819.113299999386, 1253321.720299996435642 ], [ 2693836.89499999955, 1254027.8378000035882 ], [ 2693702.196499999613, 1254664.094899997115135 ], [ 2694453.2115, 1255368.521200001239777 ], [ 2694993.948600001633167, 1255058.1074 ], [ 2695480.91059999913, 1255048.813500002026558 ], [ 2695866.314199998975, 1255617.78320000320673 ], [ 2695852.605500001460314, 1256225.822800002992153 ], [ 2696756.866999998688698, 1257397.257200002903119 ] ] ] } },
{ "type": "Feature", "properties": { "GEBIET_HIST_C": 11283.0, "GEBIET_C": 249.0, "GEBIET_N": "Unterengstringen", "ART_C": 1.0, "ART_N": "Gemeinde", "PARENT_HIST_C": 10119.0, "PARENT_ART_C": 8.0, "VON": "1960\/01\/01", "BIS": "1985\/12\/31" }, "geometry": { "type": "Polygon", "coordinates": [ [ [ 2677259.4342, 1252507.699799999595 ], [ 2677089.481800001114607, 1252018.931400001049042 ], [ 2676460.740699999034, 1251381.920599997044 ], [ 2675651.942499998956919, 1251156.684399999678 ], [ 2675124.978300001472235, 1250632.202799998223782 ], [ 2674252.4956, 1250571.233000002801418 ], [ 2673733.8189, 1250406.2162000015378 ], [ 2673278.634599998593, 1250531.134400002891198 ], [ 2673255.355099998414516, 1251141.403399996459484 ], [ 2673578.437399998307228, 1251015.122900001704693 ], [ 2673893.297699999064, 1251278.552199997007847 ], [ 2674281.570099998265505, 1250968.929899998009205 ], [ 2674671.9776, 1251502.064900003373623 ], [ 2675030.9732, 1251537.698799997568 ], [ 2675279.8713, 1251887.555 ], [ 2675893.350299999118, 1251978.296499997377396 ], [ 2676250.309999998658895, 1252670.551600001752377 ], [ 2676541.96499999985, 1252761.835500001907349 ], [ 2677259.4342, 1252507.699799999595 ] ] ] } },
{ "type": "Feature", "properties": { "GEBIET_HIST_C": 11284.0, "GEBIET_C": 250.0, "GEBIET_N": "Urdorf", "ART_C": 1.0, "ART_N": "Gemeinde", "PARENT_HIST_C": 10119.0, "PARENT_ART_C": 8.0, "VON": "1960\/01\/01", "BIS": "1985\/12\/31" }, "geometry": { "type": "Polygon", "coordinates": [ [ [ 2674561.1094, 1249946.401799999177 ], [ 2674625.562600001692772, 1249472.3891 ], [ 2675077.4087, 1249436.214299999177 ], [ 2675285.5546, 1248983.858699999517 ], [ 2675960.709600001573563, 1248297.929899998009205 ], [ 2676224.6939, 1248202.542400002479553 ], [ 2675960.159099999815, 1247549.3539 ], [ 2675464.074, 1247334.693000003695488 ], [ 2675316.874499998986721, 1246956.464699998497963 ], [ 2674722.750799998175353, 1246650.6774 ], [ 2674531.287300001829863, 1246846.318099997937679 ], [ 2673502.758099999279, 1246521.091399997705594 ], [ 2673236.8321999982, 1246652.981499999762 ], [ 2673144.377399999648, 1247049.497000001370907 ], [ 2672652.7648, 1247186.992600001394749 ], [ 2672576.044799998402596, 1247549.091799996793 ], [ 2673157.955400001257658, 1247847.546999998390675 ], [ 2673189.418200001120567, 1249215.683300003409386 ], [ 2673371.508299998939037, 1249571.5194 ], [ 2674375.491500001400709, 1249983.672300003701821 ], [ 2674561.1094, 1249946.401799999177 ] ] ] } },
{ "type": "Feature", "properties": { "GEBIET_HIST_C": 11285.0, "GEBIET_C": 251.0, "GEBIET_N": "Weiningen (ZH)", "ART_C": 1.0, "ART_N": "Gemeinde", "PARENT_HIST_C": 10119.0, "PARENT_ART_C": 8.0, "VON": "1960\/01\/01", "BIS": "1985\/12\/31" }, "geometry": { "type": "Polygon", "coordinates": [ [ [ 2675889.162999998778105, 1253538.040700003504753 ], [ 2676336.219599999487, 1253303.54 ], [ 2676541.96499999985, 1252761.835500001907349 ], [ 2676250.309999998658895, 1252670.551600001752377 ], [ 2675893.350299999118, 1251978.296499997377396 ], [ 2675279.8713, 1251887.555 ], [ 2675030.9732, 1251537.698799997568 ], [ 2674671.9776, 1251502.064900003373623 ], [ 2674281.570099998265505, 1250968.929899998009205 ], [ 2673893.297699999064, 1251278.552199997007847 ], [ 2673578.437399998307228, 1251015.122900001704693 ], [ 2673255.355099998414516, 1251141.403399996459484 ], [ 2673296.22289999947, 1251535.215599998831749 ], [ 2674014.407900001853704, 1252446.1365 ], [ 2674274.7397, 1253035.350299999118 ], [ 2673754.584899999201, 1253267.853200003504753 ], [ 2673774.1587, 1253664.126100003486499 ], [ 2673890.595899999142, 1254172.412 ], [ 2674472.4769, 1253925.952200002968311 ], [ 2675889.162999998778105, 1253538.040700003504753 ] ] ] } },
{ "type": "Feature", "properties": { "GEBIET_HIST_C": 11292.0, "GEBIET_C": 247.0, "GEBIET_N": "Schlieren", "ART_C": 1.0, "ART_N": "Gemeinde", "PARENT_HIST_C": 10119.0, "PARENT_ART_C": 8.0, "VON": "1960\/01\/01", "BIS": "1985\/12\/31" }, "geometry": { "type": "Polygon", "coordinates": [ [ [ 2677678.776, 1250751.227300003170967 ], [ 2677493.706799998879433, 1250224.871899999678 ], [ 2678125.7104, 1249978.313500002026558 ], [ 2677197.775199998170137, 1249080.298799999058 ], [ 2676879.381499998271465, 1248287.798600003123283 ], [ 2676224.6939, 1248202.542400002479553 ], [ 2675960.709600001573563, 1248297.929899998009205 ], [ 2675285.5546, 1248983.858699999517 ], [ 2675077.4087, 1249436.214299999177 ], [ 2674625.562600001692772, 1249472.3891 ], [ 2674561.1094, 1249946.401799999177 ], [ 2675018.1389, 1250193.881899997591972 ], [ 2675124.978300001472235, 1250632.202799998223782 ], [ 2675651.942499998956919, 1251156.684399999678 ], [ 2676460.740699999034, 1251381.920599997044 ], [ 2676805.4188, 1251043.853799998760223 ], [ 2677678.776, 1250751.227300003170967 ] ] ] } },
{ "type": "Feature", "properties": { "GEBIET_HIST_C": 11294.0, "GEBIET_C": 246.0, "GEBIET_N": "Oetwil an der Limmat", "ART_C": 1.0, "ART_N": "Gemeinde", "PARENT_HIST_C": 10119.0, "PARENT_ART_C": 8.0, "VON": "1960\/01\/01", "BIS": "1985\/12\/31" }, "geometry": { "type": "Polygon", "coordinates": [ [ [ 2672792.4195, 1254461.4045 ], [ 2673729.852699998766184, 1254211.1598 ], [ 2673890.595899999142, 1254172.412 ], [ 2673774.1587, 1253664.126100003486499 ], [ 2673225.098799999803, 1253669.545199997490272 ], [ 2672911.753299999982, 1253294.659000001847744 ], [ 2672711.437199998181313, 1252766.743500001495704 ], [ 2672195.026399999857, 1253211.511299997568 ], [ 2671600.739999998360872, 1253450.045299999416 ], [ 2670720.357, 1253654.847900003194809 ], [ 2670798.47199999914, 1254093.3746 ], [ 2671312.9901, 1254219.770900003612041 ], [ 2672331.837000001221895, 1254288.400700002908707 ], [ 2672792.4195, 1254461.4045 ] ] ] } },
{ "type": "Feature", "properties": { "GEBIET_HIST_C": 11318.0, "GEBIET_C": 248.0, "GEBIET_N": "Uitikon", "ART_C": 1.0, "ART_N": "Gemeinde", "PARENT_HIST_C": 10119.0, "PARENT_ART_C": 8.0, "VON": "1960\/01\/01", "BIS": "1985\/12\/31" }, "geometry": { "type": "Polygon", "coordinates": [ [ [ 2677796.003499999642, 1247508.690099999309 ], [ 2677911.613333475310355, 1247524.333650405751541 ], [ 2677471.5128, 1246776.185099996626377 ], [ 2677871.410100001841784, 1246459.7452 ], [ 2677952.9901, 1246157.881899997591972 ], [ 2678798.459399998188019, 1245957.4949000030756 ], [ 2678931.385000001639128, 1245766.691399998962879 ], [ 2679208.535999998450279, 1245176.427299998700619 ], [ 2678666.099399998784065, 1245395.832500003278255 ], [ 2678289.014499999583, 1245278.283399999142 ], [ 2677700.508699998259544, 1245379.101499997079372 ], [ 2677296.787399999797, 1246234.6787 ], [ 2676241.895100001245737, 1246444.733099997044 ], [ 2675316.874499998986721, 1246956.464699998497963 ], [ 2675464.074, 1247334.693000003695488 ], [ 2675960.159099999815, 1247549.3539 ], [ 2676224.6939, 1248202.542400002479553 ], [ 2676466.033300001174212, 1247974.156599998474121 ], [ 2677130.3909, 1247908.7139 ], [ 2677796.003499999642, 1247508.690099999309 ] ] ] } },
{ "type": "Feature", "properties": { "GEBIET_HIST_C": 11327.0, "GEBIET_C": 241.0, "GEBIET_N": "Aesch bei Birmensdorf", "ART_C": 1.0, "ART_N": "Gemeinde", "PARENT_HIST_C": 10119.0, "PARENT_ART_C": 8.0, "VON": "1960\/01\/01", "BIS": "1985\/12\/31" }, "geometry": { "type": "Polygon", "coordinates": [ [ [ 2676835.221700001507998, 1243159.071500003105029 ], [ 2676751.022399999201, 1243150.7826 ], [ 2676435.367899999022, 1242672.079300001263618 ], [ 2675302.045200001448393, 1242083.400600001215935 ], [ 2674896.086699999869, 1242305.0533 ], [ 2674108.560199998319149, 1242001.25500000291504 ], [ 2673610.716699998825788, 1242263.985200002789497 ], [ 2673926.666000001132488, 1243008.876500003039837 ], [ 2673896.09910000115633, 1243378.156900003552437 ], [ 2673885.2353, 1243839.098800003528595 ], [ 2674740.111000001430511, 1244236.495300002396107 ], [ 2675848.399500001221895, 1244416.477700002491474 ], [ 2675986.866500001400709, 1244185.439199998975 ], [ 2676549.230700001120567, 1244000.891999997198582 ], [ 2676835.221700001507998, 1243159.071500003105029 ] ] ] } },
{ "type": "Feature", "properties": { "GEBIET_HIST_C": 11328.0, "GEBIET_C": 242.0, "GEBIET_N": "Birmensdorf (ZH)", "ART_C": 1.0, "ART_N": "Gemeinde", "PARENT_HIST_C": 10119.0, "PARENT_ART_C": 8.0, "VON": "1960\/01\/01", "BIS": "1985\/12\/31" }, "geometry": { "type": "Polygon", "coordinates": [ [ [ 2678289.014499999583, 1245278.283399999142 ], [ 2677856.8946999982, 1244913.021899998188019 ], [ 2677873.421999998390675, 1244659.888199999928 ], [ 2677016.1206, 1244847.2408 ], [ 2676819.300099998713, 1244261.535899996757507 ], [ 2677134.4615, 1243992.735299997031689 ], [ 2677236.4155, 1243320.50450000166893 ], [ 2676835.221700001507998, 1243159.071500003105029 ], [ 2676549.230700001120567, 1244000.891999997198582 ], [ 2675986.866500001400709, 1244185.439199998975 ], [ 2675848.399500001221895, 1244416.477700002491474 ], [ 2674740.111000001430511, 1244236.495300002396107 ], [ 2673885.2353, 1243839.098800003528595 ], [ 2673896.09910000115633, 1243378.156900003552437 ], [ 2673204.476599998772144, 1243864.72070000320673 ], [ 2672937.183899998664856, 1244416.289700001711026 ], [ 2673195.250399999321, 1245408.907899997895584 ], [ 2672993.874000001698732, 1246366.332099996507168 ], [ 2673236.8321999982, 1246652.981499999762 ], [ 2673502.758099999279, 1246521.091399997705594 ], [ 2674531.287300001829863, 1246846.318099997937679 ], [ 2674722.750799998175353, 1246650.6774 ], [ 2675316.874499998986721, 1246956.464699998497963 ], [ 2676241.895100001245737, 1246444.733099997044 ], [ 2677296.787399999797, 1246234.6787 ], [ 2677700.508699998259544, 1245379.101499997079372 ], [ 2678289.014499999583, 1245278.283399999142 ] ] ] } },
{ "type": "Feature", "properties": { "GEBIET_HIST_C": 11329.0, "GEBIET_C": 243.0, "GEBIET_N": "Dietikon", "ART_C": 1.0, "ART_N": "Gemeinde", "PARENT_HIST_C": 10119.0, "PARENT_ART_C": 8.0, "VON": "1960\/01\/01", "BIS": "1985\/12\/31" }, "geometry": { "type": "Polygon", "coordinates": [ [ [ 2672711.437199998181313, 1252766.743500001495704 ], [ 2673296.22289999947, 1251535.215599998831749 ], [ 2673255.355099998414516, 1251141.403399996459484 ], [ 2673278.634599998593, 1250531.134400002891198 ], [ 2673733.8189, 1250406.2162000015378 ], [ 2674252.4956, 1250571.233000002801418 ], [ 2675124.978300001472235, 1250632.202799998223782 ], [ 2675018.1389, 1250193.881899997591972 ], [ 2674561.1094, 1249946.401799999177 ], [ 2674375.491500001400709, 1249983.672300003701821 ], [ 2673371.508299998939037, 1249571.5194 ], [ 2673189.418200001120567, 1249215.683300003409386 ], [ 2673157.955400001257658, 1247847.546999998390675 ], [ 2672576.044799998402596, 1247549.091799996793 ], [ 2672217.937600001692772, 1248256.812700003385544 ], [ 2672201.6886, 1249254.476400002837181 ], [ 2672305.013799998909235, 1249663.132700003683567 ], [ 2671966.4217, 1249883.093400001525879 ], [ 2671256.345899999142, 1249825.850799999898 ], [ 2671054.579799998551607, 1250294.0986 ], [ 2670036.868599999696, 1250191.583400003612041 ], [ 2669989.85799999908, 1250598.072300001978874 ], [ 2670767.146600001025945, 1250864.13740000128746 ], [ 2671002.8412000015378, 1250599.906099997693673 ], [ 2671402.3321, 1251030.321000002324581 ], [ 2671139.602899998426437, 1251359.503899998962879 ], [ 2671956.594999998807907, 1252778.884000003105029 ], [ 2671600.739999998360872, 1253450.045299999416 ], [ 2672195.026399999857, 1253211.511299997568 ], [ 2672711.437199998181313, 1252766.743500001495704 ] ] ] } },
{ "type": "Feature", "properties": { "GEBIET_HIST_C": 11330.0, "GEBIET_C": 244.0, "GEBIET_N": "Geroldswil", "ART_C": 1.0, "ART_N": "Gemeinde", "PARENT_HIST_C": 10119.0, "PARENT_ART_C": 8.0, "VON": "1960\/01\/01", "BIS": "1985\/12\/31" }, "geometry": { "type": "Polygon", "coordinates": [ [ [ 2673296.22289999947, 1251535.215599998831749 ], [ 2672711.437199998181313, 1252766.743500001495704 ], [ 2672911.753299999982, 1253294.659000001847744 ], [ 2673225.098799999803, 1253669.545199997490272 ], [ 2673774.1587, 1253664.126100003486499 ], [ 2673754.584899999201, 1253267.853200003504753 ], [ 2674274.7397, 1253035.350299999118 ], [ 2674014.407900001853704, 1252446.1365 ], [ 2673296.22289999947, 1251535.215599998831749 ] ] ] } },
{ "type": "Feature", "properties": { "GEBIET_HIST_C": 11331.0, "GEBIET_C": 245.0, "GEBIET_N": "Oberengstringen", "ART_C": 1.0, "ART_N": "Gemeinde", "PARENT_HIST_C": 10119.0, "PARENT_ART_C": 8.0, "VON": "1960\/01\/01", "BIS": "1985\/12\/31" }, "geometry": { "type": "Polygon", "coordinates": [ [ [ 2678346.247499998658895, 1252668.0009 ], [ 2677950.3273, 1252381.151600003242493 ], [ 2677686.631, 1251901.060400001704693 ], [ 2678043.541299998760223, 1251599.159999996423721 ], [ 2678386.258099999279, 1251754.388999998569489 ], [ 2678466.021401705686003, 1250858.859313175547868 ], [ 2677678.776, 1250751.227300003170967 ], [ 2676805.4188, 1251043.853799998760223 ], [ 2676460.740699999034, 1251381.920599997044 ], [ 2677089.481800001114607, 1252018.931400001049042 ], [ 2677259.4342, 1252507.699799999595 ], [ 2678346.247499998658895, 1252668.0009 ] ] ] } },
{ "type": "Feature", "properties": { "GEBIET_HIST_C": 11342.0, "GEBIET_C": 159.0, "GEBIET_N": "Uetikon", "ART_C": 1.0, "ART_N": "Gemeinde", "PARENT_HIST_C": 10077.0, "PARENT_ART_C": 8.0, "VON": "1960\/01\/01", "BIS": "1977\/03\/09" }, "geometry": { "type": "Polygon", "coordinates": [ [ [ 2692998.611299999058, 1235207.274499997496605 ], [ 2693343.16499999911, 1236162.668799996376038 ], [ 2693300.043499998748302, 1236523.1774 ], [ 2693928.121399998664856, 1237312.568499997258186 ], [ 2694182.415600001811981, 1237786.565800003707409 ], [ 2694620.4349, 1237434.280000001192093 ], [ 2695062.7626, 1236810.798500001430511 ], [ 2695211.7489, 1236539.630599997937679 ], [ 2694899.3673, 1235929.113399997353554 ], [ 2694534.566199999303, 1235765.276500001549721 ], [ 2694213.0599, 1235123.451399996876717 ], [ 2693827.751400001347065, 1234862.747699998319149 ], [ 2692998.611299999058, 1235207.274499997496605 ] ] ] } },
{ "type": "Feature", "properties": { "GEBIET_HIST_C": 11347.0, "GEBIET_C": 252.0, "GEBIET_N": "Zollikon", "ART_C": 1.0, "ART_N": "Gemeinde", "PARENT_HIST_C": 10119.0, "PARENT_ART_C": 8.0, "VON": "1960\/01\/01", "BIS": "1985\/12\/31" }, "geometry": { "type": "Polygon", "coordinates": [ [ [ 2685063.5907, 1244522.879299998516217 ], [ 2685119.358600001782179, 1244564.92599999905 ], [ 2685248.61199999973, 1244642.664099998772144 ], [ 2686130.0381, 1244833.497100003063679 ], [ 2686709.7419, 1245299.888499997556 ], [ 2686711.404599998146296, 1245303.652599997818 ], [ 2687880.0337, 1245079.219400003552437 ], [ 2688127.644099999219, 1245403.137699998915195 ], [ 2689602.834199998527765, 1245495.473399996757507 ], [ 2689726.638399999589, 1245030.368799999356 ], [ 2689330.595600001513958, 1244044.182800002396107 ], [ 2689073.198199998587, 1244234.392700001597404 ], [ 2687995.613299999386, 1243319.663900002837181 ], [ 2687177.958700001239777, 1242743.153099998831749 ], [ 2686896.5337, 1242731.485399998724461 ], [ 2686376.9714, 1243161.057099997997284 ], [ 2685636.175799999386, 1242969.726599998772144 ], [ 2685063.5907, 1244522.879299998516217 ] ] ] } },
{ "type": "Feature", "properties": { "GEBIET_HIST_C": 11348.0, "GEBIET_C": 1.0, "GEBIET_N": "Aeugst", "ART_C": 1.0, "ART_N": "Gemeinde", "PARENT_HIST_C": 10053.0, "PARENT_ART_C": 8.0, "VON": "1960\/01\/01", "BIS": "1976\/11\/14" }, "geometry": { "type": "Polygon", "coordinates": [ [ [ 2680806.127999998629093, 1237763.417999997502193 ], [ 2681132.228799998760223, 1237352.0493 ], [ 2681035.365200001746416, 1236647.344300002092496 ], [ 2680605.371899999678, 1236344.26860000193119 ], [ 2680420.36439999938, 1236207.477899998426437 ], [ 2680584.675299998372793, 1235438.374200001358986 ], [ 2680492.30290000140667, 1235034.944099999964 ], [ 2680380.092999998480082, 1235028.778599999845 ], [ 2680005.8669, 1234869.707999996840954 ], [ 2679255.473700001835823, 1234882.023500002920628 ], [ 2679134.371399998664856, 1234564.839500002563 ], [ 2678414.341499999166, 1234904.729299999774 ], [ 2678238.167199999094, 1235235.0982 ], [ 2678547.583999998867512, 1235798.582999996840954 ], [ 2678206.934500001370907, 1236418.695600003004074 ], [ 2678254.798599999398, 1237890.270499996840954 ], [ 2678570.5951, 1238076.612099997699261 ], [ 2679074.568599998950958, 1238107.586400002241135 ], [ 2679192.074799999595, 1238541.29659999907 ], [ 2679937.55970000103116, 1238332.9512 ], [ 2680533.985100001096725, 1237759.88740000128746 ], [ 2680806.127999998629093, 1237763.417999997502193 ] ] ] } },
{ "type": "Feature", "properties": { "GEBIET_HIST_C": 11349.0, "GEBIET_C": 14.0, "GEBIET_N": "Wettswil", "ART_C": 1.0, "ART_N": "Gemeinde", "PARENT_HIST_C": 10053.0, "PARENT_ART_C": 8.0, "VON": "1960\/01\/01", "BIS": "1976\/11\/14" }, "geometry": { "type": "Polygon", "coordinates": [ [ [ 2677873.421999998390675, 1244659.888199999928 ], [ 2678930.7038, 1243444.1199999971 ], [ 2679027.850499998778105, 1242736.232100002467632 ], [ 2679007.686900001019239, 1241960.090400002896786 ], [ 2678598.401399999857, 1242078.569899998605251 ], [ 2678504.5744, 1242363.7826 ], [ 2677624.361299999058, 1242406.31530000269413 ], [ 2677454.582899998873472, 1242736.802199997007847 ], [ 2677037.9866, 1242802.5591000020504 ], [ 2676835.221700001507998, 1243159.071500003105029 ], [ 2677236.4155, 1243320.50450000166893 ], [ 2677134.4615, 1243992.735299997031689 ], [ 2676819.300099998713, 1244261.535899996757507 ], [ 2677016.1206, 1244847.2408 ], [ 2677873.421999998390675, 1244659.888199999928 ] ] ] } },
{ "type": "Feature", "properties": { "GEBIET_HIST_C": 11350.0, "GEBIET_C": 200.0, "GEBIET_N": "Wangen (ZH)", "ART_C": 1.0, "ART_N": "Gemeinde", "PARENT_HIST_C": 10075.0, "PARENT_ART_C": 8.0, "VON": "1960\/01\/01", "BIS": "1975\/12\/31" }, "geometry": { "type": "Polygon", "coordinates": [ [ [ 2692043.079799998551607, 1252887.491899996995926 ], [ 2692907.2857, 1252252.053199999034 ], [ 2693007.927000001072884, 1251556.240099996328354 ], [ 2692815.4459, 1251221.98030000180006 ], [ 2691667.2364, 1250123.014799997210503 ], [ 2691151.309999998658895, 1250327.656400002306327 ], [ 2690240.818999998271465, 1251398.516199998557568 ], [ 2689844.817899998277426, 1251543.9217 ], [ 2689440.621199999005, 1252651.240299999714 ], [ 2689328.892299998551607, 1253224.4886 ], [ 2689754.6433, 1253908.455700002610683 ], [ 2690122.592300001531839, 1253611.604400001699105 ], [ 2691165.4655, 1253347.92400000244379 ], [ 2691597.710599999875, 1252966.1202 ], [ 2692043.079799998551607, 1252887.491899996995926 ] ] ] } },
{ "type": "Feature", "properties": { "GEBIET_HIST_C": 11456.0, "GEBIET_C": 83.0, "GEBIET_N": "Buchs (ZH)", "ART_C": 1.0, "ART_N": "Gemeinde", "PARENT_HIST_C": 10080.0, "PARENT_ART_C": 8.0, "VON": "1960\/01\/01", "BIS": "2999\/12\/31" }, "geometry": { "type": "Polygon", "coordinates": [ [ [ 2674489.2247, 1258027.988899998366833 ], [ 2675280.584499999881, 1257920.970600001513958 ], [ 2676354.745700001716614, 1257921.3378000035882 ], [ 2676637.697500001639128, 1257589.858099997044 ], [ 2676997.724199999124, 1257726.084299996495247 ], [ 2677170.978500001132488, 1257284.782499998807907 ], [ 2677296.434399999678, 1257022.06819999963 ], [ 2676726.091899998486042, 1256709.506700001657009 ], [ 2676711.014199998229742, 1256334.330200001597404 ], [ 2675820.008499998599291, 1256057.842 ], [ 2675581.9285, 1255735.6893 ], [ 2673987.896699998527765, 1255894.707699999213 ], [ 2673787.131900001317263, 1256006.944899998605251 ], [ 2673687.292899999768, 1256448.581399999559 ], [ 2673895.43899999931, 1256806.599299997091293 ], [ 2674024.1347, 1258127.544699996709824 ], [ 2674489.2247, 1258027.988899998366833 ] ] ] } },
{ "type": "Feature", "properties": { "GEBIET_HIST_C": 11461.0, "GEBIET_C": 53.0, "GEBIET_N": "Bülach", "ART_C": 1.0, "ART_N": "Gemeinde", "PARENT_HIST_C": 10081.0, "PARENT_ART_C": 8.0, "VON": "1960\/01\/01", "BIS": "2999\/12\/31" }, "geometry": { "type": "Polygon", "coordinates": [ [ [ 2683722.970600001513958, 1267224.8412000015378 ], [ 2683805.658100001513958, 1266144.242499999702 ], [ 2684652.9173, 1265125.073700003093109 ], [ 2684560.847600001841784, 1264381.197999998927116 ], [ 2685094.57, 1264182.853200003504753 ], [ 2685610.240200001746416, 1263705.586900003254414 ], [ 2685546.130800001323223, 1262841.982600003713742 ], [ 2685262.993599999696, 1262712.112599998713 ], [ 2684959.886100001633167, 1262875.647200003266335 ], [ 2684606.763199999928, 1262826.008599996566772 ], [ 2684170.685400001704693, 1263250.882299996912479 ], [ 2683710.927499998360872, 1262780.5115 ], [ 2681655.9375, 1261482.601599998772144 ], [ 2681328.223799999803, 1261630.559600003063679 ], [ 2681372.787300001829863, 1261985.032099999487 ], [ 2681159.478399998974055, 1262401.525899998844 ], [ 2681604.512099999934, 1262586.737499997019768 ], [ 2681469.125599998980761, 1262924.171400003135204 ], [ 2681860.788199998438358, 1263545.94099999964 ], [ 2681753.949799999595, 1264111.368299998342991 ], [ 2681335.7401, 1264276.493600003421307 ], [ 2681670.903599999845, 1265384.557800002396107 ], [ 2681514.502599999309, 1266136.714100003242493 ], [ 2681179.243099998682737, 1266521.735899999505 ], [ 2681517.092099998146296, 1266657.291599996387959 ], [ 2681656.811900001019239, 1267110.059199996292591 ], [ 2682089.585599999875, 1267008.646499998867512 ], [ 2681957.26799999923, 1268355.002300001680851 ], [ 2682471.338199999183, 1268299.6199000030756 ], [ 2683335.467, 1267470.522299997508526 ], [ 2683722.970600001513958, 1267224.8412000015378 ] ] ] } },
{ "type": "Feature", "properties": { "GEBIET_HIST_C": 11467.0, "GEBIET_C": 213.0, "GEBIET_N": "Brütten", "ART_C": 1.0, "ART_N": "Gemeinde", "PARENT_HIST_C": 10074.0, "PARENT_ART_C": 8.0, "VON": "1960\/01\/01", "BIS": "2999\/12\/31" }, "geometry": { "type": "Polygon", "coordinates": [ [ [ 2693668.135699998587, 1260299.773500002920628 ], [ 2693675.0667, 1260303.8165 ], [ 2693847.3339, 1259845.939199998975 ], [ 2694688.057500001043081, 1259073.5766 ], [ 2695085.467300001531839, 1258367.726400002837181 ], [ 2694558.194400001317263, 1258159.5467 ], [ 2693982.7813, 1258163.065700002014637 ], [ 2693085.750399999321, 1257380.681100003421307 ], [ 2692335.958999998867512, 1257857.281199999154 ], [ 2691528.170899998396635, 1258538.016000002622604 ], [ 2691677.522999998182058, 1259247.215800002217293 ], [ 2691497.141499999911, 1259558.6629 ], [ 2691470.013199999928, 1260219.979599997401237 ], [ 2692077.410300001502037, 1260657.0115 ], [ 2692319.113699998706579, 1260560.961599998176098 ], [ 2692691.4611, 1259957.446299999952 ], [ 2693149.148899998515844, 1259777.610600002110004 ], [ 2693668.135699998587, 1260299.773500002920628 ] ] ] } },
{ "type": "Feature", "properties": { "GEBIET_HIST_C": 11478.0, "GEBIET_C": 112.0, "GEBIET_N": "Bubikon", "ART_C": 1.0, "ART_N": "Gemeinde", "PARENT_HIST_C": 10079.0, "PARENT_ART_C": 8.0, "VON": "1960\/01\/01", "BIS": "2999\/12\/31" }, "geometry": { "type": "Polygon", "coordinates": [ [ [ 2703915.209100001025945, 1238837.628600001102313 ], [ 2704104.59010000154376, 1238475.440099999309 ], [ 2704081.801399998366833, 1237926.846299998462 ], [ 2704894.9098, 1237470.29110000282526 ], [ 2704924.756, 1236533.743100002408028 ], [ 2705285.123599998652935, 1235918.351300001144409 ], [ 2705763.211199998855591, 1235540.558600001037121 ], [ 2705470.5128, 1235500.320100001990795 ], [ 2705142.780900001525879, 1234809.395099997520447 ], [ 2705197.3167, 1234214.320299997925758 ], [ 2704685.696199998259544, 1234239.078900001943111 ], [ 2703404.902199998497963, 1233801.6202 ], [ 2702733.907499998807907, 1233960.379699997603893 ], [ 2702316.327599998563528, 1234366.685699999 ], [ 2702318.352899998426437, 1234662.926600001752377 ], [ 2701887.7681, 1234961.439699999988 ], [ 2701870.43899999931, 1235359.2082 ], [ 2701576.684799998998642, 1235820.813500002026558 ], [ 2702074.1499, 1236608.9054 ], [ 2702565.6453, 1237018.412 ], [ 2702886.6228, 1237390.0295 ], [ 2703194.050099998713, 1237425.923299998044968 ], [ 2703348.208999998867512, 1237984.402099996805191 ], [ 2703014.951699998229742, 1238338.084200002485886 ], [ 2703211.142700001597404, 1238719.988099999493 ], [ 2703915.209100001025945, 1238837.628600001102313 ] ] ] } },
{ "type": "Feature", "properties": { "GEBIET_HIST_C": 11480.0, "GEBIET_C": 24.0, "GEBIET_N": "Buch am Irchel", "ART_C": 1.0, "ART_N": "Gemeinde", "PARENT_HIST_C": 10082.0, "PARENT_ART_C": 8.0, "VON": "1960\/01\/01", "BIS": "2012\/12\/31" }, "geometry": { "type": "Polygon", "coordinates": [ [ [ 2689738.1422, 1268959.7971 ], [ 2690160.929900001734495, 1268459.806999996304512 ], [ 2690868.161499999464, 1268411.831200003623962 ], [ 2691073.981899999082, 1268212.221900001168251 ], [ 2690980.381499998271465, 1267806.448700003093109 ], [ 2691171.336, 1267207.8799 ], [ 2690910.400699999183, 1266711.3412000015378 ], [ 2691317.3198, 1266270.057899996638298 ], [ 2690595.124099999666, 1265621.258000001311302 ], [ 2690613.3561, 1265370.754699997603893 ], [ 2690186.651099998503923, 1265116.967799998819828 ], [ 2690096.268800001591444, 1264720.2078 ], [ 2689269.250799998175353, 1265721.508599996566772 ], [ 2688376.524099998176098, 1265615.458800002932549 ], [ 2688067.557100001722574, 1265976.299800001084805 ], [ 2687595.075800001621246, 1266097.890600003302097 ], [ 2687197.440499998629093, 1266734.481700003147125 ], [ 2687212.28009999916, 1266946.3715 ], [ 2688042.283399999142, 1266891.355800002813339 ], [ 2688417.306200001388788, 1267697.1224 ], [ 2688312.242400001734495, 1268342.206699997186661 ], [ 2688692.477200001478195, 1269111.537100002169609 ], [ 2689738.1422, 1268959.7971 ] ] ] } },
{ "type": "Feature", "properties": { "GEBIET_HIST_C": 11563.0, "GEBIET_C": 54.0, "GEBIET_N": "Dietlikon", "ART_C": 1.0, "ART_N": "Gemeinde", "PARENT_HIST_C": 10081.0, "PARENT_ART_C": 8.0, "VON": "1960\/01\/01", "BIS": "2999\/12\/31" }, "geometry": { "type": "Polygon", "coordinates": [ [ [ 2689754.6433, 1253908.455700002610683 ], [ 2689328.892299998551607, 1253224.4886 ], [ 2689440.621199999005, 1252651.240299999714 ], [ 2689844.817899998277426, 1251543.9217 ], [ 2689439.699299998581409, 1251334.196299999952 ], [ 2689082.538899999112, 1251392.480800002813339 ], [ 2688486.9037000015378, 1252579.3526 ], [ 2687857.454199999571, 1253235.577899999917 ], [ 2687726.9811, 1254448.969400003552437 ], [ 2687321.860399998724461, 1254548.037399999797 ], [ 2687834.0249, 1254917.670500002801418 ], [ 2688390.268599998206, 1254392.357799999416 ], [ 2688900.3845, 1254344.521399997175 ], [ 2689227.9879, 1254503.695200003683567 ], [ 2689630.140299998223782, 1254403.01070000231266 ], [ 2689754.6433, 1253908.455700002610683 ] ] ] } },
{ "type": "Feature", "properties": { "GEBIET_HIST_C": 11565.0, "GEBIET_C": 216.0, "GEBIET_N": "Dinhard", "ART_C": 1.0, "ART_N": "Gemeinde", "PARENT_HIST_C": 10074.0, "PARENT_ART_C": 8.0, "VON": "1960\/01\/01", "BIS": "2999\/12\/31" }, "geometry": { "type": "Polygon", "coordinates": [ [ [ 2700078.534400001168251, 1269326.965099997818 ], [ 2700801.738699998706579, 1269192.2993 ], [ 2701148.581599999219, 1269273.999499998986721 ], [ 2700914.903499998152256, 1269085.363200001418591 ], [ 2701146.8015, 1268126.984899997711182 ], [ 2701384.5137, 1267709.387500002980232 ], [ 2701365.647999998182058, 1267080.852499999106 ], [ 2700668.246599998325109, 1266792.763199999928 ], [ 2699976.361000001430511, 1267086.534100003540516 ], [ 2699100.647700001019984, 1267194.100000001490116 ], [ 2698558.737300001084805, 1267174.422300003701821 ], [ 2698157.790199998766184, 1268108.492899999022 ], [ 2698558.042100001126528, 1268470.5196999982 ], [ 2698374.164700001478195, 1268688.760499998927116 ], [ 2698299.811500001698732, 1269494.716499999166 ], [ 2698077.947299998253584, 1269696.906900003552437 ], [ 2698332.304699998348951, 1270083.8548 ], [ 2698668.720400001853704, 1270157.218299999833 ], [ 2698969.0236, 1269683.296300001442432 ], [ 2699231.127399999648, 1269737.653399996459484 ], [ 2699581.3682, 1269359.960799999535 ], [ 2700078.534400001168251, 1269326.965099997818 ] ] ] } },
{ "type": "Feature", "properties": { "GEBIET_HIST_C": 11567.0, "GEBIET_C": 86.0, "GEBIET_N": "Dielsdorf", "ART_C": 1.0, "ART_N": "Gemeinde", "PARENT_HIST_C": 10080.0, "PARENT_ART_C": 8.0, "VON": "1960\/01\/01", "BIS": "2999\/12\/31" }, "geometry": { "type": "Polygon", "coordinates": [ [ [ 2678150.042399998754263, 1260375.911700002849102 ], [ 2678125.098900001496077, 1260047.621100001037121 ], [ 2677574.9173, 1258624.887699998915195 ], [ 2677496.412999998778105, 1258065.8037 ], [ 2677256.5927, 1257799.739200003445148 ], [ 2677170.978500001132488, 1257284.782499998807907 ], [ 2676997.724199999124, 1257726.084299996495247 ], [ 2676637.697500001639128, 1257589.858099997044 ], [ 2676354.745700001716614, 1257921.3378000035882 ], [ 2675280.584499999881, 1257920.970600001513958 ], [ 2674489.2247, 1258027.988899998366833 ], [ 2675014.802799999714, 1258903.162399999797 ], [ 2675525.145199999213, 1259026.210699997842312 ], [ 2675902.583999998867512, 1259293.836599998176098 ], [ 2675992.9087, 1259757.987400002777576 ], [ 2676679.622499998658895, 1260291.102300003170967 ], [ 2678150.042399998754263, 1260375.911700002849102 ] ] ] } },
{ "type": "Feature", "properties": { "GEBIET_HIST_C": 11573.0, "GEBIET_C": 25.0, "GEBIET_N": "Dachsen", "ART_C": 1.0, "ART_N": "Gemeinde", "PARENT_HIST_C": 10082.0, "PARENT_ART_C": 8.0, "VON": "1960\/01\/01", "BIS": "2999\/12\/31" }, "geometry": { "type": "Polygon", "coordinates": [ [ [ 2689778.844599999487, 1279484.51895 ], [ 2690213.2324, 1279354.575599998235703 ], [ 2690250.3497, 1279084.037600003182888 ], [ 2689986.2840499989688, 1278027.280500002205372 ], [ 2689381.91499999911, 1278198.715000003576279 ], [ 2689414.87519999966, 1278636.987400002777576 ], [ 2688836.267599999905, 1279300.953599996864796 ], [ 2688331.528599999845, 1279653.649099998176098 ], [ 2688018.3931, 1279914.521799996495247 ], [ 2687886.264699999243, 1280471.510799996554852 ], [ 2688117.455699998885393, 1280767.737599998713 ], [ 2688910.3209, 1280865.217699997127056 ], [ 2689297.219700001180172, 1279697.0885 ], [ 2689778.844599999487, 1279484.51895 ] ] ] } },
{ "type": "Feature", "properties": { "GEBIET_HIST_C": 11574.0, "GEBIET_C": 214.0, "GEBIET_N": "Dägerlen", "ART_C": 1.0, "ART_N": "Gemeinde", "PARENT_HIST_C": 10074.0, "PARENT_ART_C": 8.0, "VON": "1960\/01\/01", "BIS": "2999\/12\/31" }, "geometry": { "type": "Polygon", "coordinates": [ [ [ 2697488.7104, 1270228.999799996614456 ], [ 2698077.947299998253584, 1269696.906900003552437 ], [ 2698299.811500001698732, 1269494.716499999166 ], [ 2698374.164700001478195, 1268688.760499998927116 ], [ 2698558.042100001126528, 1268470.5196999982 ], [ 2698157.790199998766184, 1268108.492899999022 ], [ 2698558.737300001084805, 1267174.422300003701821 ], [ 2698104.148299999535, 1266786.977300003170967 ], [ 2697609.119600001722574, 1267093.180799998342991 ], [ 2697188.566100001335144, 1267128.890199996298179 ], [ 2696621.892499998211861, 1267422.843199997907504 ], [ 2696362.198899999261, 1268167.232799999416 ], [ 2695479.42599999905, 1268454.81930000311695 ], [ 2695456.997499998658895, 1268819.267899997532368 ], [ 2694777.445999998599291, 1268745.907799996435642 ], [ 2694837.447, 1269257.845600001513958 ], [ 2695118.592999998480082, 1269791.9921 ], [ 2695576.556299999356, 1270082.678499996894971 ], [ 2695610.852499999106, 1270452.597499996423721 ], [ 2696218.474899999797, 1270461.090099997818 ], [ 2696672.524999998509884, 1270024.069799996912479 ], [ 2697190.405299998819828, 1269849.050399996340275 ], [ 2697488.7104, 1270228.999799996614456 ] ] ] } },
{ "type": "Feature", "properties": { "GEBIET_HIST_C": 11578.0, "GEBIET_C": 84.0, "GEBIET_N": "Dällikon", "ART_C": 1.0, "ART_N": "Gemeinde", "PARENT_HIST_C": 10080.0, "PARENT_ART_C": 8.0, "VON": "1960\/01\/01", "BIS": "2999\/12\/31" }, "geometry": { "type": "Polygon", "coordinates": [ [ [ 2675581.9285, 1255735.6893 ], [ 2675681.877199999988, 1255205.85339999944 ], [ 2676414.711800001561642, 1254543.296999998390675 ], [ 2675889.162999998778105, 1253538.040700003504753 ], [ 2674472.4769, 1253925.952200002968311 ], [ 2673890.595899999142, 1254172.412 ], [ 2673729.852699998766184, 1254211.1598 ], [ 2673667.40599999949, 1255488.602700002491474 ], [ 2673987.896699998527765, 1255894.707699999213 ], [ 2675581.9285, 1255735.6893 ] ] ] } },
{ "type": "Feature", "properties": { "GEBIET_HIST_C": 11581.0, "GEBIET_C": 85.0, "GEBIET_N": "Dänikon", "ART_C": 1.0, "ART_N": "Gemeinde", "PARENT_HIST_C": 10080.0, "PARENT_ART_C": 8.0, "VON": "1960\/01\/01", "BIS": "2999\/12\/31" }, "geometry": { "type": "Polygon", "coordinates": [ [ [ 2673787.131900001317263, 1256006.944899998605251 ], [ 2673987.896699998527765, 1255894.707699999213 ], [ 2673667.40599999949, 1255488.602700002491474 ], [ 2673729.852699998766184, 1254211.1598 ], [ 2672792.4195, 1254461.4045 ], [ 2672414.768499999773, 1254834.426799997687 ], [ 2672020.954599998891354, 1254982.502099998295307 ], [ 2671902.671100001782179, 1255966.525399997830391 ], [ 2671734.459800001233816, 1255990.601999998092651 ], [ 2672634.058699999005, 1256174.348899997770786 ], [ 2673787.131900001317263, 1256006.944899998605251 ] ] ] } },
{ "type": "Feature", "properties": { "GEBIET_HIST_C": 11583.0, "GEBIET_C": 215.0, "GEBIET_N": "Dättlikon", "ART_C": 1.0, "ART_N": "Gemeinde", "PARENT_HIST_C": 10074.0, "PARENT_ART_C": 8.0, "VON": "1960\/01\/01", "BIS": "2999\/12\/31" }, "geometry": { "type": "Polygon", "coordinates": [ [ [ 2690096.268800001591444, 1264720.2078 ], [ 2690526.639600001275539, 1264070.309600003063679 ], [ 2690218.049199998378754, 1263919.344800002872944 ], [ 2688821.2782, 1264074.059199996292591 ], [ 2688397.345699999481, 1264293.943000003695488 ], [ 2687929.10020000115037, 1264251.0709 ], [ 2688025.821899998933077, 1264752.773699998855591 ], [ 2688376.524099998176098, 1265615.458800002932549 ], [ 2689269.250799998175353, 1265721.508599996566772 ], [ 2690096.268800001591444, 1264720.2078 ] ] ] } },
{ "type": "Feature", "properties": { "GEBIET_HIST_C": 11683.0, "GEBIET_C": 51.0, "GEBIET_N": "Bachenbülach", "ART_C": 1.0, "ART_N": "Gemeinde", "PARENT_HIST_C": 10081.0, "PARENT_ART_C": 8.0, "VON": "1960\/01\/01", "BIS": "2999\/12\/31" }, "geometry": { "type": "Polygon", "coordinates": [ [ [ 2684959.886100001633167, 1262875.647200003266335 ], [ 2684764.9974, 1262403.742600001394749 ], [ 2684884.528599999845, 1262040.772200003266335 ], [ 2684471.085200001019984, 1261468.230899997055531 ], [ 2683512.360899999738, 1261443.001100003486499 ], [ 2682770.974899999797, 1260921.004399999976 ], [ 2682971.6037, 1260232.616599999368 ], [ 2682584.371399998664856, 1260212.346900001168251 ], [ 2682088.050099998713, 1260622.014600001275539 ], [ 2682137.85889999941, 1261135.305200003087521 ], [ 2681709.054200001060963, 1261325.8699999971 ], [ 2681655.9375, 1261482.601599998772144 ], [ 2683710.927499998360872, 1262780.5115 ], [ 2684170.685400001704693, 1263250.882299996912479 ], [ 2684606.763199999928, 1262826.008599996566772 ], [ 2684959.886100001633167, 1262875.647200003266335 ] ] ] } },
{ "type": "Feature", "properties": { "GEBIET_HIST_C": 11685.0, "GEBIET_C": 52.0, "GEBIET_N": "Bassersdorf", "ART_C": 1.0, "ART_N": "Gemeinde", "PARENT_HIST_C": 10081.0, "PARENT_ART_C": 8.0, "VON": "1960\/01\/01", "BIS": "2999\/12\/31" }, "geometry": { "type": "Polygon", "coordinates": [ [ [ 2689511.448800001293421, 1257059.173399999505 ], [ 2690060.576799999923, 1256529.201899997889996 ], [ 2691315.744600001722574, 1254847.004699997603893 ], [ 2692026.561900001019239, 1254576.387100003659725 ], [ 2691827.765700001269579, 1253688.576099999249 ], [ 2692261.3044, 1253181.409000001847744 ], [ 2692043.079799998551607, 1252887.491899996995926 ], [ 2691597.710599999875, 1252966.1202 ], [ 2691165.4655, 1253347.92400000244379 ], [ 2690122.592300001531839, 1253611.604400001699105 ], [ 2689754.6433, 1253908.455700002610683 ], [ 2689630.140299998223782, 1254403.01070000231266 ], [ 2689227.9879, 1254503.695200003683567 ], [ 2688900.3845, 1254344.521399997175 ], [ 2688390.268599998206, 1254392.357799999416 ], [ 2687834.0249, 1254917.670500002801418 ], [ 2688136.287500001490116, 1255608.718500003218651 ], [ 2688189.855599999428, 1256411.425800003111362 ], [ 2688530.41039999947, 1256958.29280000180006 ], [ 2688929.6059, 1257235.118799999356 ], [ 2689511.448800001293421, 1257059.173399999505 ] ] ] } },
{ "type": "Feature", "properties": { "GEBIET_HIST_C": 11699.0, "GEBIET_C": 171.0, "GEBIET_N": "Bauma", "ART_C": 1.0, "ART_N": "Gemeinde", "PARENT_HIST_C": 10076.0, "PARENT_ART_C": 8.0, "VON": "1960\/01\/01", "BIS": "2014\/12\/31" }, "geometry": { "type": "Polygon", "coordinates": [ [ [ 2709145.142799999565, 1250084.13570000231266 ], [ 2709917.736299999058, 1249329.063799999654 ], [ 2710040.823899999261, 1248815.400600001215935 ], [ 2710460.1497, 1248859.354299999774 ], [ 2711020.321400001645088, 1248299.516099996864796 ], [ 2711797.9989, 1248248.382600001990795 ], [ 2712224.961199998855591, 1248378.466499999166 ], [ 2713436.736200001090765, 1248169.132200002903119 ], [ 2712801.977400001138449, 1247457.289599999785 ], [ 2712700.837900001555681, 1247066.504299998516217 ], [ 2712205.205200001597404, 1246963.246200002729893 ], [ 2711903.994600001722574, 1246389.417900003492832 ], [ 2711472.4327, 1246511.165399998426437 ], [ 2711248.1926, 1246210.628499999642 ], [ 2711371.1794, 1245658.937399998307228 ], [ 2711017.4228, 1245350.222900003194809 ], [ 2710682.514899998903275, 1245691.781599998474121 ], [ 2709597.789599999785, 1245513.032300002872944 ], [ 2709139.5337, 1245571.505099996924 ], [ 2708755.391499999911, 1245961.605599999428 ], [ 2708279.7315, 1246072.418899998069 ], [ 2708188.7555, 1246421.806999996304512 ], [ 2707126.556899998337, 1247005.474 ], [ 2706854.771499998867512, 1247144.266599998110905 ], [ 2706348.910300001502037, 1248134.960799999535 ], [ 2706318.055300001055002, 1248513.480700001120567 ], [ 2705973.433200001716614, 1248775.492700003087521 ], [ 2705663.046, 1249476.124499998986721 ], [ 2705884.654699999839, 1249572.1446999982 ], [ 2705880.193599998950958, 1250399.340000003576279 ], [ 2706650.3878, 1250454.4177 ], [ 2706756.496399998664856, 1250695.907099999487 ], [ 2707155.417899999768, 1250008.653899997705594 ], [ 2707659.269900001585484, 1249893.793099999428 ], [ 2708300.234000001102686, 1250172.507700003683567 ], [ 2709145.142799999565, 1250084.13570000231266 ] ] ] } },
{ "type": "Feature", "properties": { "GEBIET_HIST_C": 11704.0, "GEBIET_C": 81.0, "GEBIET_N": "Bachs", "ART_C": 1.0, "ART_N": "Gemeinde", "PARENT_HIST_C": 10080.0, "PARENT_ART_C": 8.0, "VON": "1960\/01\/01", "BIS": "2999\/12\/31" }, "geometry": { "type": "Polygon", "coordinates": [ [ [ 2675444.763099998235703, 1265743.719899997115135 ], [ 2675397.203299999237, 1265558.998800002038479 ], [ 2675944.4122, 1264736.886299997568 ], [ 2676276.684500001370907, 1264433.2025 ], [ 2676395.546300001442432, 1263694.30719999969 ], [ 2676833.707299999893, 1263530.4173 ], [ 2677044.62519999966, 1263211.087700001895428 ], [ 2676513.9261, 1262759.217100002104416 ], [ 2676125.017, 1262816.3856 ], [ 2675928.9912, 1263203.0242 ], [ 2675448.7144, 1262915.514799997210503 ], [ 2675235.960499998182058, 1263048.927100002765656 ], [ 2674653.454100001603365, 1262831.993100002408028 ], [ 2674130.477200001478195, 1263534.315200001001358 ], [ 2673815.287799999118, 1264057.237899996340275 ], [ 2673708.0192, 1264282.8288 ], [ 2673118.452899999917, 1264632.162199996412 ], [ 2672448.299199998378754, 1264755.988899998366833 ], [ 2672584.159099999815, 1265168.50280000269413 ], [ 2672557.936900001019239, 1265640.048199996352196 ], [ 2672941.559599999338, 1266314.082900002598763 ], [ 2673329.640599999577, 1266624.337399996817112 ], [ 2673683.689199998975, 1266588.390199996298179 ], [ 2674034.9296, 1266622.602300003170967 ], [ 2675000.602000001817942, 1265631.7773 ], [ 2675444.763099998235703, 1265743.719899997115135 ] ] ] } },
{ "type": "Feature", "properties": { "GEBIET_HIST_C": 11709.0, "GEBIET_C": 111.0, "GEBIET_N": "Bäretswil", "ART_C": 1.0, "ART_N": "Gemeinde", "PARENT_HIST_C": 10079.0, "PARENT_ART_C": 8.0, "VON": "1960\/01\/01", "BIS": "2999\/12\/31" }, "geometry": { "type": "Polygon", "coordinates": [ [ [ 2711017.4228, 1245350.222900003194809 ], [ 2710799.014299999923, 1244661.826300002634525 ], [ 2711107.450399998575449, 1244131.181500002741814 ], [ 2711013.4096, 1243376.587700001895428 ], [ 2711299.883699998259544, 1243171.841799996793 ], [ 2711634.0559, 1242535.153599999845 ], [ 2711532.146200001239777, 1241840.0894 ], [ 2710514.261999998241663, 1242057.266500003635883 ], [ 2709742.675799999386, 1242097.466300003230572 ], [ 2709621.6442, 1241619.268200002610683 ], [ 2709140.756499998271465, 1241484.543300002813339 ], [ 2708475.835799999535, 1241627.761200003093109 ], [ 2707912.7419, 1242130.84910000115633 ], [ 2707211.123100001830608, 1242038.493299998342991 ], [ 2706413.06700000166893, 1242368.342 ], [ 2706234.105, 1242707.609300002455711 ], [ 2706032.77899999917, 1243280.746899999678 ], [ 2705137.689399998169392, 1243611.511600002646446 ], [ 2705072.236900001764297, 1244117.496299996972084 ], [ 2704486.188299998175353, 1244688.067100003361702 ], [ 2704963.847699999809, 1244918.800899997353554 ], [ 2705695.9703, 1244906.896799996495247 ], [ 2705837.207400001585484, 1245264.511100001633167 ], [ 2706899.230700001120567, 1246090.289800003170967 ], [ 2707126.556899998337, 1247005.474 ], [ 2708188.7555, 1246421.806999996304512 ], [ 2708279.7315, 1246072.418899998069 ], [ 2708755.391499999911, 1245961.605599999428 ], [ 2709139.5337, 1245571.505099996924 ], [ 2709597.789599999785, 1245513.032300002872944 ], [ 2710682.514899998903275, 1245691.781599998474121 ], [ 2711017.4228, 1245350.222900003194809 ] ] ] } },
{ "type": "Feature", "properties": { "GEBIET_HIST_C": 11735.0, "GEBIET_C": 21.0, "GEBIET_N": "Adlikon", "ART_C": 1.0, "ART_N": "Gemeinde", "PARENT_HIST_C": 10082.0, "PARENT_ART_C": 8.0, "VON": "1960\/01\/01", "BIS": "2022\/12\/31" }, "geometry": { "type": "Polygon", "coordinates": [ [ [ 2696839.7573, 1272510.009000003105029 ], [ 2696798.2892, 1271968.139899998903275 ], [ 2696271.885499998927116, 1271526.488799996906891 ], [ 2697096.401999998837709, 1270735.071199998492375 ], [ 2697488.7104, 1270228.999799996614456 ], [ 2697190.405299998819828, 1269849.050399996340275 ], [ 2696672.524999998509884, 1270024.069799996912479 ], [ 2696218.474899999797, 1270461.090099997818 ], [ 2695610.852499999106, 1270452.597499996423721 ], [ 2695576.556299999356, 1270082.678499996894971 ], [ 2695118.592999998480082, 1269791.9921 ], [ 2694718.376699998975, 1270200.12099999911 ], [ 2694384.372299998998642, 1269898.682899996638298 ], [ 2693963.8372, 1269940.994099996984005 ], [ 2693820.512299999595, 1270383.5423 ], [ 2693338.489799998700619, 1270510.958599999547 ], [ 2693061.613899998366833, 1271017.431900002062321 ], [ 2693377.6083, 1271038.639600001275539 ], [ 2693788.083799999207, 1271633.777999997138977 ], [ 2694192.7894, 1271785.8583 ], [ 2694921.4637, 1271347.289899997413158 ], [ 2695177.61439999938, 1270879.4591 ], [ 2695410.535799998790026, 1270903.95440000295639 ], [ 2695949.984799999744, 1271610.2892 ], [ 2695280.293699998408556, 1271776.580200001597404 ], [ 2694844.4263, 1272112.507600001990795 ], [ 2694849.182799998670816, 1272500.924599997699261 ], [ 2695853.693300001323223, 1272956.467799998819828 ], [ 2696200.7434, 1273486.312399998307228 ], [ 2696698.83099999977, 1273029.438199996948242 ], [ 2696274.3187, 1272598.855599999428 ], [ 2696463.8975, 1272308.823799997568 ], [ 2696839.7573, 1272510.009000003105029 ] ] ] } },
{ "type": "Feature", "properties": { "GEBIET_HIST_C": 11742.0, "GEBIET_C": 2.0, "GEBIET_N": "Affoltern am Albis", "ART_C": 1.0, "ART_N": "Gemeinde", "PARENT_HIST_C": 10053.0, "PARENT_ART_C": 8.0, "VON": "1960\/01\/01", "BIS": "2999\/12\/31" }, "geometry": { "type": "Polygon", "coordinates": [ [ [ 2678523.145199999213, 1238539.934799998998642 ], [ 2678570.5951, 1238076.612099997699261 ], [ 2678254.798599999398, 1237890.270499996840954 ], [ 2678206.934500001370907, 1236418.695600003004074 ], [ 2678547.583999998867512, 1235798.582999996840954 ], [ 2678238.167199999094, 1235235.0982 ], [ 2677625.955699998885393, 1235223.9287 ], [ 2676668.5207, 1235762.820600003004074 ], [ 2676119.031100001186132, 1235522.53320000320673 ], [ 2675467.048799999058, 1236452.355400003492832 ], [ 2675662.327399998903275, 1236711.663699999684 ], [ 2675430.281899999827, 1237048.669600002467632 ], [ 2674713.987799998372793, 1236941.732299998402596 ], [ 2674369.3724, 1237947.535300001502037 ], [ 2673826.298700001090765, 1238537.168499998748302 ], [ 2674343.343400001525879, 1239008.923299998044968 ], [ 2674910.10799999908, 1239334.779399998486042 ], [ 2675387.3519, 1238775.4221 ], [ 2675655.3757, 1238780.024099998176098 ], [ 2676044.689199998975, 1238218.538800001144409 ], [ 2676563.416900001466274, 1238052.7681 ], [ 2677318.814100001007318, 1238522.623400002717972 ], [ 2678523.145199999213, 1238539.934799998998642 ] ] ] } },
{ "type": "Feature", "properties": { "GEBIET_HIST_C": 11745.0, "GEBIET_C": 131.0, "GEBIET_N": "Adliswil", "ART_C": 1.0, "ART_N": "Gemeinde", "PARENT_HIST_C": 10078.0, "PARENT_ART_C": 8.0, "VON": "1960\/01\/01", "BIS": "2999\/12\/31" }, "geometry": { "type": "Polygon", "coordinates": [ [ [ 2683292.309799998998642, 1240462.369800001382828 ], [ 2683305.576099999249, 1240174.873599998885766 ], [ 2682832.960099998861551, 1239851.969899997115135 ], [ 2682587.999899998307228, 1239419.237999998033047 ], [ 2682314.7313, 1239276.104599997401237 ], [ 2682124.281100001186132, 1238564.712700001895428 ], [ 2681360.8405, 1238000.942100003361702 ], [ 2680996.311700001824647, 1237922.349200002849102 ], [ 2680774.717500001192093, 1239271.278399996459484 ], [ 2680944.318599998950958, 1239610.729500003159046 ], [ 2680799.935499999672, 1239934.382700003683567 ], [ 2681021.550099998713, 1240305.88000000291504 ], [ 2680718.034000001847744, 1240696.153499998152256 ], [ 2680480.664500001817942, 1241583.6523 ], [ 2680833.3669, 1241789.169600002467632 ], [ 2681725.932300001382828, 1242021.591099999845 ], [ 2681741.948800001293421, 1242022.026100002229214 ], [ 2682027.586199998855591, 1242043.8891 ], [ 2682638.8255, 1242650.997500002384186 ], [ 2682962.842399999499, 1242725.415499999886 ], [ 2682826.5689, 1242123.2466000020504 ], [ 2683027.671300001442432, 1240991.50500000291504 ], [ 2683292.309799998998642, 1240462.369800001382828 ] ] ] } },
{ "type": "Feature", "properties": { "GEBIET_HIST_C": 11777.0, "GEBIET_C": 211.0, "GEBIET_N": "Altikon", "ART_C": 1.0, "ART_N": "Gemeinde", "PARENT_HIST_C": 10074.0, "PARENT_ART_C": 8.0, "VON": "1960\/01\/01", "BIS": "2999\/12\/31" }, "geometry": { "type": "Polygon", "coordinates": [ [ [ 2703204.821400001645088, 1269818.7729 ], [ 2702577.457499999553, 1269041.487300001084805 ], [ 2702216.690699998289347, 1269024.938600003486499 ], [ 2701705.6246, 1269315.777900002896786 ], [ 2701148.581599999219, 1269273.999499998986721 ], [ 2700801.738699998706579, 1269192.2993 ], [ 2700078.534400001168251, 1269326.965099997818 ], [ 2699623.525699999183, 1270225.07699999958 ], [ 2699789.471900001168251, 1270776.004699997603893 ], [ 2699500.2399, 1271853.224 ], [ 2699531.3946, 1272190.568000003695488 ], [ 2699917.587799999863, 1272127.255800001090392 ], [ 2702866.18470000103116, 1271168.465199999511 ], [ 2702787.461599998176098, 1270261.0872 ], [ 2703204.821400001645088, 1269818.7729 ] ] ] } },
{ "type": "Feature", "properties": { "GEBIET_HIST_C": 11786.0, "GEBIET_C": 82.0, "GEBIET_N": "Boppelsen", "ART_C": 1.0, "ART_N": "Gemeinde", "PARENT_HIST_C": 10080.0, "PARENT_ART_C": 8.0, "VON": "1960\/01\/01", "BIS": "2999\/12\/31" }, "geometry": { "type": "Polygon", "coordinates": [ [ [ 2674024.1347, 1258127.544699996709824 ], [ 2673895.43899999931, 1256806.599299997091293 ], [ 2673608.8099, 1256902.998899996513501 ], [ 2673197.890700001269579, 1257452.027099996805191 ], [ 2672310.128299999982, 1257707.930200003087521 ], [ 2672008.366599999368, 1258166.754299998516217 ], [ 2671675.966499999166, 1258217.457400001585484 ], [ 2672142.6334, 1259057.387500002980232 ], [ 2671959.1321, 1259443.088699996471405 ], [ 2672782.922200001776218, 1259474.707000002497807 ], [ 2673635.17139999941, 1259370.5876 ], [ 2674024.1347, 1258127.544699996709824 ] ] ] } },
{ "type": "Feature", "properties": { "GEBIET_HIST_C": 11801.0, "GEBIET_C": 3.0, "GEBIET_N": "Bonstetten", "ART_C": 1.0, "ART_N": "Gemeinde", "PARENT_HIST_C": 10053.0, "PARENT_ART_C": 8.0, "VON": "1960\/01\/01", "BIS": "2999\/12\/31" }, "geometry": { "type": "Polygon", "coordinates": [ [ [ 2679007.686900001019239, 1241960.090400002896786 ], [ 2679005.7124, 1240576.915600001811981 ], [ 2678780.526099998503923, 1239698.742399998009205 ], [ 2678971.620099999011, 1238997.484800003701821 ], [ 2678517.001299999654, 1239123.205799996852875 ], [ 2677997.491999998688698, 1239589.6959 ], [ 2676845.302000001072884, 1240316.015299998223782 ], [ 2676625.6968, 1240658.799699999392 ], [ 2675810.595400001853704, 1241034.37839999795 ], [ 2676393.1422, 1241878.370399996638298 ], [ 2676339.992400001734495, 1242169.324100002646446 ], [ 2676751.022399999201, 1243150.7826 ], [ 2676835.221700001507998, 1243159.071500003105029 ], [ 2677037.9866, 1242802.5591000020504 ], [ 2677454.582899998873472, 1242736.802199997007847 ], [ 2677624.361299999058, 1242406.31530000269413 ], [ 2678504.5744, 1242363.7826 ], [ 2678598.401399999857, 1242078.569899998605251 ], [ 2679007.686900001019239, 1241960.090400002896786 ] ] ] } },
{ "type": "Feature", "properties": { "GEBIET_HIST_C": 11855.0, "GEBIET_C": 23.0, "GEBIET_N": "Berg am Irchel", "ART_C": 1.0, "ART_N": "Gemeinde", "PARENT_HIST_C": 10082.0, "PARENT_ART_C": 8.0, "VON": "1960\/01\/01", "BIS": "2999\/12\/31" }, "geometry": { "type": "Polygon", "coordinates": [ [ [ 2688366.804000001400709, 1269260.517599999905 ], [ 2688692.477200001478195, 1269111.537100002169609 ], [ 2688312.242400001734495, 1268342.206699997186661 ], [ 2688417.306200001388788, 1267697.1224 ], [ 2688042.283399999142, 1266891.355800002813339 ], [ 2687212.28009999916, 1266946.3715 ], [ 2687012.574, 1267330.048500001430511 ], [ 2686450.510299999267, 1267812.454599998891354 ], [ 2685794.55970000103116, 1267754.155299998819828 ], [ 2685774.884799998253584, 1268233.048399999505 ], [ 2684956.539299998432398, 1268593.6739 ], [ 2685276.648699998855591, 1269912.279700003564358 ], [ 2687549.070999998599291, 1269702.070600003004074 ], [ 2688113.147700001019984, 1269264.253300003707409 ], [ 2688366.804000001400709, 1269260.517599999905 ] ] ] } },
{ "type": "Feature", "properties": { "GEBIET_HIST_C": 11862.0, "GEBIET_C": 22.0, "GEBIET_N": "Benken (ZH)", "ART_C": 1.0, "ART_N": "Gemeinde", "PARENT_HIST_C": 10082.0, "PARENT_ART_C": 8.0, "VON": "1960\/01\/01", "BIS": "2999\/12\/31" }, "geometry": { "type": "Polygon", "coordinates": [ [ [ 2692503.692499998956919, 1280275.517700001597404 ], [ 2692594.8887, 1280059.356499999762 ], [ 2692378.275199998170137, 1279112.66899999976 ], [ 2692502.9536, 1278535.382299996912479 ], [ 2691981.881299998611212, 1277955.069799996912479 ], [ 2691898.154699999839, 1277565.966099999845 ], [ 2691529.016800001263618, 1277336.007600001990795 ], [ 2691267.422200001776218, 1277694.593500003218651 ], [ 2690672.852699998766184, 1277382.440700002014637 ], [ 2690121.4386, 1277675.235100001096725 ], [ 2689986.2840499989688, 1278027.280500002205372 ], [ 2690250.3497, 1279084.037600003182888 ], [ 2690213.2324, 1279354.575599998235703 ], [ 2689778.844599999487, 1279484.51895 ], [ 2691257.109499998390675, 1279967.118500001495704 ], [ 2691712.501899998169392, 1280327.890699997544289 ], [ 2692503.692499998956919, 1280275.517700001597404 ] ] ] } },
{ "type": "Feature", "properties": { "GEBIET_HIST_C": 11865.0, "GEBIET_C": 212.0, "GEBIET_N": "Bertschikon", "ART_C": 1.0, "ART_N": "Gemeinde", "PARENT_HIST_C": 10074.0, "PARENT_ART_C": 8.0, "VON": "1960\/01\/01", "BIS": "2013\/12\/31" }, "geometry": { "type": "Polygon", "coordinates": [ [ [ 2704720.2868, 1267857.699600003659725 ], [ 2705081.669199999422, 1266733.226400002837181 ], [ 2705501.883099999279, 1266342.592500001192093 ], [ 2705586.460099998861551, 1265601.327100001275539 ], [ 2706707.911499999464, 1265374.90799999982 ], [ 2707733.0439000017941, 1265383.001000002026558 ], [ 2708088.2542, 1265281.529200002551079 ], [ 2707657.258900001645088, 1264672.7496 ], [ 2707463.04899999872, 1264935.135899998247623 ], [ 2706141.423500001430511, 1264793.7879 ], [ 2706200.2082, 1264281.072800002992153 ], [ 2706520.3066, 1263846.164300002157688 ], [ 2706255.175099998713, 1263240.462700001895428 ], [ 2705831.254799999297, 1263130.063100002706051 ], [ 2705598.5269, 1263429.586000002920628 ], [ 2704678.586199998855591, 1263174.401799999177 ], [ 2704513.364, 1263284.157200001180172 ], [ 2704665.423399999738, 1264013.784000001847744 ], [ 2704773.039299998432398, 1264625.204099998110905 ], [ 2704120.063099998980761, 1264684.634000003105029 ], [ 2703552.262699998915195, 1264416.359800003701821 ], [ 2703175.779399998486042, 1264396.458499998087063 ], [ 2702846.053199999034, 1264671.945299997925758 ], [ 2703381.538499999791, 1265702.743 ], [ 2703035.240499999374, 1266032.557800002396107 ], [ 2703057.742699999362, 1266520.143200002610683 ], [ 2703297.331799998879433, 1266980.508699998492375 ], [ 2703881.645199999213, 1266822.757299996912479 ], [ 2704454.626499999315, 1267460.549999997019768 ], [ 2704293.226399999112, 1267841.0194 ], [ 2704720.2868, 1267857.699600003659725 ] ] ] } },
{ "type": "Feature", "properties": { "GEBIET_HIST_C": 11935.0, "GEBIET_C": 29.0, "GEBIET_N": "Flurlingen", "ART_C": 1.0, "ART_N": "Gemeinde", "PARENT_HIST_C": 10082.0, "PARENT_ART_C": 8.0, "VON": "1960\/01\/01", "BIS": "2999\/12\/31" }, "geometry": { "type": "Polygon", "coordinates": [ [ [ 2691730.81700000166893, 1281525.6347 ], [ 2691076.947599999607, 1281295.427100002765656 ], [ 2689990.787399999797, 1281500.108400001889095 ], [ 2689196.092300001531839, 1281161.220399997895584 ], [ 2689013.71510000154376, 1281306.73030000180006 ], [ 2689260.397100001573563, 1281702.006099998950958 ], [ 2689000.485199999064, 1282881.155299998819828 ], [ 2689611.104299999774, 1283092.970399997895584 ], [ 2690179.667899999768, 1282300.162600003182888 ], [ 2691189.7353, 1281697.218400001525879 ], [ 2691730.81700000166893, 1281525.6347 ] ] ] } },
{ "type": "Feature", "properties": { "GEBIET_HIST_C": 11960.0, "GEBIET_C": 57.0, "GEBIET_N": "Freienstein-Teufen", "ART_C": 1.0, "ART_N": "Gemeinde", "PARENT_HIST_C": 10081.0, "PARENT_ART_C": 8.0, "VON": "1960\/01\/01", "BIS": "2999\/12\/31" }, "geometry": { "type": "Polygon", "coordinates": [ [ [ 2687212.28009999916, 1266946.3715 ], [ 2687197.440499998629093, 1266734.481700003147125 ], [ 2687595.075800001621246, 1266097.890600003302097 ], [ 2688067.557100001722574, 1265976.299800001084805 ], [ 2688376.524099998176098, 1265615.458800002932549 ], [ 2688025.821899998933077, 1264752.773699998855591 ], [ 2687929.10020000115037, 1264251.0709 ], [ 2687103.887699998915195, 1264315.516199998557568 ], [ 2686796.9076, 1264917.069899998605251 ], [ 2686459.745299998670816, 1264803.189199998975 ], [ 2686146.3198, 1264825.635499998927116 ], [ 2686056.493700001388788, 1265517.84570000320673 ], [ 2685458.100900001823902, 1266144.168499998748302 ], [ 2685253.128600001335144, 1266632.53490000218153 ], [ 2684607.934, 1266561.200599998235703 ], [ 2683965.87099999934, 1267239.868100002408028 ], [ 2683961.318399999291, 1267537.217299997806549 ], [ 2684291.502599999309, 1267494.4569 ], [ 2684956.539299998432398, 1268593.6739 ], [ 2685774.884799998253584, 1268233.048399999505 ], [ 2685794.55970000103116, 1267754.155299998819828 ], [ 2686450.510299999267, 1267812.454599998891354 ], [ 2687012.574, 1267330.048500001430511 ], [ 2687212.28009999916, 1266946.3715 ] ] ] } },
{ "type": "Feature", "properties": { "GEBIET_HIST_C": 11970.0, "GEBIET_C": 116.0, "GEBIET_N": "Grüningen", "ART_C": 1.0, "ART_N": "Gemeinde", "PARENT_HIST_C": 10079.0, "PARENT_ART_C": 8.0, "VON": "1960\/01\/01", "BIS": "2999\/12\/31" }, "geometry": { "type": "Polygon", "coordinates": [ [ [ 2702565.6453, 1237018.412 ], [ 2702074.1499, 1236608.9054 ], [ 2701576.684799998998642, 1235820.813500002026558 ], [ 2700625.640999998897314, 1236317.079899996286258 ], [ 2700005.143699999899, 1236117.4802 ], [ 2699398.638, 1236226.0982 ], [ 2698982.481600001454353, 1236036.800300002098083 ], [ 2698453.03099999949, 1236547.421400003135204 ], [ 2698619.18470000103116, 1236881.460699997842312 ], [ 2698183.739100001752377, 1237559.370399996638298 ], [ 2698205.988699998706579, 1237961.613300003111362 ], [ 2698242.995799999684, 1238276.82 ], [ 2698418.059799998998642, 1238581.980499997502193 ], [ 2699035.993299998342991, 1238519.236000001430511 ], [ 2699170.34910000115633, 1238833.159599997103214 ], [ 2700148.7419, 1238863.992499999702 ], [ 2700681.845199998468161, 1238606.219099998474121 ], [ 2701486.587699998170137, 1237787.760499998927116 ], [ 2701966.2166, 1237692.705200001597404 ], [ 2702250.806400001049042, 1237066.536700002849102 ], [ 2702565.6453, 1237018.412 ] ] ] } },
{ "type": "Feature", "properties": { "GEBIET_HIST_C": 11973.0, "GEBIET_C": 27.0, "GEBIET_N": "Feuerthalen", "ART_C": 1.0, "ART_N": "Gemeinde", "PARENT_HIST_C": 10082.0, "PARENT_ART_C": 8.0, "VON": "1960\/01\/01", "BIS": "2999\/12\/31" }, "geometry": { "type": "Polygon", "coordinates": [ [ [ 2689611.104299999774, 1283092.970399997895584 ], [ 2690287.044599998742342, 1283335.134999997913837 ], [ 2690639.6796, 1283249.849399998784065 ], [ 2691663.555, 1282458.9245000036899 ], [ 2692412.7379, 1282306.8319 ], [ 2692328.530699998140335, 1281500.333999998867512 ], [ 2691730.81700000166893, 1281525.6347 ], [ 2691189.7353, 1281697.218400001525879 ], [ 2690179.667899999768, 1282300.162600003182888 ], [ 2689611.104299999774, 1283092.970399997895584 ] ] ] } },
{ "type": "Feature", "properties": { "GEBIET_HIST_C": 11989.0, "GEBIET_C": 172.0, "GEBIET_N": "Fehraltorf", "ART_C": 1.0, "ART_N": "Gemeinde", "PARENT_HIST_C": 10076.0, "PARENT_ART_C": 8.0, "VON": "1960\/01\/01", "BIS": "2999\/12\/31" }, "geometry": { "type": "Polygon", "coordinates": [ [ [ 2699147.872099999338, 1251281.843099996447563 ], [ 2699842.6422, 1250876.133599996566772 ], [ 2700349.833599999547, 1249328.942199997603893 ], [ 2701013.2203, 1248942.821400001645088 ], [ 2700604.983600001782179, 1248444.6585 ], [ 2700327.964699998497963, 1248478.788900002837181 ], [ 2700246.546, 1247733.689900003373623 ], [ 2699808.6728, 1247821.1259 ], [ 2699462.998599998652935, 1246730.870099999011 ], [ 2699304.8486, 1247091.6699 ], [ 2698543.268399998545647, 1247559.623099997639656 ], [ 2698535.749099999666, 1247944.5185 ], [ 2697591.6257, 1248785.091300003230572 ], [ 2697428.5106, 1248729.6422 ], [ 2697202.432, 1249266.761399999261 ], [ 2697571.922299999744, 1250023.5511 ], [ 2697821.6129, 1250485.670500002801418 ], [ 2697559.5962, 1250906.7016 ], [ 2698168.853199999779, 1251326.5084 ], [ 2698650.923, 1251395.8385 ], [ 2699147.872099999338, 1251281.843099996447563 ] ] ] } },
{ "type": "Feature", "properties": { "GEBIET_HIST_C": 11992.0, "GEBIET_C": 4.0, "GEBIET_N": "Hausen am Albis", "ART_C": 1.0, "ART_N": "Gemeinde", "PARENT_HIST_C": 10053.0, "PARENT_ART_C": 8.0, "VON": "1960\/01\/01", "BIS": "2999\/12\/31" }, "geometry": { "type": "Polygon", "coordinates": [ [ [ 2683013.0306, 1235030.957599997520447 ], [ 2683575.867499999702, 1234258.619800001382828 ], [ 2683956.5821999982, 1233575.448700003093109 ], [ 2684694.9067, 1233022.275499999523 ], [ 2685177.707600001245737, 1231944.129600003361702 ], [ 2685592.931400001049042, 1231338.7742 ], [ 2686131.256700001657009, 1231081.814499996602535 ], [ 2686443.514400001615286, 1230696.561700001358986 ], [ 2686237.924600001424551, 1230372.350900001823902 ], [ 2685478.240600001066923, 1230345.968699999154 ], [ 2684398.621199999005, 1230678.933899998897687 ], [ 2683678.488299999386, 1230712.545400001108646 ], [ 2683222.8284, 1231973.305600002408028 ], [ 2682662.17119999975, 1232087.976999998092651 ], [ 2682051.583999998867512, 1232435.6598 ], [ 2681454.754700001329184, 1232413.958700001239777 ], [ 2681486.344700001180172, 1233042.021300002932549 ], [ 2681381.529800001531839, 1234110.065200001001358 ], [ 2680944.0009, 1234666.363799996906891 ], [ 2680492.30290000140667, 1235034.944099999964 ], [ 2680584.675299998372793, 1235438.374200001358986 ], [ 2680420.36439999938, 1236207.477899998426437 ], [ 2680605.371899999678, 1236344.26860000193119 ], [ 2681180.1882, 1236077.540799997514114 ], [ 2681379.135499998927116, 1236351.772200003266335 ], [ 2681721.05209999904, 1235621.130400002002716 ], [ 2682172.671300001442432, 1235754.613399997353554 ], [ 2682733.39499999955, 1235615.364 ], [ 2683013.0306, 1235030.957599997520447 ] ] ] } },
{ "type": "Feature", "properties": { "GEBIET_HIST_C": 11997.0, "GEBIET_C": 28.0, "GEBIET_N": "Flaach", "ART_C": 1.0, "ART_N": "Gemeinde", "PARENT_HIST_C": 10082.0, "PARENT_ART_C": 8.0, "VON": "1960\/01\/01", "BIS": "2999\/12\/31" }, "geometry": { "type": "Polygon", "coordinates": [ [ [ 2688783.030900001525879, 1272656.1537000015378 ], [ 2689176.439100001007318, 1272241.310699999 ], [ 2689581.271000001579523, 1272077.632799997925758 ], [ 2690088.7236, 1272180.072099998593 ], [ 2690362.666299998760223, 1271880.997900001704693 ], [ 2690492.160500001162291, 1271441.880099996924 ], [ 2689653.960200001019984, 1271243.067900002002716 ], [ 2688966.954, 1270607.815700002014637 ], [ 2688879.951799999923, 1269710.085500001907349 ], [ 2688532.455699998885393, 1269695.04089999944 ], [ 2688366.804000001400709, 1269260.517599999905 ], [ 2688113.147700001019984, 1269264.253300003707409 ], [ 2687549.070999998599291, 1269702.070600003004074 ], [ 2685276.648699998855591, 1269912.279700003564358 ], [ 2685751.263999998569489, 1270106.0075 ], [ 2685867.1094, 1270409.448399998247623 ], [ 2685651.955099999905, 1271345.326099999249 ], [ 2686042.7507, 1271976.779700003564358 ], [ 2686815.379999998956919, 1272295.04900000244379 ], [ 2687246.9056, 1272593.4324000030756 ], [ 2687896.610599998384714, 1272344.718299999833 ], [ 2688783.030900001525879, 1272656.1537000015378 ] ] ] } },
{ "type": "Feature", "properties": { "GEBIET_HIST_C": 12001.0, "GEBIET_C": 220.0, "GEBIET_N": "Hagenbuch", "ART_C": 1.0, "ART_N": "Gemeinde", "PARENT_HIST_C": 10074.0, "PARENT_ART_C": 8.0, "VON": "1960\/01\/01", "BIS": "2999\/12\/31" }, "geometry": { "type": "Polygon", "coordinates": [ [ [ 2708088.2542, 1265281.529200002551079 ], [ 2708546.211199998855591, 1265095.591700002551079 ], [ 2708797.2969, 1265299.976099997758865 ], [ 2709928.309500001370907, 1264717.586599998176098 ], [ 2709713.840599998831749, 1264186.309500001370907 ], [ 2709816.462900001555681, 1263972.282099999487 ], [ 2709875.765, 1262600.2368 ], [ 2709724.860399998724461, 1262349.990099996328354 ], [ 2709130.2586, 1262159.891099996864796 ], [ 2708420.165800001472235, 1262153.614500001072884 ], [ 2708520.278299998492002, 1262502.740099996328354 ], [ 2708277.29, 1263123.219899997115135 ], [ 2707883.1644, 1262774.034599997103214 ], [ 2707364.640500001609325, 1263158.516500003635883 ], [ 2707007.072700001299381, 1262837.87780000269413 ], [ 2706255.175099998713, 1263240.462700001895428 ], [ 2706520.3066, 1263846.164300002157688 ], [ 2706200.2082, 1264281.072800002992153 ], [ 2706141.423500001430511, 1264793.7879 ], [ 2707463.04899999872, 1264935.135899998247623 ], [ 2707657.258900001645088, 1264672.7496 ], [ 2708088.2542, 1265281.529200002551079 ] ] ] } },
{ "type": "Feature", "properties": { "GEBIET_HIST_C": 12002.0, "GEBIET_C": 114.0, "GEBIET_N": "Fischenthal", "ART_C": 1.0, "ART_N": "Gemeinde", "PARENT_HIST_C": 10079.0, "PARENT_ART_C": 8.0, "VON": "1960\/01\/01", "BIS": "2999\/12\/31" }, "geometry": { "type": "Polygon", "coordinates": [ [ [ 2716175.408100001513958, 1240719.807300001382828 ], [ 2715301.620000001043081, 1241274.321099996566772 ], [ 2714691.5885, 1241224.177699998021126 ], [ 2714449.480799999088, 1241355.372500002384186 ], [ 2712634.0357, 1241466.164499998092651 ], [ 2712453.739999998360872, 1241149.808799996972084 ], [ 2711727.0104, 1241197.982 ], [ 2711237.901999998837709, 1241004.226899996399879 ], [ 2710047.221500001847744, 1241127.023699998855591 ], [ 2709621.6442, 1241619.268200002610683 ], [ 2709742.675799999386, 1242097.466300003230572 ], [ 2710514.261999998241663, 1242057.266500003635883 ], [ 2711532.146200001239777, 1241840.0894 ], [ 2711634.0559, 1242535.153599999845 ], [ 2711299.883699998259544, 1243171.841799996793 ], [ 2711013.4096, 1243376.587700001895428 ], [ 2711107.450399998575449, 1244131.181500002741814 ], [ 2710799.014299999923, 1244661.826300002634525 ], [ 2711017.4228, 1245350.222900003194809 ], [ 2711371.1794, 1245658.937399998307228 ], [ 2711248.1926, 1246210.628499999642 ], [ 2711472.4327, 1246511.165399998426437 ], [ 2711903.994600001722574, 1246389.417900003492832 ], [ 2712205.205200001597404, 1246963.246200002729893 ], [ 2712700.837900001555681, 1247066.504299998516217 ], [ 2712801.977400001138449, 1247457.289599999785 ], [ 2713436.736200001090765, 1248169.132200002903119 ], [ 2713652.300900001078844, 1248312.008299998939037 ], [ 2714238.558299999684, 1247867.8297 ], [ 2714383.878600001335144, 1247241.536499999696 ], [ 2715007.36899999902, 1245907.977899998426437 ], [ 2715502.8728, 1245948.365199998021126 ], [ 2715824.1794, 1245694.283799998462 ], [ 2716044.2357, 1245192.730099998414516 ], [ 2715960.607700001448393, 1244357.068000003695488 ], [ 2716432.94319999963, 1244152.0982 ], [ 2716254.937600001692772, 1243185.806900002062321 ], [ 2716589.659499999136, 1242453.737099997699261 ], [ 2716900.892299998551607, 1242099.049199998378754 ], [ 2716175.408100001513958, 1240719.807300001382828 ] ] ] } },
{ "type": "Feature", "properties": { "GEBIET_HIST_C": 12023.0, "GEBIET_C": 115.0, "GEBIET_N": "Gossau (ZH)", "ART_C": 1.0, "ART_N": "Gemeinde", "PARENT_HIST_C": 10079.0, "PARENT_ART_C": 8.0, "VON": "1960\/01\/01", "BIS": "2999\/12\/31" }, "geometry": { "type": "Polygon", "coordinates": [ [ [ 2700166.711599998176098, 1242623.8768 ], [ 2700395.879299998283386, 1242543.342500001192093 ], [ 2701121.9371, 1241480.801799997687 ], [ 2701788.432599999011, 1241418.329800002509728 ], [ 2702677.0445, 1239740.685999996960163 ], [ 2703347.293000001460314, 1239608.387199997901917 ], [ 2703645.1453, 1239281.753600001102313 ], [ 2703915.209100001025945, 1238837.628600001102313 ], [ 2703211.142700001597404, 1238719.988099999493 ], [ 2703014.951699998229742, 1238338.084200002485886 ], [ 2703348.208999998867512, 1237984.402099996805191 ], [ 2703194.050099998713, 1237425.923299998044968 ], [ 2702886.6228, 1237390.0295 ], [ 2702565.6453, 1237018.412 ], [ 2702250.806400001049042, 1237066.536700002849102 ], [ 2701966.2166, 1237692.705200001597404 ], [ 2701486.587699998170137, 1237787.760499998927116 ], [ 2700681.845199998468161, 1238606.219099998474121 ], [ 2700148.7419, 1238863.992499999702 ], [ 2699170.34910000115633, 1238833.159599997103214 ], [ 2699035.993299998342991, 1238519.236000001430511 ], [ 2698418.059799998998642, 1238581.980499997502193 ], [ 2698242.995799999684, 1238276.82 ], [ 2697712.952599998563528, 1238397.827699996298179 ], [ 2697383.639899998903275, 1238838.180600002408028 ], [ 2697572.3471, 1239068.250299997627735 ], [ 2698443.8418, 1239264.422600001096725 ], [ 2698229.721500001847744, 1239742.792599998414516 ], [ 2698481.1809, 1239995.5709 ], [ 2697659.1325, 1240582.566699996590614 ], [ 2698162.10889999941, 1240996.13069999963 ], [ 2698094.3114, 1241207.603200003504753 ], [ 2698525.337699998170137, 1241589.6743 ], [ 2698458.456399999559, 1242003.558399997651577 ], [ 2698802.891199998557568, 1242348.583400003612041 ], [ 2699165.29, 1242385.826499998569489 ], [ 2699680.9032, 1242686.185500003397465 ], [ 2700166.711599998176098, 1242623.8768 ] ] ] } },
{ "type": "Feature", "properties": { "GEBIET_HIST_C": 12056.0, "GEBIET_C": 58.0, "GEBIET_N": "Glattfelden", "ART_C": 1.0, "ART_N": "Gemeinde", "PARENT_HIST_C": 10081.0, "PARENT_ART_C": 8.0, "VON": "1960\/01\/01", "BIS": "2999\/12\/31" }, "geometry": { "type": "MultiPolygon", "coordinates": [ [ [ [ 2681957.26799999923, 1268355.002300001680851 ], [ 2682089.585599999875, 1267008.646499998867512 ], [ 2681656.811900001019239, 1267110.059199996292591 ], [ 2681517.092099998146296, 1266657.291599996387959 ], [ 2681179.243099998682737, 1266521.735899999505 ], [ 2680480.583599999547, 1266227.177699998021126 ], [ 2680186.923700001090765, 1265820.420400001108646 ], [ 2679921.0876, 1266335.641000002622604 ], [ 2679174.967099998146296, 1267214.145400002598763 ], [ 2678290.399199999869, 1267682.483900003135204 ], [ 2677839.67669999972, 1267799.1545 ], [ 2677717.299499999732, 1268198.7452 ], [ 2676909.634199999273, 1267730.949199996888638 ], [ 2676579.8792, 1267998.023999996483326 ], [ 2677188.267399999779, 1268336.274999998509884 ], [ 2677488.2619, 1268687.4274 ], [ 2677167.827899999917, 1269557.5515 ], [ 2678026.326699998229742, 1270153.2421 ], [ 2678636.739799998700619, 1270119.662600003182888 ], [ 2678713.091699998825788, 1269792.899899996817112 ], [ 2679833.572399999946, 1269943.949100002646446 ], [ 2680405.41039999947, 1269386.395900003612041 ], [ 2680733.166099999, 1269459.007899999619 ], [ 2681220.80099999905, 1269215.677699998021126 ], [ 2681195.612100001424551, 1268433.901299998164177 ], [ 2681517.2718, 1268234.1120000036899 ], [ 2681957.26799999923, 1268355.002300001680851 ] ] ], [ [ [ 2678898.909299999475, 1270217.396200001239777 ], [ 2679450.009599998593, 1270580.681500002741814 ], [ 2679839.5515, 1270557.240299999714 ], [ 2679966.586, 1270207.461499996483326 ], [ 2679352.1213, 1270093.927699998021126 ], [ 2678898.909299999475, 1270217.396200001239777 ] ] ] ] } },
{ "type": "Feature", "properties": { "GEBIET_HIST_C": 12073.0, "GEBIET_C": 194.0, "GEBIET_N": "Greifensee", "ART_C": 1.0, "ART_N": "Gemeinde", "PARENT_HIST_C": 10075.0, "PARENT_ART_C": 8.0, "VON": "1960\/01\/01", "BIS": "2999\/12\/31" }, "geometry": { "type": "Polygon", "coordinates": [ [ [ 2692695.80739999935, 1247523.721299998462 ], [ 2693001.883000001311302, 1247996.594700001180172 ], [ 2692845.988200001418591, 1248344.934299997985363 ], [ 2693564.697999998927116, 1247796.162399999797 ], [ 2694045.9582, 1247397.747900001704693 ], [ 2693856.516600001603365, 1247162.599799998104572 ], [ 2694701.228399998974055, 1246782.783399999142 ], [ 2694724.5797, 1246326.7166 ], [ 2694992.756099998950958, 1245865.275899998844 ], [ 2694464.444499999285, 1245435.377499997615814 ], [ 2693793.1882, 1246505.285999998450279 ], [ 2693432.7529, 1246594.119800001382828 ], [ 2692695.80739999935, 1247523.721299998462 ] ] ] } },
{ "type": "Feature", "properties": { "GEBIET_HIST_C": 12123.0, "GEBIET_C": 192.0, "GEBIET_N": "Egg", "ART_C": 1.0, "ART_N": "Gemeinde", "PARENT_HIST_C": 10075.0, "PARENT_ART_C": 8.0, "VON": "1960\/01\/01", "BIS": "2999\/12\/31" }, "geometry": { "type": "Polygon", "coordinates": [ [ [ 2697572.3471, 1239068.250299997627735 ], [ 2697383.639899998903275, 1238838.180600002408028 ], [ 2697712.952599998563528, 1238397.827699996298179 ], [ 2698242.995799999684, 1238276.82 ], [ 2698205.988699998706579, 1237961.613300003111362 ], [ 2697508.3396, 1237996.138400003314018 ], [ 2697188.7463, 1238233.236299999058 ], [ 2696745.959199998527765, 1237781.339900002116337 ], [ 2696433.587499998509884, 1237778.586900003254414 ], [ 2696146.289, 1237042.054200001060963 ], [ 2695611.344999998807907, 1237102.30189999938 ], [ 2695062.7626, 1236810.798500001430511 ], [ 2694620.4349, 1237434.280000001192093 ], [ 2694182.415600001811981, 1237786.565800003707409 ], [ 2694134.666099999, 1238111.0665 ], [ 2693398.647399999201, 1238478.040399998426437 ], [ 2692979.356899999082, 1239343.042900003492832 ], [ 2692522.279199998825788, 1239617.837399996817112 ], [ 2692352.319299999624, 1240145.28559999913 ], [ 2692067.546, 1240426.855099998414516 ], [ 2693106.5139, 1240822.947800002992153 ], [ 2693702.518699999899, 1241327.626900002360344 ], [ 2693980.5482, 1241036.968199997907504 ], [ 2694729.719799999148, 1241652.5845 ], [ 2695174.463199999183, 1241862.180699996883 ], [ 2695815.2443, 1241562.501299999654 ], [ 2695531.9254, 1241219.492799997096881 ], [ 2695856.506, 1241014.764899998903275 ], [ 2695473.960499998182058, 1240398.552199997007847 ], [ 2696100.601300001144409, 1239747.861100003123283 ], [ 2697083.6633, 1239555.851800002157688 ], [ 2697572.3471, 1239068.250299997627735 ] ] ] } },
{ "type": "Feature", "properties": { "GEBIET_HIST_C": 12125.0, "GEBIET_C": 222.0, "GEBIET_N": "Hofstetten bei Elgg", "ART_C": 1.0, "ART_N": "Gemeinde", "PARENT_HIST_C": 10074.0, "PARENT_ART_C": 8.0, "VON": "1960\/01\/01", "BIS": "2002\/12\/31" }, "geometry": { "type": "Polygon", "coordinates": [ [ [ 2708929.964899998158216, 1258710.074199996888638 ], [ 2709459.6534, 1258623.3174 ], [ 2709719.461699999869, 1258002.9855 ], [ 2709543.9514, 1257454.263800002634525 ], [ 2708905.741099998354912, 1257179.298299998044968 ], [ 2708884.016899999231, 1256291.415200002491474 ], [ 2708613.295200001448393, 1256316.990699999034 ], [ 2708276.8273, 1256757.409400001168251 ], [ 2707201.979699999094, 1256457.108000002801418 ], [ 2707029.446199998259544, 1257025.608400001889095 ], [ 2707266.209600001573563, 1257449.960299998288974 ], [ 2706941.48699999973, 1257753.51299999631 ], [ 2706969.111000001430511, 1258128.055200003087521 ], [ 2706662.476799998432398, 1258519.304700002074242 ], [ 2705794.680599998682737, 1258927.525700002908707 ], [ 2705645.821899998933077, 1259554.944099999964 ], [ 2704852.298399999738, 1259830.9437 ], [ 2704326.99489999935, 1260523.915799997514114 ], [ 2704016.2333, 1260684.457999996840954 ], [ 2704072.775499999523, 1261153.672300003701821 ], [ 2704631.207899998873472, 1261598.295699998736382 ], [ 2704409.46759999916, 1261931.569099999964 ], [ 2704865.026, 1262118.314800001680851 ], [ 2705031.021899998188019, 1262257.575699999928 ], [ 2705832.3854, 1261752.2466000020504 ], [ 2705866.48409999907, 1261296.047600001096725 ], [ 2705192.865899998694658, 1261028.391000002622604 ], [ 2706005.19990000128746, 1260107.821000002324581 ], [ 2706512.379399999976, 1260214.479000001912937 ], [ 2706839.235800001770258, 1259911.22070000320673 ], [ 2706691.366099998354912, 1259275.397699996829033 ], [ 2706951.211399998515844, 1259214.210100002586842 ], [ 2707033.508499998599291, 1258637.2408 ], [ 2707318.6928, 1258579.796899996697903 ], [ 2707735.2635000012815, 1258084.929899998009205 ], [ 2708050.358199998736382, 1258060.765600003302097 ], [ 2708342.690099999309, 1258425.834899999201 ], [ 2708750.782699998468161, 1258367.626699998975 ], [ 2708929.964899998158216, 1258710.074199996888638 ] ] ] } },
{ "type": "Feature", "properties": { "GEBIET_HIST_C": 12143.0, "GEBIET_C": 153.0, "GEBIET_N": "Hombrechtikon", "ART_C": 1.0, "ART_N": "Gemeinde", "PARENT_HIST_C": 10077.0, "PARENT_ART_C": 8.0, "VON": "1986\/01\/01", "BIS": "2999\/12\/31" }, "geometry": { "type": "Polygon", "coordinates": [ [ [ 2701141.746199999005, 1232371.2034 ], [ 2700637.583799999207, 1232440.021799996495247 ], [ 2700304.0315, 1233175.461800001561642 ], [ 2700024.664700001478195, 1233109.360799998044968 ], [ 2699334.127999998629093, 1233826.171400003135204 ], [ 2698819.359000001102686, 1234206.082699999213 ], [ 2698290.255199998617172, 1234976.8946999982 ], [ 2697870.083700001239777, 1235021.1809 ], [ 2697724.30180000141263, 1235310.800700001418591 ], [ 2698982.481600001454353, 1236036.800300002098083 ], [ 2699398.638, 1236226.0982 ], [ 2700005.143699999899, 1236117.4802 ], [ 2700625.640999998897314, 1236317.079899996286258 ], [ 2701576.684799998998642, 1235820.813500002026558 ], [ 2701870.43899999931, 1235359.2082 ], [ 2701887.7681, 1234961.439699999988 ], [ 2702318.352899998426437, 1234662.926600001752377 ], [ 2702316.327599998563528, 1234366.685699999 ], [ 2702733.907499998807907, 1233960.379699997603893 ], [ 2703404.902199998497963, 1233801.6202 ], [ 2702755.4494, 1232901.959200002485886 ], [ 2702129.784099999815, 1232359.892800003290176 ], [ 2701716.491500001400709, 1232457.169399999082 ], [ 2701141.746199999005, 1232371.2034 ] ] ] } },
{ "type": "Feature", "properties": { "GEBIET_HIST_C": 12144.0, "GEBIET_C": 218.0, "GEBIET_N": "Ellikon an der Thur", "ART_C": 1.0, "ART_N": "Gemeinde", "PARENT_HIST_C": 10074.0, "PARENT_ART_C": 8.0, "VON": "1960\/01\/01", "BIS": "2999\/12\/31" }, "geometry": { "type": "Polygon", "coordinates": [ [ [ 2704720.2868, 1267857.699600003659725 ], [ 2704293.226399999112, 1267841.0194 ], [ 2703995.135699998587, 1267925.648599997162819 ], [ 2703487.370499998331, 1267731.104500003159046 ], [ 2702577.457499999553, 1269041.487300001084805 ], [ 2703204.821400001645088, 1269818.7729 ], [ 2703685.071499999613, 1269738.621299996972084 ], [ 2704786.936799999326, 1270113.17599999905 ], [ 2705354.7584, 1269882.535499997437 ], [ 2705400.042399998754263, 1269240.727200001711026 ], [ 2705782.530499998480082, 1269007.39190000295639 ], [ 2706280.09910000115633, 1269061.382700003683567 ], [ 2706300.311099998652935, 1268751.641599998110905 ], [ 2705662.3066, 1268674.8143 ], [ 2705310.800599999726, 1268333.462399996817112 ], [ 2704678.423399999738, 1268358.847599997883663 ], [ 2704720.2868, 1267857.699600003659725 ] ] ] } },
{ "type": "Feature", "properties": { "GEBIET_HIST_C": 12148.0, "GEBIET_C": 217.0, "GEBIET_N": "Elgg", "ART_C": 1.0, "ART_N": "Gemeinde", "PARENT_HIST_C": 10074.0, "PARENT_ART_C": 8.0, "VON": "1960\/01\/01", "BIS": "2017\/12\/31" }, "geometry": { "type": "Polygon", "coordinates": [ [ [ 2704678.586199998855591, 1263174.401799999177 ], [ 2705598.5269, 1263429.586000002920628 ], [ 2705831.254799999297, 1263130.063100002706051 ], [ 2706255.175099998713, 1263240.462700001895428 ], [ 2707007.072700001299381, 1262837.87780000269413 ], [ 2707364.640500001609325, 1263158.516500003635883 ], [ 2707883.1644, 1262774.034599997103214 ], [ 2708277.29, 1263123.219899997115135 ], [ 2708520.278299998492002, 1262502.740099996328354 ], [ 2708420.165800001472235, 1262153.614500001072884 ], [ 2709130.2586, 1262159.891099996864796 ], [ 2709724.860399998724461, 1262349.990099996328354 ], [ 2709552.488400001078844, 1262105.23030000180006 ], [ 2709587.875999998301268, 1260753.276100002229214 ], [ 2709962.254, 1260393.439900003373623 ], [ 2709035.2773, 1259998.410199999809 ], [ 2708929.964899998158216, 1258710.074199996888638 ], [ 2708750.782699998468161, 1258367.626699998975 ], [ 2708342.690099999309, 1258425.834899999201 ], [ 2708050.358199998736382, 1258060.765600003302097 ], [ 2707735.2635000012815, 1258084.929899998009205 ], [ 2707318.6928, 1258579.796899996697903 ], [ 2707033.508499998599291, 1258637.2408 ], [ 2706951.211399998515844, 1259214.210100002586842 ], [ 2706691.366099998354912, 1259275.397699996829033 ], [ 2706839.235800001770258, 1259911.22070000320673 ], [ 2706512.379399999976, 1260214.479000001912937 ], [ 2706005.19990000128746, 1260107.821000002324581 ], [ 2705192.865899998694658, 1261028.391000002622604 ], [ 2705866.48409999907, 1261296.047600001096725 ], [ 2705832.3854, 1261752.2466000020504 ], [ 2705031.021899998188019, 1262257.575699999928 ], [ 2704865.026, 1262118.314800001680851 ], [ 2704608.55799999833, 1262720.343699999154 ], [ 2704678.586199998855591, 1263174.401799999177 ] ] ] } },
{ "type": "Feature", "properties": { "GEBIET_HIST_C": 12156.0, "GEBIET_C": 117.0, "GEBIET_N": "Hinwil", "ART_C": 1.0, "ART_N": "Gemeinde", "PARENT_HIST_C": 10079.0, "PARENT_ART_C": 8.0, "VON": "1960\/01\/01", "BIS": "2999\/12\/31" }, "geometry": { "type": "Polygon", "coordinates": [ [ [ 2709621.6442, 1241619.268200002610683 ], [ 2710047.221500001847744, 1241127.023699998855591 ], [ 2711237.901999998837709, 1241004.226899996399879 ], [ 2711004.667100001126528, 1240694.07940000295639 ], [ 2709991.011799998581409, 1240716.589000001549721 ], [ 2709931.56700000166893, 1240194.099799998104572 ], [ 2709588.9265, 1239853.98030000180006 ], [ 2709473.7236, 1239429.981299996376038 ], [ 2709888.501499999315, 1238617.518799998098984 ], [ 2709976.2333, 1237648.614500001072884 ], [ 2709851.748399998992682, 1237443.869000002741814 ], [ 2709433.255399998277426, 1237462.458599999547 ], [ 2708565.5885, 1238327.7370000036899 ], [ 2707725.107299998402596, 1238259.655100002884865 ], [ 2706973.207499999553, 1237762.31589999795 ], [ 2706700.721599999815, 1238448.591399997705594 ], [ 2705925.970199998468161, 1238575.215000003576279 ], [ 2705111.2247, 1238123.972800001502037 ], [ 2704894.9098, 1237470.29110000282526 ], [ 2704081.801399998366833, 1237926.846299998462 ], [ 2704104.59010000154376, 1238475.440099999309 ], [ 2703915.209100001025945, 1238837.628600001102313 ], [ 2703645.1453, 1239281.753600001102313 ], [ 2704004.4483, 1239793.02080000191927 ], [ 2703535.525299999863, 1240188.797799997031689 ], [ 2703285.2135, 1240800.396399997175 ], [ 2704289.125999998301268, 1241698.381599999964 ], [ 2705156.160100001841784, 1240818.2104 ], [ 2705855.477400001138449, 1240964.202600002288818 ], [ 2706234.105, 1242707.609300002455711 ], [ 2706413.06700000166893, 1242368.342 ], [ 2707211.123100001830608, 1242038.493299998342991 ], [ 2707912.7419, 1242130.84910000115633 ], [ 2708475.835799999535, 1241627.761200003093109 ], [ 2709140.756499998271465, 1241484.543300002813339 ], [ 2709621.6442, 1241619.268200002610683 ] ] ] } },
{ "type": "Feature", "properties": { "GEBIET_HIST_C": 12159.0, "GEBIET_C": 113.0, "GEBIET_N": "Dürnten", "ART_C": 1.0, "ART_N": "Gemeinde", "PARENT_HIST_C": 10079.0, "PARENT_ART_C": 8.0, "VON": "1960\/01\/01", "BIS": "2999\/12\/31" }, "geometry": { "type": "Polygon", "coordinates": [ [ [ 2709851.748399998992682, 1237443.869000002741814 ], [ 2709887.186999998986721, 1236522.045400001108646 ], [ 2709630.28539999947, 1236584.3957 ], [ 2708907.819699998944998, 1236372.9195 ], [ 2708150.034099999815, 1236402.490199998021126 ], [ 2707738.543000001460314, 1236071.876900002360344 ], [ 2707150.630899999291, 1235964.132899999619 ], [ 2706957.660799998790026, 1235366.0696 ], [ 2705763.211199998855591, 1235540.558600001037121 ], [ 2705285.123599998652935, 1235918.351300001144409 ], [ 2704924.756, 1236533.743100002408028 ], [ 2704894.9098, 1237470.29110000282526 ], [ 2705111.2247, 1238123.972800001502037 ], [ 2705925.970199998468161, 1238575.215000003576279 ], [ 2706700.721599999815, 1238448.591399997705594 ], [ 2706973.207499999553, 1237762.31589999795 ], [ 2707725.107299998402596, 1238259.655100002884865 ], [ 2708565.5885, 1238327.7370000036899 ], [ 2709433.255399998277426, 1237462.458599999547 ], [ 2709851.748399998992682, 1237443.869000002741814 ] ] ] } },
{ "type": "Feature", "properties": { "GEBIET_HIST_C": 12160.0, "GEBIET_C": 132.0, "GEBIET_N": "Hirzel", "ART_C": 1.0, "ART_N": "Gemeinde", "PARENT_HIST_C": 10078.0, "PARENT_ART_C": 8.0, "VON": "1960\/01\/01", "BIS": "2017\/12\/31" }, "geometry": { "type": "Polygon", "coordinates": [ [ [ 2689250.025199998170137, 1230880.9173 ], [ 2690115.385299999267, 1229803.115099996328354 ], [ 2690023.4815, 1229151.167499996721745 ], [ 2689518.757599998265505, 1229031.908799998462 ], [ 2689502.791099999, 1228638.526799999177 ], [ 2689147.781399998813868, 1228267.42599999905 ], [ 2688678.841699998825788, 1228813.821900002891198 ], [ 2688364.296799998730421, 1228859.223399996757507 ], [ 2687886.3464, 1228500.6824000030756 ], [ 2687717.1499, 1228910.195399999619 ], [ 2687787.853799998760223, 1229352.648400001227856 ], [ 2687575.129, 1229627.843999996781349 ], [ 2687108.564599998295307, 1229709.225100003182888 ], [ 2686642.654599998146296, 1229510.782300002872944 ], [ 2686237.924600001424551, 1230372.350900001823902 ], [ 2686443.514400001615286, 1230696.561700001358986 ], [ 2686698.220400001853704, 1231179.119199998909608 ], [ 2686265.544300001114607, 1231372.018799998098984 ], [ 2686053.620000001043081, 1232185.818899996578693 ], [ 2686371.62519999966, 1232524.786499999696 ], [ 2687226.064599998295307, 1232659.985 ], [ 2687395.616, 1232144.2496 ], [ 2688223.06399999931, 1232353.808799996972084 ], [ 2688749.572799999267, 1231280.231700003147125 ], [ 2689250.025199998170137, 1230880.9173 ] ] ] } },
{ "type": "Feature", "properties": { "GEBIET_HIST_C": 12161.0, "GEBIET_C": 173.0, "GEBIET_N": "Hittnau", "ART_C": 1.0, "ART_N": "Gemeinde", "PARENT_HIST_C": 10076.0, "PARENT_ART_C": 8.0, "VON": "1960\/01\/01", "BIS": "2999\/12\/31" }, "geometry": { "type": "Polygon", "coordinates": [ [ [ 2705663.046, 1249476.124499998986721 ], [ 2705973.433200001716614, 1248775.492700003087521 ], [ 2706318.055300001055002, 1248513.480700001120567 ], [ 2706348.910300001502037, 1248134.960799999535 ], [ 2706854.771499998867512, 1247144.266599998110905 ], [ 2707126.556899998337, 1247005.474 ], [ 2706899.230700001120567, 1246090.289800003170967 ], [ 2705837.207400001585484, 1245264.511100001633167 ], [ 2705695.9703, 1244906.896799996495247 ], [ 2704963.847699999809, 1244918.800899997353554 ], [ 2704486.188299998175353, 1244688.067100003361702 ], [ 2704006.31599999964, 1244793.1303 ], [ 2703592.6706, 1245844.536700002849102 ], [ 2703654.737599998713, 1246778.957000002497807 ], [ 2703465.7016, 1247210.244599997997284 ], [ 2703000.897599998861551, 1247653.403499998152256 ], [ 2703359.870900001376867, 1248039.563500002026558 ], [ 2703425.438799999654, 1248567.063100002706051 ], [ 2704325.591299999505, 1249277.904700003564358 ], [ 2704930.318599998950958, 1249506.282700002193451 ], [ 2705663.046, 1249476.124499998986721 ] ] ] } },
{ "type": "Feature", "properties": { "GEBIET_HIST_C": 12166.0, "GEBIET_C": 59.0, "GEBIET_N": "Hochfelden", "ART_C": 1.0, "ART_N": "Gemeinde", "PARENT_HIST_C": 10081.0, "PARENT_ART_C": 8.0, "VON": "1960\/01\/01", "BIS": "2999\/12\/31" }, "geometry": { "type": "Polygon", "coordinates": [ [ [ 2681469.125599998980761, 1262924.171400003135204 ], [ 2680478.143699999899, 1263060.598300002515316 ], [ 2680145.677299998700619, 1263743.779899999499 ], [ 2679872.7399, 1263568.762000001966953 ], [ 2679446.116099998354912, 1263880.019100002944469 ], [ 2679205.561, 1264665.536899998784065 ], [ 2679219.539599999785, 1264957.282399997115135 ], [ 2679694.3066, 1265510.787 ], [ 2679544.8044, 1266104.488899998366833 ], [ 2679921.0876, 1266335.641000002622604 ], [ 2680186.923700001090765, 1265820.420400001108646 ], [ 2680480.583599999547, 1266227.177699998021126 ], [ 2681179.243099998682737, 1266521.735899999505 ], [ 2681514.502599999309, 1266136.714100003242493 ], [ 2681670.903599999845, 1265384.557800002396107 ], [ 2681335.7401, 1264276.493600003421307 ], [ 2681753.949799999595, 1264111.368299998342991 ], [ 2681860.788199998438358, 1263545.94099999964 ], [ 2681469.125599998980761, 1262924.171400003135204 ] ] ] } },
{ "type": "Feature", "properties": { "GEBIET_HIST_C": 12168.0, "GEBIET_C": 55.0, "GEBIET_N": "Eglisau", "ART_C": 1.0, "ART_N": "Gemeinde", "PARENT_HIST_C": 10081.0, "PARENT_ART_C": 8.0, "VON": "1960\/01\/01", "BIS": "2999\/12\/31" }, "geometry": { "type": "Polygon", "coordinates": [ [ [ 2683961.318399999291, 1267537.217299997806549 ], [ 2683965.87099999934, 1267239.868100002408028 ], [ 2683722.970600001513958, 1267224.8412000015378 ], [ 2683335.467, 1267470.522299997508526 ], [ 2682471.338199999183, 1268299.6199000030756 ], [ 2681957.26799999923, 1268355.002300001680851 ], [ 2681517.2718, 1268234.1120000036899 ], [ 2681195.612100001424551, 1268433.901299998164177 ], [ 2681220.80099999905, 1269215.677699998021126 ], [ 2680733.166099999, 1269459.007899999619 ], [ 2680405.41039999947, 1269386.395900003612041 ], [ 2679833.572399999946, 1269943.949100002646446 ], [ 2678713.091699998825788, 1269792.899899996817112 ], [ 2678636.739799998700619, 1270119.662600003182888 ], [ 2678898.909299999475, 1270217.396200001239777 ], [ 2679352.1213, 1270093.927699998021126 ], [ 2679966.586, 1270207.461499996483326 ], [ 2679839.5515, 1270557.240299999714 ], [ 2680211.927299998700619, 1270642.6611 ], [ 2680922.736900001764297, 1270560.06930000311695 ], [ 2681208.9503, 1270838.134599998593 ], [ 2681165.8651, 1271281.289700001711026 ], [ 2680868.9688, 1271582.345499999821 ], [ 2680969.349800001829863, 1271968.061099998885766 ], [ 2681802.526500001549721, 1272010.941600002348423 ], [ 2682480.546100001782179, 1271331.917199999094 ], [ 2683158.360849998891354, 1271954.251100003486499 ], [ 2683422.056499999017, 1271928.048500001430511 ], [ 2682497.84809999913, 1271290.0427 ], [ 2682371.28009999916, 1270736.78299999982 ], [ 2682678.001400001347065, 1270273.775700002908707 ], [ 2682497.3207, 1269967.79280000180006 ], [ 2683348.702899999917, 1269861.222000002861023 ], [ 2682994.525400001555681, 1269385.142399996286258 ], [ 2683534.283399999142, 1268721.432899996638298 ], [ 2683711.5548, 1267885.998000003397465 ], [ 2683961.318399999291, 1267537.217299997806549 ] ] ] } },
{ "type": "Feature", "properties": { "GEBIET_HIST_C": 12173.0, "GEBIET_C": 32.0, "GEBIET_N": "Humlikon", "ART_C": 1.0, "ART_N": "Gemeinde", "PARENT_HIST_C": 10082.0, "PARENT_ART_C": 8.0, "VON": "1960\/01\/01", "BIS": "2022\/12\/31" }, "geometry": { "type": "Polygon", "coordinates": [ [ [ 2691790.025199998170137, 1271343.479299999774 ], [ 2692402.6063, 1271380.704899996286258 ], [ 2692759.7531, 1270981.9221 ], [ 2693061.613899998366833, 1271017.431900002062321 ], [ 2693338.489799998700619, 1270510.958599999547 ], [ 2693820.512299999595, 1270383.5423 ], [ 2693963.8372, 1269940.994099996984005 ], [ 2694384.372299998998642, 1269898.682899996638298 ], [ 2694718.376699998975, 1270200.12099999911 ], [ 2695118.592999998480082, 1269791.9921 ], [ 2694837.447, 1269257.845600001513958 ], [ 2693613.765099998563528, 1269648.514300003647804 ], [ 2692922.336, 1269444.248000003397465 ], [ 2693025.4814000017941, 1269200.910899996757507 ], [ 2692481.941899999976, 1268735.330099999905 ], [ 2692106.3229, 1269197.802699998021126 ], [ 2692329.587799999863, 1269674.109700001776218 ], [ 2692057.636999998241663, 1270509.027699999511 ], [ 2691734.333799999207, 1270696.178000003099442 ], [ 2691790.025199998170137, 1271343.479299999774 ] ] ] } },
{ "type": "Feature", "properties": { "GEBIET_HIST_C": 12178.0, "GEBIET_C": 61.0, "GEBIET_N": "Hüntwangen", "ART_C": 1.0, "ART_N": "Gemeinde", "PARENT_HIST_C": 10081.0, "PARENT_ART_C": 8.0, "VON": "1960\/01\/01", "BIS": "2999\/12\/31" }, "geometry": { "type": "Polygon", "coordinates": [ [ [ 2680969.349800001829863, 1271968.061099998885766 ], [ 2680868.9688, 1271582.345499999821 ], [ 2681165.8651, 1271281.289700001711026 ], [ 2681208.9503, 1270838.134599998593 ], [ 2680922.736900001764297, 1270560.06930000311695 ], [ 2680211.927299998700619, 1270642.6611 ], [ 2679839.5515, 1270557.240299999714 ], [ 2679450.009599998593, 1270580.681500002741814 ], [ 2678881.3585, 1271274.371799997985363 ], [ 2678696.4765, 1271453.823700003093109 ], [ 2678263.35020000115037, 1272496.702100001275539 ], [ 2678673.4648, 1273205.29399999976 ], [ 2679381.930799998342991, 1273216.862599998713 ], [ 2679721.8475, 1272482.013499997556 ], [ 2680816.7463, 1272269.115099996328354 ], [ 2680969.349800001829863, 1271968.061099998885766 ] ] ] } },
{ "type": "Feature", "properties": { "GEBIET_HIST_C": 12180.0, "GEBIET_C": 134.0, "GEBIET_N": "Hütten", "ART_C": 1.0, "ART_N": "Gemeinde", "PARENT_HIST_C": 10078.0, "PARENT_ART_C": 8.0, "VON": "1960\/01\/01", "BIS": "2018\/12\/31" }, "geometry": { "type": "Polygon", "coordinates": [ [ [ 2694172.019799999893, 1226606.899099998176098 ], [ 2694130.1321, 1226046.995700001483783 ], [ 2694338.8233, 1225476.790299996733665 ], [ 2694972.633499998599291, 1224985.884800001978874 ], [ 2695048.958399999887, 1224362.869400002062321 ], [ 2694151.3603, 1224191.200000002980232 ], [ 2693750.269000001251698, 1223901.137900002300739 ], [ 2693075.959399998188019, 1223910.383100003004074 ], [ 2692705.475499998778105, 1224052.630900003015995 ], [ 2692650.269499998539686, 1225093.175700001418591 ], [ 2692051.0128, 1225158.374200001358986 ], [ 2691224.847600001841784, 1224913.256899997591972 ], [ 2690959.61430000141263, 1225218.301600001752377 ], [ 2690531.17119999975, 1225234.089599996805191 ], [ 2690854.8953, 1225744.113200001418591 ], [ 2691389.969099998474121, 1225879.1246 ], [ 2691628.794100001454353, 1226305.290700003504753 ], [ 2692699.915600001811981, 1227002.260300002992153 ], [ 2693236.179099999368, 1226551.6853 ], [ 2693625.024599999189, 1226716.9503 ], [ 2694172.019799999893, 1226606.899099998176098 ] ] ] } },
{ "type": "Feature", "properties": { "GEBIET_HIST_C": 12181.0, "GEBIET_C": 87.0, "GEBIET_N": "Hüttikon", "ART_C": 1.0, "ART_N": "Gemeinde", "PARENT_HIST_C": 10080.0, "PARENT_ART_C": 8.0, "VON": "1960\/01\/01", "BIS": "2999\/12\/31" }, "geometry": { "type": "Polygon", "coordinates": [ [ [ 2672792.4195, 1254461.4045 ], [ 2672331.837000001221895, 1254288.400700002908707 ], [ 2671312.9901, 1254219.770900003612041 ], [ 2671156.3134, 1254838.011600002646446 ], [ 2671130.209399998188019, 1255750.367499999702 ], [ 2671517.0687, 1255855.256499998504296 ], [ 2671734.459800001233816, 1255990.601999998092651 ], [ 2671902.671100001782179, 1255966.525399997830391 ], [ 2672020.954599998891354, 1254982.502099998295307 ], [ 2672414.768499999773, 1254834.426799997687 ], [ 2672792.4195, 1254461.4045 ] ] ] } },
{ "type": "Feature", "properties": { "GEBIET_HIST_C": 12182.0, "GEBIET_C": 26.0, "GEBIET_N": "Dorf", "ART_C": 1.0, "ART_N": "Gemeinde", "PARENT_HIST_C": 10082.0, "PARENT_ART_C": 8.0, "VON": "1960\/01\/01", "BIS": "2999\/12\/31" }, "geometry": { "type": "Polygon", "coordinates": [ [ [ 2691790.025199998170137, 1271343.479299999774 ], [ 2691734.333799999207, 1270696.178000003099442 ], [ 2692057.636999998241663, 1270509.027699999511 ], [ 2692329.587799999863, 1269674.109700001776218 ], [ 2692106.3229, 1269197.802699998021126 ], [ 2692481.941899999976, 1268735.330099999905 ], [ 2692480.5293, 1268647.5436 ], [ 2691987.897100001573563, 1268656.555 ], [ 2691603.29639999941, 1268142.818499997258186 ], [ 2691073.981899999082, 1268212.221900001168251 ], [ 2690868.161499999464, 1268411.831200003623962 ], [ 2690160.929900001734495, 1268459.806999996304512 ], [ 2689738.1422, 1268959.7971 ], [ 2690110.5614, 1269388.5502 ], [ 2689971.816399998962879, 1269655.251500003039837 ], [ 2690245.875799998175353, 1270620.43299999833 ], [ 2690714.135299999267, 1270777.0495000036899 ], [ 2690681.016899999231, 1271058.2848 ], [ 2691060.913499999791, 1271320.035999998450279 ], [ 2691790.025199998170137, 1271343.479299999774 ] ] ] } },
{ "type": "Feature", "properties": { "GEBIET_HIST_C": 12203.0, "GEBIET_C": 133.0, "GEBIET_N": "Horgen", "ART_C": 1.0, "ART_N": "Gemeinde", "PARENT_HIST_C": 10078.0, "PARENT_ART_C": 8.0, "VON": "1960\/01\/01", "BIS": "2017\/12\/31" }, "geometry": { "type": "Polygon", "coordinates": [ [ [ 2690001.255199998617172, 1234063.750200003385544 ], [ 2690431.622900001704693, 1233202.188900001114234 ], [ 2690169.049499999732, 1232572.3596 ], [ 2689752.432500001043081, 1232348.041799999774 ], [ 2689792.4166, 1231705.911700002849102 ], [ 2689250.025199998170137, 1230880.9173 ], [ 2688749.572799999267, 1231280.231700003147125 ], [ 2688223.06399999931, 1232353.808799996972084 ], [ 2687395.616, 1232144.2496 ], [ 2687226.064599998295307, 1232659.985 ], [ 2686371.62519999966, 1232524.786499999696 ], [ 2686053.620000001043081, 1232185.818899996578693 ], [ 2686265.544300001114607, 1231372.018799998098984 ], [ 2686698.220400001853704, 1231179.119199998909608 ], [ 2686443.514400001615286, 1230696.561700001358986 ], [ 2686131.256700001657009, 1231081.814499996602535 ], [ 2685592.931400001049042, 1231338.7742 ], [ 2685177.707600001245737, 1231944.129600003361702 ], [ 2684694.9067, 1233022.275499999523 ], [ 2683956.5821999982, 1233575.448700003093109 ], [ 2683575.867499999702, 1234258.619800001382828 ], [ 2683013.0306, 1235030.957599997520447 ], [ 2684249.640799999237, 1236078.0574000030756 ], [ 2684148.0951, 1236356.213399998844 ], [ 2684423.588799998164177, 1236358.107299998402596 ], [ 2684731.9349, 1235935.653899997705594 ], [ 2685961.450800001621246, 1235327.1004 ], [ 2686128.728799998760223, 1235655.966300003230572 ], [ 2686612.652899999171, 1236006.586900003254414 ], [ 2686837.6149, 1236014.3887 ], [ 2686845.155299998819828, 1236020.077100001275539 ], [ 2686891.5073, 1236078.175399996340275 ], [ 2686923.175799999386, 1236105.009900003671646 ], [ 2687484.630199998617172, 1235277.789700001711026 ], [ 2688957.876200001686811, 1234534.8103 ], [ 2689284.210799999535, 1234486.847099997103214 ], [ 2690001.255199998617172, 1234063.750200003385544 ] ] ] } },
{ "type": "Feature", "properties": { "GEBIET_HIST_C": 12205.0, "GEBIET_C": 191.0, "GEBIET_N": "Dübendorf", "ART_C": 1.0, "ART_N": "Gemeinde", "PARENT_HIST_C": 10075.0, "PARENT_ART_C": 8.0, "VON": "1960\/01\/01", "BIS": "2999\/12\/31" }, "geometry": { "type": "Polygon", "coordinates": [ [ [ 2691667.2364, 1250123.014799997210503 ], [ 2691541.191599998623133, 1249873.318000003695488 ], [ 2691152.642099998891354, 1249260.1347 ], [ 2691322.836399998515844, 1249144.6356 ], [ 2690896.6039, 1248525.226300001144409 ], [ 2690316.5667, 1248542.431100003421307 ], [ 2689993.785999998450279, 1248753.519100002944469 ], [ 2688962.497000001370907, 1247960.575900003314018 ], [ 2689168.944400001317263, 1247507.7967 ], [ 2689055.28539999947, 1246888.074299998581409 ], [ 2688340.921300001442432, 1246963.7117 ], [ 2688181.906100001186132, 1247083.328299999237 ], [ 2687959.717500001192093, 1247372.434399999678 ], [ 2687865.272100001573563, 1247410.13180000311695 ], [ 2687857.070300001651049, 1247419.921899996697903 ], [ 2687854.709499999881, 1247437.502700001001358 ], [ 2687861.985599998384714, 1247444.117600001394749 ], [ 2687486.395899999887, 1247873.232100002467632 ], [ 2687494.291900001466274, 1248163.190499998629093 ], [ 2686950.0055, 1248745.423100002110004 ], [ 2687101.82490000128746, 1249016.424199998378754 ], [ 2686417.046, 1249238.353100001811981 ], [ 2686510.866399999708, 1249650.881700001657009 ], [ 2687031.428399998694658, 1250214.747199997306 ], [ 2687390.888799998909235, 1250159.923 ], [ 2687195.4012, 1250796.748800002038479 ], [ 2687446.750100001692772, 1251220.777900002896786 ], [ 2687833.2828, 1250965.752300001680851 ], [ 2688247.0984, 1251313.658699996769428 ], [ 2689082.538899999112, 1251392.480800002813339 ], [ 2689439.699299998581409, 1251334.196299999952 ], [ 2689844.817899998277426, 1251543.9217 ], [ 2690240.818999998271465, 1251398.516199998557568 ], [ 2691151.309999998658895, 1250327.656400002306327 ], [ 2691667.2364, 1250123.014799997210503 ] ] ] } },
{ "type": "Feature", "properties": { "GEBIET_HIST_C": 12220.0, "GEBIET_C": 60.0, "GEBIET_N": "Höri", "ART_C": 1.0, "ART_N": "Gemeinde", "PARENT_HIST_C": 10081.0, "PARENT_ART_C": 8.0, "VON": "1960\/01\/01", "BIS": "2999\/12\/31" }, "geometry": { "type": "Polygon", "coordinates": [ [ [ 2681469.125599998980761, 1262924.171400003135204 ], [ 2681604.512099999934, 1262586.737499997019768 ], [ 2681159.478399998974055, 1262401.525899998844 ], [ 2681372.787300001829863, 1261985.032099999487 ], [ 2681328.223799999803, 1261630.559600003063679 ], [ 2681655.9375, 1261482.601599998772144 ], [ 2681709.054200001060963, 1261325.8699999971 ], [ 2681424.562199998181313, 1261112.671899996697903 ], [ 2681220.394299998879433, 1261005.933600001037121 ], [ 2680817.8145, 1261652.902699999511 ], [ 2680360.0535, 1261544.715099997818 ], [ 2679645.3684, 1261582.369000002741814 ], [ 2678988.068599998950958, 1261314.553800001507625 ], [ 2678545.98409999907, 1262331.750500001013279 ], [ 2679130.563900001347065, 1262620.756700001657009 ], [ 2679139.2146, 1263177.92790000140667 ], [ 2679446.116099998354912, 1263880.019100002944469 ], [ 2679872.7399, 1263568.762000001966953 ], [ 2680145.677299998700619, 1263743.779899999499 ], [ 2680478.143699999899, 1263060.598300002515316 ], [ 2681469.125599998980761, 1262924.171400003135204 ] ] ] } },
{ "type": "Feature", "properties": { "GEBIET_HIST_C": 12240.0, "GEBIET_C": 31.0, "GEBIET_N": "Henggart", "ART_C": 1.0, "ART_N": "Gemeinde", "PARENT_HIST_C": 10082.0, "PARENT_ART_C": 8.0, "VON": "1960\/01\/01", "BIS": "2999\/12\/31" }, "geometry": { "type": "Polygon", "coordinates": [ [ [ 2694837.447, 1269257.845600001513958 ], [ 2694777.445999998599291, 1268745.907799996435642 ], [ 2694321.043299999088, 1268751.339699998497963 ], [ 2694297.167199999094, 1268262.152599997818 ], [ 2694008.680599998682737, 1267604.513800002634525 ], [ 2693506.634799998253584, 1267374.294399999082 ], [ 2693262.503899998962879, 1267998.927699998021126 ], [ 2692480.5293, 1268647.5436 ], [ 2692481.941899999976, 1268735.330099999905 ], [ 2693025.4814000017941, 1269200.910899996757507 ], [ 2692922.336, 1269444.248000003397465 ], [ 2693613.765099998563528, 1269648.514300003647804 ], [ 2694837.447, 1269257.845600001513958 ] ] ] } },
{ "type": "Feature", "properties": { "GEBIET_HIST_C": 12248.0, "GEBIET_C": 193.0, "GEBIET_N": "Fällanden", "ART_C": 1.0, "ART_N": "Gemeinde", "PARENT_HIST_C": 10075.0, "PARENT_ART_C": 8.0, "VON": "1960\/01\/01", "BIS": "2999\/12\/31" }, "geometry": { "type": "Polygon", "coordinates": [ [ [ 2692043.321699999273, 1245938.041500001912937 ], [ 2691357.155000001192093, 1246006.384900003671646 ], [ 2690198.14, 1245821.016500003635883 ], [ 2689685.961199998855591, 1246146.012100003659725 ], [ 2689373.031899999827, 1246146.10909999907 ], [ 2688843.724399998784065, 1246293.7562 ], [ 2689055.28539999947, 1246888.074299998581409 ], [ 2689168.944400001317263, 1247507.7967 ], [ 2688962.497000001370907, 1247960.575900003314018 ], [ 2689993.785999998450279, 1248753.519100002944469 ], [ 2690316.5667, 1248542.431100003421307 ], [ 2690896.6039, 1248525.226300001144409 ], [ 2691921.986900001764297, 1247591.0119 ], [ 2691696.657699998468161, 1246482.271899998188019 ], [ 2692043.321699999273, 1245938.041500001912937 ] ] ] } },
{ "type": "Feature", "properties": { "GEBIET_HIST_C": 12249.0, "GEBIET_C": 5.0, "GEBIET_N": "Hedingen", "ART_C": 1.0, "ART_N": "Gemeinde", "PARENT_HIST_C": 10053.0, "PARENT_ART_C": 8.0, "VON": "1960\/01\/01", "BIS": "2999\/12\/31" }, "geometry": { "type": "Polygon", "coordinates": [ [ [ 2675810.595400001853704, 1241034.37839999795 ], [ 2676625.6968, 1240658.799699999392 ], [ 2676845.302000001072884, 1240316.015299998223782 ], [ 2677997.491999998688698, 1239589.6959 ], [ 2678517.001299999654, 1239123.205799996852875 ], [ 2678971.620099999011, 1238997.484800003701821 ], [ 2678523.145199999213, 1238539.934799998998642 ], [ 2677318.814100001007318, 1238522.623400002717972 ], [ 2676563.416900001466274, 1238052.7681 ], [ 2676044.689199998975, 1238218.538800001144409 ], [ 2675655.3757, 1238780.024099998176098 ], [ 2675387.3519, 1238775.4221 ], [ 2674910.10799999908, 1239334.779399998486042 ], [ 2675114.798399999738, 1240547.4582 ], [ 2675810.595400001853704, 1241034.37839999795 ] ] ] } },
{ "type": "Feature", "properties": { "GEBIET_HIST_C": 12283.0, "GEBIET_C": 221.0, "GEBIET_N": "Hettlingen", "ART_C": 1.0, "ART_N": "Gemeinde", "PARENT_HIST_C": 10074.0, "PARENT_ART_C": 8.0, "VON": "1960\/01\/01", "BIS": "2999\/12\/31" }, "geometry": { "type": "Polygon", "coordinates": [ [ [ 2694777.445999998599291, 1268745.907799996435642 ], [ 2695456.997499998658895, 1268819.267899997532368 ], [ 2695479.42599999905, 1268454.81930000311695 ], [ 2696362.198899999261, 1268167.232799999416 ], [ 2696621.892499998211861, 1267422.843199997907504 ], [ 2697188.566100001335144, 1267128.890199996298179 ], [ 2697031.432, 1266829.188000001013279 ], [ 2696340.039500001817942, 1266330.600900001823902 ], [ 2695176.217199999839, 1265951.832299999893 ], [ 2695030.00899999961, 1265469.301700003445148 ], [ 2694820.989100001752377, 1265449.881599999964 ], [ 2694625.421799998730421, 1266544.672600001096725 ], [ 2694228.718699999154, 1266805.209799997508526 ], [ 2694331.758799999952, 1267191.704099998110905 ], [ 2694008.680599998682737, 1267604.513800002634525 ], [ 2694297.167199999094, 1268262.152599997818 ], [ 2694321.043299999088, 1268751.339699998497963 ], [ 2694777.445999998599291, 1268745.907799996435642 ] ] ] } },
{ "type": "Feature", "properties": { "GEBIET_HIST_C": 12292.0, "GEBIET_C": 56.0, "GEBIET_N": "Embrach", "ART_C": 1.0, "ART_N": "Gemeinde", "PARENT_HIST_C": 10081.0, "PARENT_ART_C": 8.0, "VON": "1960\/01\/01", "BIS": "2999\/12\/31" }, "geometry": { "type": "Polygon", "coordinates": [ [ [ 2687929.10020000115037, 1264251.0709 ], [ 2688397.345699999481, 1264293.943000003695488 ], [ 2688821.2782, 1264074.059199996292591 ], [ 2689343.8515, 1263699.824699997901917 ], [ 2688948.694299999624, 1263258.033100001513958 ], [ 2689559.698899999261, 1262884.938699997961521 ], [ 2689792.518699999899, 1262369.1237 ], [ 2689662.6195, 1261618.101000003516674 ], [ 2688758.161299999803, 1261549.795100003713742 ], [ 2688515.448600001633167, 1261245.158100001513958 ], [ 2688066.202199999243, 1261148.981200001901016 ], [ 2687633.2071, 1260833.531400002306327 ], [ 2686704.6173, 1261116.7725 ], [ 2686215.340399999171, 1260727.7531 ], [ 2685532.749200001824647, 1260718.01690000295639 ], [ 2685450.398299999535, 1261152.152099996805191 ], [ 2685098.781199999154, 1261394.974399998784065 ], [ 2685357.9012, 1261773.316299997270107 ], [ 2685418.534400001168251, 1262404.799999997019768 ], [ 2685262.993599999696, 1262712.112599998713 ], [ 2685546.130800001323223, 1262841.982600003713742 ], [ 2685610.240200001746416, 1263705.586900003254414 ], [ 2686074.577899999917, 1263883.242399998009205 ], [ 2686166.952799998223782, 1264560.528399996459484 ], [ 2686459.745299998670816, 1264803.189199998975 ], [ 2686796.9076, 1264917.069899998605251 ], [ 2687103.887699998915195, 1264315.516199998557568 ], [ 2687929.10020000115037, 1264251.0709 ] ] ] } },
{ "type": "Feature", "properties": { "GEBIET_HIST_C": 12294.0, "GEBIET_C": 219.0, "GEBIET_N": "Elsau", "ART_C": 1.0, "ART_N": "Gemeinde", "PARENT_HIST_C": 10074.0, "PARENT_ART_C": 8.0, "VON": "1960\/01\/01", "BIS": "2999\/12\/31" }, "geometry": { "type": "Polygon", "coordinates": [ [ [ 2702312.91270000115037, 1263358.027000002563 ], [ 2702318.592677145265043, 1263359.843860706780106 ], [ 2702313.633900001645088, 1263373.014700002968311 ], [ 2702527.695092194713652, 1263430.835097914328799 ], [ 2702527.3361, 1263426.140199996298179 ], [ 2702522.5379, 1263405.305600002408028 ], [ 2702526.956772379111499, 1263403.789609475294128 ], [ 2702524.6838, 1263396.339699998497963 ], [ 2702790.9998, 1263319.055600002408028 ], [ 2704111.361299999058, 1263898.05189999938 ], [ 2704665.423399999738, 1264013.784000001847744 ], [ 2704513.364, 1263284.157200001180172 ], [ 2704678.586199998855591, 1263174.401799999177 ], [ 2704608.55799999833, 1262720.343699999154 ], [ 2704865.026, 1262118.314800001680851 ], [ 2704409.46759999916, 1261931.569099999964 ], [ 2704631.207899998873472, 1261598.295699998736382 ], [ 2704072.775499999523, 1261153.672300003701821 ], [ 2704016.2333, 1260684.457999996840954 ], [ 2703164.252199999988, 1260261.227300003170967 ], [ 2703314.6924, 1260750.096199996769428 ], [ 2702955.23959999904, 1261058.126000002026558 ], [ 2702008.939699999988, 1261034.946900002891198 ], [ 2701790.974899999797, 1261309.225299999118 ], [ 2701790.33099999977, 1261321.602200001711026 ], [ 2701226.098700001835823, 1261577.274400003254414 ], [ 2701342.322, 1261840.271499998867512 ], [ 2700976.043499998748302, 1262162.218599997693673 ], [ 2701265.27760000154376, 1262604.407300002872944 ], [ 2702509.326699998229742, 1263107.44200000166893 ], [ 2702312.91270000115037, 1263358.027000002563 ] ] ] } },
{ "type": "Feature", "properties": { "GEBIET_HIST_C": 12301.0, "GEBIET_C": 151.0, "GEBIET_N": "Erlenbach (ZH)", "ART_C": 1.0, "ART_N": "Gemeinde", "PARENT_HIST_C": 10077.0, "PARENT_ART_C": 8.0, "VON": "1986\/01\/01", "BIS": "2999\/12\/31" }, "geometry": { "type": "Polygon", "coordinates": [ [ [ 2686804.946499999613, 1240213.631300002336502 ], [ 2687516.833999998867512, 1240403.82320000231266 ], [ 2688139.654599998146296, 1240350.994599997997284 ], [ 2688486.515399999917, 1240617.029600002104416 ], [ 2688817.355500001460314, 1240456.2302 ], [ 2689235.1858000010252, 1240836.821400001645088 ], [ 2689723.6028, 1241052.100599996745586 ], [ 2690217.5379, 1240403.648000001907349 ], [ 2689417.106899999082, 1239956.853799998760223 ], [ 2689062.2311, 1240188.227200001711026 ], [ 2688310.4217, 1239801.052100002765656 ], [ 2688287.984900001436472, 1239461.144199997186661 ], [ 2688572.8946, 1239201.194499999285 ], [ 2688162.25699999928, 1238852.131399996578693 ], [ 2687716.015399999917, 1238756.904399998486042 ], [ 2687523.971099998801947, 1239269.107299998402596 ], [ 2687029.835499998182058, 1239734.713799998164177 ], [ 2686804.946499999613, 1240213.631300002336502 ] ] ] } },
{ "type": "Feature", "properties": { "GEBIET_HIST_C": 12316.0, "GEBIET_C": 152.0, "GEBIET_N": "Herrliberg", "ART_C": 1.0, "ART_N": "Gemeinde", "PARENT_HIST_C": 10077.0, "PARENT_ART_C": 8.0, "VON": "1986\/01\/01", "BIS": "2999\/12\/31" }, "geometry": { "type": "Polygon", "coordinates": [ [ [ 2687716.015399999917, 1238756.904399998486042 ], [ 2688162.25699999928, 1238852.131399996578693 ], [ 2688572.8946, 1239201.194499999285 ], [ 2688287.984900001436472, 1239461.144199997186661 ], [ 2688310.4217, 1239801.052100002765656 ], [ 2689062.2311, 1240188.227200001711026 ], [ 2689417.106899999082, 1239956.853799998760223 ], [ 2690217.5379, 1240403.648000001907349 ], [ 2690655.438700001686811, 1240718.401199996471405 ], [ 2691366.150600001215935, 1240597.309 ], [ 2691967.812600001692772, 1240653.514700002968311 ], [ 2692067.546, 1240426.855099998414516 ], [ 2692352.319299999624, 1240145.28559999913 ], [ 2692522.279199998825788, 1239617.837399996817112 ], [ 2692200.615600001066923, 1239286.669100001687184 ], [ 2691636.802799999714, 1239234.897399999201 ], [ 2690973.754399999976, 1237968.939599998295307 ], [ 2689857.214099999517, 1237750.389899998903275 ], [ 2689630.003899998962879, 1237506.741999998688698 ], [ 2688943.5357, 1237771.312899999088 ], [ 2688640.314800001680851, 1237542.477499999106 ], [ 2687716.015399999917, 1238756.904399998486042 ] ] ] } },
{ "type": "Feature", "properties": { "GEBIET_HIST_C": 12408.0, "GEBIET_C": 156.0, "GEBIET_N": "Meilen", "ART_C": 1.0, "ART_N": "Gemeinde", "PARENT_HIST_C": 10077.0, "PARENT_ART_C": 8.0, "VON": "1986\/01\/01", "BIS": "2999\/12\/31" }, "geometry": { "type": "Polygon", "coordinates": [ [ [ 2688640.314800001680851, 1237542.477499999106 ], [ 2688943.5357, 1237771.312899999088 ], [ 2689630.003899998962879, 1237506.741999998688698 ], [ 2689857.214099999517, 1237750.389899998903275 ], [ 2690973.754399999976, 1237968.939599998295307 ], [ 2691636.802799999714, 1239234.897399999201 ], [ 2692200.615600001066923, 1239286.669100001687184 ], [ 2692522.279199998825788, 1239617.837399996817112 ], [ 2692979.356899999082, 1239343.042900003492832 ], [ 2693398.647399999201, 1238478.040399998426437 ], [ 2694134.666099999, 1238111.0665 ], [ 2694182.415600001811981, 1237786.565800003707409 ], [ 2693928.121399998664856, 1237312.568499997258186 ], [ 2693300.043499998748302, 1236523.1774 ], [ 2693343.16499999911, 1236162.668799996376038 ], [ 2692998.611299999058, 1235207.274499997496605 ], [ 2692464.185499999672, 1235556.163699999684 ], [ 2691799.2023, 1235570.211599998176098 ], [ 2691419.447999998927116, 1235888.500699996948242 ], [ 2690790.96499999985, 1235918.876900002360344 ], [ 2690591.136999998241663, 1236200.464299999177 ], [ 2690043.198800001293421, 1236282.313100002706051 ], [ 2689002.6717, 1237023.634000003105029 ], [ 2688640.314800001680851, 1237542.477499999106 ] ] ] } },
{ "type": "Feature", "properties": { "GEBIET_HIST_C": 12427.0, "GEBIET_C": 196.0, "GEBIET_N": "Mönchaltorf", "ART_C": 1.0, "ART_N": "Gemeinde", "PARENT_HIST_C": 10075.0, "PARENT_ART_C": 8.0, "VON": "1960\/01\/01", "BIS": "2999\/12\/31" }, "geometry": { "type": "MultiPolygon", "coordinates": [ [ [ [ 2695372.8092, 1242438.44099999964 ], [ 2695768.694899998605251, 1242236.117899999022 ], [ 2696154.730799999088, 1241817.800099998713 ], [ 2696444.117400001734495, 1242022.451399996876717 ], [ 2697969.997099999338, 1242612.885499998927116 ], [ 2698458.456399999559, 1242003.558399997651577 ], [ 2698525.337699998170137, 1241589.6743 ], [ 2698094.3114, 1241207.603200003504753 ], [ 2698162.10889999941, 1240996.13069999963 ], [ 2697659.1325, 1240582.566699996590614 ], [ 2698481.1809, 1239995.5709 ], [ 2698229.721500001847744, 1239742.792599998414516 ], [ 2698443.8418, 1239264.422600001096725 ], [ 2697572.3471, 1239068.250299997627735 ], [ 2697083.6633, 1239555.851800002157688 ], [ 2696100.601300001144409, 1239747.861100003123283 ], [ 2695473.960499998182058, 1240398.552199997007847 ], [ 2695856.506, 1241014.764899998903275 ], [ 2695531.9254, 1241219.492799997096881 ], [ 2695815.2443, 1241562.501299999654 ], [ 2695174.463199999183, 1241862.180699996883 ], [ 2695145.0707, 1241956.749300003051758 ], [ 2695372.8092, 1242438.44099999964 ] ] ], [ [ [ 2700146.8922, 1243026.012699998915195 ], [ 2700166.711599998176098, 1242623.8768 ], [ 2699680.9032, 1242686.185500003397465 ], [ 2699316.0656, 1243339.660199999809 ], [ 2699557.76240000128746, 1243590.594700001180172 ], [ 2699525.020799998193979, 1243320.449500001966953 ], [ 2699854.796799998730421, 1242955.64190000295639 ], [ 2700146.8922, 1243026.012699998915195 ] ] ] ] } },
{ "type": "Feature", "properties": { "GEBIET_HIST_C": 12433.0, "GEBIET_C": 9.0, "GEBIET_N": "Mettmenstetten", "ART_C": 1.0, "ART_N": "Gemeinde", "PARENT_HIST_C": 10053.0, "PARENT_ART_C": 8.0, "VON": "1960\/01\/01", "BIS": "2999\/12\/31" }, "geometry": { "type": "Polygon", "coordinates": [ [ [ 2678238.167199999094, 1235235.0982 ], [ 2678414.341499999166, 1234904.729299999774 ], [ 2679134.371399998664856, 1234564.839500002563 ], [ 2679255.473700001835823, 1234882.023500002920628 ], [ 2680005.8669, 1234869.707999996840954 ], [ 2680380.092999998480082, 1235028.778599999845 ], [ 2680342.722199998795986, 1234673.351599998772144 ], [ 2679723.89299999923, 1234105.573299996554852 ], [ 2678632.518199998885393, 1234203.351999998092651 ], [ 2678708.768199998885393, 1233128.259400002891198 ], [ 2679143.598900001496077, 1232380.733400001889095 ], [ 2679058.580499999225, 1232175.099600002169609 ], [ 2679728.789900001138449, 1231342.913699999684 ], [ 2679561.209899999201, 1230290.398199997842312 ], [ 2679291.98409999907, 1230249.969499997794628 ], [ 2679252.529800001531839, 1230533.037 ], [ 2678613.9523, 1230995.694899998605251 ], [ 2678287.533599998801947, 1231088.2914 ], [ 2677902.514899998903275, 1231558.552199997007847 ], [ 2677706.812899999321, 1232063.242700003087521 ], [ 2677233.122699998319149, 1231958.8209 ], [ 2676743.035799998790026, 1232545.316600002348423 ], [ 2676014.328299999237, 1232721.038800001144409 ], [ 2675656.206599999219, 1232998.939999997615814 ], [ 2675444.915699999779, 1233439.277599997818 ], [ 2675590.115899998694658, 1233637.579800002509728 ], [ 2675199.902800001204014, 1234118.208599999547 ], [ 2675203.6442, 1234779.324500001966953 ], [ 2675916.18239999935, 1235157.711900003254414 ], [ 2676119.031100001186132, 1235522.53320000320673 ], [ 2676668.5207, 1235762.820600003004074 ], [ 2677625.955699998885393, 1235223.9287 ], [ 2678238.167199999094, 1235235.0982 ] ] ] } },
{ "type": "Feature", "properties": { "GEBIET_HIST_C": 12447.0, "GEBIET_C": 93.0, "GEBIET_N": "Oberweningen", "ART_C": 1.0, "ART_N": "Gemeinde", "PARENT_HIST_C": 10080.0, "PARENT_ART_C": 8.0, "VON": "1960\/01\/01", "BIS": "2999\/12\/31" }, "geometry": { "type": "Polygon", "coordinates": [ [ [ 2672584.159099999815, 1265168.50280000269413 ], [ 2672448.299199998378754, 1264755.988899998366833 ], [ 2673118.452899999917, 1264632.162199996412 ], [ 2673708.0192, 1264282.8288 ], [ 2673815.287799999118, 1264057.237899996340275 ], [ 2673401.322799999267, 1263515.322999998927116 ], [ 2673511.0566, 1262868.307300001382828 ], [ 2673344.5053, 1262591.638499997556 ], [ 2673446.0447, 1262095.475500002503395 ], [ 2673159.068399999291, 1261130.560099996626377 ], [ 2673476.474399998784065, 1260589.163400001823902 ], [ 2673478.4626, 1259904.715800002217293 ], [ 2673281.2905, 1259509.350699998438358 ], [ 2672916.209899999201, 1259497.233800001442432 ], [ 2672679.578299999237, 1259925.851300001144409 ], [ 2672444.6446, 1261076.184199996292591 ], [ 2672338.004, 1262140.040399998426437 ], [ 2672571.6499, 1262654.479400001699105 ], [ 2672233.262099999934, 1263808.858400001889095 ], [ 2672236.777399998158216, 1264140.047200001776218 ], [ 2671898.06810000166297, 1264323.95830000191927 ], [ 2672005.199799999595, 1264966.1937 ], [ 2672584.159099999815, 1265168.50280000269413 ] ] ] } },
{ "type": "Feature", "properties": { "GEBIET_HIST_C": 12457.0, "GEBIET_C": 36.0, "GEBIET_N": "Oberstammheim", "ART_C": 1.0, "ART_N": "Gemeinde", "PARENT_HIST_C": 10082.0, "PARENT_ART_C": 8.0, "VON": "1960\/01\/01", "BIS": "2018\/12\/31" }, "geometry": { "type": "Polygon", "coordinates": [ [ [ 2701447.4338, 1274078.910499997437 ], [ 2701584.204899999779, 1274666.664099998772144 ], [ 2700873.307100001722574, 1275704.537299998104572 ], [ 2700805.180799998342991, 1276159.723399996757507 ], [ 2701540.057500001043081, 1276374.943599998950958 ], [ 2702308.577799998223782, 1277613.682599999011 ], [ 2702336.938000001013279, 1277846.081200003623962 ], [ 2703065.792199999094, 1278160.826700001955032 ], [ 2703388.738400001078844, 1278565.20199999958 ], [ 2704255.3462, 1278287.933600001037121 ], [ 2704383.0491, 1277629.455300003290176 ], [ 2704313.6288, 1277281.385200001299381 ], [ 2703843.8033, 1276317.316299997270107 ], [ 2703311.683600001037121, 1276092.939199998975 ], [ 2703215.569699998944998, 1275566.9341000020504 ], [ 2703336.8222, 1274888.505400002002716 ], [ 2702731.543299999088, 1274566.560699999 ], [ 2702499.1061, 1273364.0656 ], [ 2701529.655799999833, 1273401.635899998247623 ], [ 2701447.4338, 1274078.910499997437 ] ] ] } },
{ "type": "Feature", "properties": { "GEBIET_HIST_C": 12461.0, "GEBIET_C": 137.0, "GEBIET_N": "Oberrieden", "ART_C": 1.0, "ART_N": "Gemeinde", "PARENT_HIST_C": 10078.0, "PARENT_ART_C": 8.0, "VON": "1960\/01\/01", "BIS": "2999\/12\/31" }, "geometry": { "type": "Polygon", "coordinates": [ [ [ 2686557.3449, 1236620.977799996733665 ], [ 2686923.175799999386, 1236105.009900003671646 ], [ 2686891.5073, 1236078.175399996340275 ], [ 2686845.155299998819828, 1236020.077100001275539 ], [ 2686837.6149, 1236014.3887 ], [ 2686612.652899999171, 1236006.586900003254414 ], [ 2686128.728799998760223, 1235655.966300003230572 ], [ 2685961.450800001621246, 1235327.1004 ], [ 2684731.9349, 1235935.653899997705594 ], [ 2684423.588799998164177, 1236358.107299998402596 ], [ 2686131.385899998247623, 1237391.867499999702 ], [ 2686255.9778, 1237400.981600001687184 ], [ 2686328.911400001496077, 1237455.728100001811981 ], [ 2686557.3449, 1236620.977799996733665 ] ] ] } },
{ "type": "Feature", "properties": { "GEBIET_HIST_C": 12469.0, "GEBIET_C": 92.0, "GEBIET_N": "Oberglatt", "ART_C": 1.0, "ART_N": "Gemeinde", "PARENT_HIST_C": 10080.0, "PARENT_ART_C": 8.0, "VON": "1960\/01\/01", "BIS": "2999\/12\/31" }, "geometry": { "type": "Polygon", "coordinates": [ [ [ 2682971.6037, 1260232.616599999368 ], [ 2683055.176399998366833, 1259832.80719999969 ], [ 2683495.210099998861551, 1259050.494800001382828 ], [ 2683258.90260000154376, 1258825.755800001090392 ], [ 2683877.558600001037121, 1258175.985 ], [ 2683042.7978, 1257814.95440000295639 ], [ 2682742.762499999255, 1258082.9996 ], [ 2682419.267599999905, 1257723.523999996483326 ], [ 2681844.756799999624, 1257596.850699998438358 ], [ 2681709.653799999505, 1258357.308300003409386 ], [ 2681075.288699999452, 1257700.0287000015378 ], [ 2680674.6389, 1257867.753899998962879 ], [ 2680184.490899998694658, 1259060.035499997437 ], [ 2679876.872000001370907, 1259192.254199996590614 ], [ 2680047.717799998819828, 1259668.108000002801418 ], [ 2680874.064199998975, 1260511.381599999964 ], [ 2681322.549600001424551, 1260830.377700001001358 ], [ 2681424.562199998181313, 1261112.671899996697903 ], [ 2681709.054200001060963, 1261325.8699999971 ], [ 2682137.85889999941, 1261135.305200003087521 ], [ 2682088.050099998713, 1260622.014600001275539 ], [ 2682584.371399998664856, 1260212.346900001168251 ], [ 2682971.6037, 1260232.616599999368 ] ] ] } },
{ "type": "Feature", "properties": { "GEBIET_HIST_C": 12483.0, "GEBIET_C": 66.0, "GEBIET_N": "Opfikon", "ART_C": 1.0, "ART_N": "Gemeinde", "PARENT_HIST_C": 10081.0, "PARENT_ART_C": 8.0, "VON": "1960\/01\/01", "BIS": "2999\/12\/31" }, "geometry": { "type": "Polygon", "coordinates": [ [ [ 2687065.1543, 1254527.898000001907349 ], [ 2686974.5982, 1253775.654700003564358 ], [ 2686459.952399998903275, 1253085.154399998486042 ], [ 2686013.8174, 1253185.2637 ], [ 2685650.279199998825788, 1252756.041900001699105 ], [ 2684867.9512, 1252261.288500003516674 ], [ 2684836.674400001764297, 1252342.992399998009205 ], [ 2684178.649300001561642, 1252819.411200001835823 ], [ 2684402.419100001454353, 1253189.021099999547 ], [ 2684249.847800001502037, 1253917.801600001752377 ], [ 2684518.10909999907, 1254366.088399998844 ], [ 2684181.736699998378754, 1255004.089900002116337 ], [ 2684646.145799998193979, 1254910.5458 ], [ 2684978.146099999547, 1255057.758100003004074 ], [ 2685613.255899999291, 1255051.381599999964 ], [ 2686259.7837, 1254804.942100003361702 ], [ 2686636.2203, 1254867.867700003087521 ], [ 2687065.1543, 1254527.898000001907349 ] ] ] } },
{ "type": "Feature", "properties": { "GEBIET_HIST_C": 12497.0, "GEBIET_C": 10.0, "GEBIET_N": "Obfelden", "ART_C": 1.0, "ART_N": "Gemeinde", "PARENT_HIST_C": 10053.0, "PARENT_ART_C": 8.0, "VON": "1960\/01\/01", "BIS": "2999\/12\/31" }, "geometry": { "type": "Polygon", "coordinates": [ [ [ 2676119.031100001186132, 1235522.53320000320673 ], [ 2675916.18239999935, 1235157.711900003254414 ], [ 2675203.6442, 1234779.324500001966953 ], [ 2675199.902800001204014, 1234118.208599999547 ], [ 2675590.115899998694658, 1233637.579800002509728 ], [ 2675444.915699999779, 1233439.277599997818 ], [ 2674958.322500001639128, 1233275.461999997496605 ], [ 2673861.634599998593, 1233292.468900002306327 ], [ 2673844.690699998289347, 1232986.158399999142 ], [ 2673691.454999998211861, 1233391.529600002104416 ], [ 2672987.044399999082, 1234197.829099998110905 ], [ 2673102.9032, 1234765.211400002241135 ], [ 2672799.380399998277426, 1235333.827600002288818 ], [ 2672860.64499999955, 1235697.2769 ], [ 2673966.00569999963, 1236030.988899998366833 ], [ 2674713.987799998372793, 1236941.732299998402596 ], [ 2675430.281899999827, 1237048.669600002467632 ], [ 2675662.327399998903275, 1236711.663699999684 ], [ 2675467.048799999058, 1236452.355400003492832 ], [ 2676119.031100001186132, 1235522.53320000320673 ] ] ] } },
{ "type": "Feature", "properties": { "GEBIET_HIST_C": 12501.0, "GEBIET_C": 157.0, "GEBIET_N": "Oetwil am See", "ART_C": 1.0, "ART_N": "Gemeinde", "PARENT_HIST_C": 10077.0, "PARENT_ART_C": 8.0, "VON": "1986\/01\/01", "BIS": "2999\/12\/31" }, "geometry": { "type": "Polygon", "coordinates": [ [ [ 2698205.988699998706579, 1237961.613300003111362 ], [ 2698183.739100001752377, 1237559.370399996638298 ], [ 2698619.18470000103116, 1236881.460699997842312 ], [ 2698453.03099999949, 1236547.421400003135204 ], [ 2698982.481600001454353, 1236036.800300002098083 ], [ 2697724.30180000141263, 1235310.800700001418591 ], [ 2697222.776099998503923, 1235327.264399997889996 ], [ 2696486.466099999845, 1235688.502899996936321 ], [ 2696053.135000001639128, 1236290.446000002324581 ], [ 2695211.7489, 1236539.630599997937679 ], [ 2695062.7626, 1236810.798500001430511 ], [ 2695611.344999998807907, 1237102.30189999938 ], [ 2696146.289, 1237042.054200001060963 ], [ 2696433.587499998509884, 1237778.586900003254414 ], [ 2696745.959199998527765, 1237781.339900002116337 ], [ 2697188.7463, 1238233.236299999058 ], [ 2697508.3396, 1237996.138400003314018 ], [ 2698205.988699998706579, 1237961.613300003111362 ] ] ] } },
{ "type": "Feature", "properties": { "GEBIET_HIST_C": 12524.0, "GEBIET_C": 65.0, "GEBIET_N": "Oberembrach", "ART_C": 1.0, "ART_N": "Gemeinde", "PARENT_HIST_C": 10081.0, "PARENT_ART_C": 8.0, "VON": "1960\/01\/01", "BIS": "2999\/12\/31" }, "geometry": { "type": "Polygon", "coordinates": [ [ [ 2691903.301399998366833, 1261455.649599999189 ], [ 2692077.410300001502037, 1260657.0115 ], [ 2691470.013199999928, 1260219.979599997401237 ], [ 2691497.141499999911, 1259558.6629 ], [ 2691677.522999998182058, 1259247.215800002217293 ], [ 2691528.170899998396635, 1258538.016000002622604 ], [ 2691174.924199998378754, 1258440.644599996507168 ], [ 2690504.084699999541, 1258676.920299999416 ], [ 2690451.1849, 1259066.870499998331 ], [ 2690135.252, 1259333.911799997091293 ], [ 2689555.569499999285, 1259124.553000003099442 ], [ 2689438.31269999966, 1258845.299699999392 ], [ 2688941.793099999428, 1258779.2166 ], [ 2688834.9217, 1259318.476999998092651 ], [ 2688336.662, 1259608.069200001657009 ], [ 2688405.6464, 1259834.297300003701821 ], [ 2687633.2071, 1260833.531400002306327 ], [ 2688066.202199999243, 1261148.981200001901016 ], [ 2688515.448600001633167, 1261245.158100001513958 ], [ 2688758.161299999803, 1261549.795100003713742 ], [ 2689662.6195, 1261618.101000003516674 ], [ 2689792.518699999899, 1262369.1237 ], [ 2690328.6488, 1262457.309399999678 ], [ 2690262.658100001513958, 1261938.244000002741814 ], [ 2691113.5993, 1261661.009000003105029 ], [ 2691393.70199999958, 1261843.023500002920628 ], [ 2691903.301399998366833, 1261455.649599999189 ] ] ] } },
{ "type": "Feature", "properties": { "GEBIET_HIST_C": 12534.0, "GEBIET_C": 89.0, "GEBIET_N": "Niederglatt", "ART_C": 1.0, "ART_N": "Gemeinde", "PARENT_HIST_C": 10080.0, "PARENT_ART_C": 8.0, "VON": "1960\/01\/01", "BIS": "2999\/12\/31" }, "geometry": { "type": "Polygon", "coordinates": [ [ [ 2681424.562199998181313, 1261112.671899996697903 ], [ 2681322.549600001424551, 1260830.377700001001358 ], [ 2680874.064199998975, 1260511.381599999964 ], [ 2680047.717799998819828, 1259668.108000002801418 ], [ 2679683.0821, 1260257.240699999034 ], [ 2678149.683600001037121, 1260563.703900001943111 ], [ 2678292.1576, 1260817.199500001966953 ], [ 2678599.2421, 1261175.62950000166893 ], [ 2678988.068599998950958, 1261314.553800001507625 ], [ 2679645.3684, 1261582.369000002741814 ], [ 2680360.0535, 1261544.715099997818 ], [ 2680817.8145, 1261652.902699999511 ], [ 2681220.394299998879433, 1261005.933600001037121 ], [ 2681424.562199998181313, 1261112.671899996697903 ] ] ] } },
{ "type": "Feature", "properties": { "GEBIET_HIST_C": 12537.0, "GEBIET_C": 88.0, "GEBIET_N": "Neerach", "ART_C": 1.0, "ART_N": "Gemeinde", "PARENT_HIST_C": 10080.0, "PARENT_ART_C": 8.0, "VON": "1960\/01\/01", "BIS": "2999\/12\/31" }, "geometry": { "type": "Polygon", "coordinates": [ [ [ 2679446.116099998354912, 1263880.019100002944469 ], [ 2679139.2146, 1263177.92790000140667 ], [ 2679130.563900001347065, 1262620.756700001657009 ], [ 2678545.98409999907, 1262331.750500001013279 ], [ 2678988.068599998950958, 1261314.553800001507625 ], [ 2678599.2421, 1261175.62950000166893 ], [ 2678292.1576, 1260817.199500001966953 ], [ 2677368.839000001549721, 1260882.3592 ], [ 2677475.934, 1261242.416699998081 ], [ 2677318.53770000115037, 1262084.69319999963 ], [ 2676829.654800001531839, 1262264.4428 ], [ 2676513.9261, 1262759.217100002104416 ], [ 2677044.62519999966, 1263211.087700001895428 ], [ 2677453.181400001049042, 1263905.724600002169609 ], [ 2678426.979400001466274, 1264119.9089 ], [ 2679078.2947, 1264112.116800002753735 ], [ 2679205.561, 1264665.536899998784065 ], [ 2679446.116099998354912, 1263880.019100002944469 ] ] ] } },
{ "type": "Feature", "properties": { "GEBIET_HIST_C": 12538.0, "GEBIET_C": 223.0, "GEBIET_N": "Neftenbach", "ART_C": 1.0, "ART_N": "Gemeinde", "PARENT_HIST_C": 10074.0, "PARENT_ART_C": 8.0, "VON": "1960\/01\/01", "BIS": "2012\/12\/31" }, "geometry": { "type": "Polygon", "coordinates": [ [ [ 2694008.680599998682737, 1267604.513800002634525 ], [ 2694331.758799999952, 1267191.704099998110905 ], [ 2694228.718699999154, 1266805.209799997508526 ], [ 2694625.421799998730421, 1266544.672600001096725 ], [ 2694820.989100001752377, 1265449.881599999964 ], [ 2694047.549400001764297, 1265279.886399999261 ], [ 2693956.704799998551607, 1264848.637000001966953 ], [ 2693541.408199999481, 1264362.350900001823902 ], [ 2693287.465999998152256, 1263756.33799999952 ], [ 2693281.6301, 1263747.065099999309 ], [ 2693267.775699999183, 1263761.045199997490272 ], [ 2692621.980799999088, 1263535.429399996995926 ], [ 2692081.650499999523, 1263548.083400003612041 ], [ 2690773.510299999267, 1264110.582000002497807 ], [ 2690526.639600001275539, 1264070.309600003063679 ], [ 2690096.268800001591444, 1264720.2078 ], [ 2690186.651099998503923, 1265116.967799998819828 ], [ 2690613.3561, 1265370.754699997603893 ], [ 2690595.124099999666, 1265621.258000001311302 ], [ 2691317.3198, 1266270.057899996638298 ], [ 2690910.400699999183, 1266711.3412000015378 ], [ 2691171.336, 1267207.8799 ], [ 2690980.381499998271465, 1267806.448700003093109 ], [ 2691073.981899999082, 1268212.221900001168251 ], [ 2691603.29639999941, 1268142.818499997258186 ], [ 2691987.897100001573563, 1268656.555 ], [ 2692480.5293, 1268647.5436 ], [ 2693262.503899998962879, 1267998.927699998021126 ], [ 2693506.634799998253584, 1267374.294399999082 ], [ 2694008.680599998682737, 1267604.513800002634525 ] ] ] } },
{ "type": "Feature", "properties": { "GEBIET_HIST_C": 12547.0, "GEBIET_C": 64.0, "GEBIET_N": "Nürensdorf", "ART_C": 1.0, "ART_N": "Gemeinde", "PARENT_HIST_C": 10081.0, "PARENT_ART_C": 8.0, "VON": "1960\/01\/01", "BIS": "2999\/12\/31" }, "geometry": { "type": "Polygon", "coordinates": [ [ [ 2691528.170899998396635, 1258538.016000002622604 ], [ 2692335.958999998867512, 1257857.281199999154 ], [ 2693085.750399999321, 1257380.681100003421307 ], [ 2693524.095499999821, 1256558.05719999969 ], [ 2693227.866799999028, 1256216.975599996745586 ], [ 2692748.770799998193979, 1256074.793700001901016 ], [ 2692265.120099999011, 1255530.088100001215935 ], [ 2692188.66780000180006, 1254662.227099999785 ], [ 2692026.561900001019239, 1254576.387100003659725 ], [ 2691315.744600001722574, 1254847.004699997603893 ], [ 2690060.576799999923, 1256529.201899997889996 ], [ 2689511.448800001293421, 1257059.173399999505 ], [ 2689830.3876, 1257576.671800002455711 ], [ 2689536.4424, 1257956.620099999011 ], [ 2689438.31269999966, 1258845.299699999392 ], [ 2689555.569499999285, 1259124.553000003099442 ], [ 2690135.252, 1259333.911799997091293 ], [ 2690451.1849, 1259066.870499998331 ], [ 2690504.084699999541, 1258676.920299999416 ], [ 2691174.924199998378754, 1258440.644599996507168 ], [ 2691528.170899998396635, 1258538.016000002622604 ] ] ] } },
{ "type": "Feature", "properties": { "GEBIET_HIST_C": 12560.0, "GEBIET_C": 90.0, "GEBIET_N": "Niederhasli", "ART_C": 1.0, "ART_N": "Gemeinde", "PARENT_HIST_C": 10080.0, "PARENT_ART_C": 8.0, "VON": "1960\/01\/01", "BIS": "2999\/12\/31" }, "geometry": { "type": "Polygon", "coordinates": [ [ [ 2680047.717799998819828, 1259668.108000002801418 ], [ 2679876.872000001370907, 1259192.254199996590614 ], [ 2680184.490899998694658, 1259060.035499997437 ], [ 2680674.6389, 1257867.753899998962879 ], [ 2681075.288699999452, 1257700.0287000015378 ], [ 2681709.653799999505, 1258357.308300003409386 ], [ 2681844.756799999624, 1257596.850699998438358 ], [ 2681213.3145, 1257378.428800001507625 ], [ 2681238.107799999416, 1257026.639200001955032 ], [ 2680783.503299999982, 1256984.741599999368 ], [ 2680893.026299998164177, 1256522.272799998288974 ], [ 2680758.8048, 1256146.006700001657009 ], [ 2680237.115299999714, 1255955.556599996984005 ], [ 2680073.485599998384714, 1255519.760899998247623 ], [ 2679640.3693, 1255750.0845 ], [ 2679577.251299999654, 1256467.040499999886 ], [ 2679147.984499998390675, 1256536.911200001835823 ], [ 2678685.049699999392, 1256827.276500001549721 ], [ 2678638.830299999565, 1257099.99599999911 ], [ 2678071.846799999475, 1257250.505900003015995 ], [ 2677296.434399999678, 1257022.06819999963 ], [ 2677170.978500001132488, 1257284.782499998807907 ], [ 2677256.5927, 1257799.739200003445148 ], [ 2677496.412999998778105, 1258065.8037 ], [ 2677574.9173, 1258624.887699998915195 ], [ 2678125.098900001496077, 1260047.621100001037121 ], [ 2678150.042399998754263, 1260375.911700002849102 ], [ 2678149.683600001037121, 1260563.703900001943111 ], [ 2679683.0821, 1260257.240699999034 ], [ 2680047.717799998819828, 1259668.108000002801418 ] ] ] } },
{ "type": "Feature", "properties": { "GEBIET_HIST_C": 12568.0, "GEBIET_C": 91.0, "GEBIET_N": "Niederweningen", "ART_C": 1.0, "ART_N": "Gemeinde", "PARENT_HIST_C": 10080.0, "PARENT_ART_C": 8.0, "VON": "1960\/01\/01", "BIS": "2999\/12\/31" }, "geometry": { "type": "Polygon", "coordinates": [ [ [ 2671803.9008, 1264258.68219999969 ], [ 2671801.516699999571, 1263598.850100003182888 ], [ 2671606.965300001204014, 1262743.586000002920628 ], [ 2671745.265799999237, 1262334.4353 ], [ 2671354.4298, 1261774.919799998402596 ], [ 2671158.566899999976, 1261058.295999996364117 ], [ 2670798.661699999124, 1260698.594300002092496 ], [ 2671022.249699998181313, 1260434.0982 ], [ 2670722.872099999338, 1260046.685400001704693 ], [ 2670820.8909, 1259411.593999996781349 ], [ 2670445.8321, 1259386.702200002968311 ], [ 2669694.260899998247623, 1259309.4111 ], [ 2669636.009100001305342, 1260388.212399996817112 ], [ 2669309.9298, 1261155.045400001108646 ], [ 2669626.8264, 1261443.066100001102313 ], [ 2669256.162, 1261706.546400003135204 ], [ 2669501.392799999565, 1262557.999399997293949 ], [ 2670438.555300001055002, 1262670.891199998557568 ], [ 2670936.50699999928, 1263228.450599998235703 ], [ 2671001.048500001430511, 1264223.3799 ], [ 2671392.2267, 1264667.347699999809 ], [ 2671803.9008, 1264258.68219999969 ] ] ] } },
{ "type": "Feature", "properties": { "GEBIET_HIST_C": 12592.0, "GEBIET_C": 154.0, "GEBIET_N": "Küsnacht (ZH)", "ART_C": 1.0, "ART_N": "Gemeinde", "PARENT_HIST_C": 10077.0, "PARENT_ART_C": 8.0, "VON": "1986\/01\/01", "BIS": "2999\/12\/31" }, "geometry": { "type": "Polygon", "coordinates": [ [ [ 2685636.175799999386, 1242969.726599998772144 ], [ 2686376.9714, 1243161.057099997997284 ], [ 2686896.5337, 1242731.485399998724461 ], [ 2687177.958700001239777, 1242743.153099998831749 ], [ 2687995.613299999386, 1243319.663900002837181 ], [ 2688662.187399998307228, 1242718.098700001835823 ], [ 2688593.95599999977, 1242416.6444 ], [ 2690171.654199998825788, 1241904.563000001013279 ], [ 2690415.394900001585484, 1242415.605999998748302 ], [ 2691059.645599998533726, 1242387.2945 ], [ 2691277.8134, 1242813.554099999368 ], [ 2691828.52479999885, 1242318.891699999571 ], [ 2692238.7509, 1241053.979999996721745 ], [ 2691967.812600001692772, 1240653.514700002968311 ], [ 2691366.150600001215935, 1240597.309 ], [ 2690655.438700001686811, 1240718.401199996471405 ], [ 2690217.5379, 1240403.648000001907349 ], [ 2689723.6028, 1241052.100599996745586 ], [ 2689235.1858000010252, 1240836.821400001645088 ], [ 2688817.355500001460314, 1240456.2302 ], [ 2688486.515399999917, 1240617.029600002104416 ], [ 2688139.654599998146296, 1240350.994599997997284 ], [ 2687516.833999998867512, 1240403.82320000231266 ], [ 2686804.946499999613, 1240213.631300002336502 ], [ 2686463.863099999726, 1240622.993900001049042 ], [ 2686104.1052, 1241324.880199998617172 ], [ 2686169.2122, 1241627.88000000291504 ], [ 2685767.489999998360872, 1242464.941600002348423 ], [ 2685636.175799999386, 1242969.726599998772144 ] ] ] } },
{ "type": "Feature", "properties": { "GEBIET_HIST_C": 12605.0, "GEBIET_C": 175.0, "GEBIET_N": "Kyburg", "ART_C": 1.0, "ART_N": "Gemeinde", "PARENT_HIST_C": 10076.0, "PARENT_ART_C": 8.0, "VON": "1960\/01\/01", "BIS": "2015\/12\/31" }, "geometry": { "type": "Polygon", "coordinates": [ [ [ 2699206.03559999913, 1258387.838799998164177 ], [ 2699215.181499999017, 1258386.411899998784065 ], [ 2699741.566799998283386, 1257518.74040000140667 ], [ 2700646.064599998295307, 1256916.438100002706051 ], [ 2700664.991999998688698, 1255969.421300001442432 ], [ 2700113.1596, 1255484.2584 ], [ 2699480.117699999362, 1255603.316299997270107 ], [ 2699058.082400001585484, 1255460.131899997591972 ], [ 2698665.2456, 1255080.42159999907 ], [ 2697565.135499998927116, 1255536.625200003385544 ], [ 2697196.0663, 1255387.615999996894971 ], [ 2697246.174600001424551, 1256181.534599997103214 ], [ 2697055.275600001215935, 1256870.649800002574921 ], [ 2696756.866999998688698, 1257397.257200002903119 ], [ 2697293.575940325390548, 1257560.878235875163227 ], [ 2697712.798399999738, 1257288.736100003123283 ], [ 2697784.5229, 1257766.611599996685982 ], [ 2698217.333999998867512, 1257782.627199999988 ], [ 2698226.471900001168251, 1257780.8671 ], [ 2698818.527199998497963, 1257628.020599998300895 ], [ 2699206.03559999913, 1258387.838799998164177 ] ] ] } },
{ "type": "Feature", "properties": { "GEBIET_HIST_C": 12620.0, "GEBIET_C": 195.0, "GEBIET_N": "Maur", "ART_C": 1.0, "ART_N": "Gemeinde", "PARENT_HIST_C": 10075.0, "PARENT_ART_C": 8.0, "VON": "1960\/01\/01", "BIS": "2999\/12\/31" }, "geometry": { "type": "Polygon", "coordinates": [ [ [ 2695145.0707, 1241956.749300003051758 ], [ 2695174.463199999183, 1241862.180699996883 ], [ 2694729.719799999148, 1241652.5845 ], [ 2693980.5482, 1241036.968199997907504 ], [ 2693702.518699999899, 1241327.626900002360344 ], [ 2693106.5139, 1240822.947800002992153 ], [ 2692067.546, 1240426.855099998414516 ], [ 2691967.812600001692772, 1240653.514700002968311 ], [ 2692238.7509, 1241053.979999996721745 ], [ 2691828.52479999885, 1242318.891699999571 ], [ 2691277.8134, 1242813.554099999368 ], [ 2691254.926600001752377, 1243542.411499999696 ], [ 2690491.6785, 1244016.382299996912479 ], [ 2690489.148899998515844, 1244332.095299996435642 ], [ 2689726.638399999589, 1245030.368799999356 ], [ 2689602.834199998527765, 1245495.473399996757507 ], [ 2689373.031899999827, 1246146.10909999907 ], [ 2689685.961199998855591, 1246146.012100003659725 ], [ 2690198.14, 1245821.016500003635883 ], [ 2691357.155000001192093, 1246006.384900003671646 ], [ 2692043.321699999273, 1245938.041500001912937 ], [ 2692991.884399998933077, 1244736.494599997997284 ], [ 2693471.622499998658895, 1244534.490699999034 ], [ 2693904.170899998396635, 1243864.970200002193451 ], [ 2694546.4868, 1242590.711099997162819 ], [ 2694617.164799998980016, 1242053.054099999368 ], [ 2695145.0707, 1241956.749300003051758 ] ] ] } },
{ "type": "Feature", "properties": { "GEBIET_HIST_C": 12635.0, "GEBIET_C": 34.0, "GEBIET_N": "Laufen-Uhwiesen", "ART_C": 1.0, "ART_N": "Gemeinde", "PARENT_HIST_C": 10082.0, "PARENT_ART_C": 8.0, "VON": "1960\/01\/01", "BIS": "2999\/12\/31" }, "geometry": { "type": "Polygon", "coordinates": [ [ [ 2692328.530699998140335, 1281500.333999998867512 ], [ 2692417.039799998980016, 1281186.113799996906891 ], [ 2692986.10099999979, 1280870.945600003004074 ], [ 2693048.771899998188019, 1280199.714500002563 ], [ 2692503.692499998956919, 1280275.517700001597404 ], [ 2691712.501899998169392, 1280327.890699997544289 ], [ 2691257.109499998390675, 1279967.118500001495704 ], [ 2689778.844599999487, 1279484.51895 ], [ 2689297.219700001180172, 1279697.0885 ], [ 2688910.3209, 1280865.217699997127056 ], [ 2688117.455699998885393, 1280767.737599998713 ], [ 2687886.264699999243, 1280471.510799996554852 ], [ 2688018.3931, 1279914.521799996495247 ], [ 2688331.528599999845, 1279653.649099998176098 ], [ 2687896.0872, 1279852.646799996495247 ], [ 2687687.6708, 1280488.535199999809 ], [ 2688215.137299999595, 1281520.409100003540516 ], [ 2688560.969, 1281201.592200003564358 ], [ 2689013.71510000154376, 1281306.73030000180006 ], [ 2689196.092300001531839, 1281161.220399997895584 ], [ 2689990.787399999797, 1281500.108400001889095 ], [ 2691076.947599999607, 1281295.427100002765656 ], [ 2691730.81700000166893, 1281525.6347 ], [ 2692328.530699998140335, 1281500.333999998867512 ] ] ] } },
{ "type": "Feature", "properties": { "GEBIET_HIST_C": 12637.0, "GEBIET_C": 136.0, "GEBIET_N": "Langnau am Albis", "ART_C": 1.0, "ART_N": "Gemeinde", "PARENT_HIST_C": 10078.0, "PARENT_ART_C": 8.0, "VON": "1960\/01\/01", "BIS": "2999\/12\/31" }, "geometry": { "type": "Polygon", "coordinates": [ [ [ 2683480.3735, 1238646.758100003004074 ], [ 2683706.885200001299381, 1237781.184500001370907 ], [ 2683527.277800001204014, 1237435.2989 ], [ 2684149.466499999166, 1236989.515100002288818 ], [ 2684148.0951, 1236356.213399998844 ], [ 2684249.640799999237, 1236078.0574000030756 ], [ 2683013.0306, 1235030.957599997520447 ], [ 2682733.39499999955, 1235615.364 ], [ 2682172.671300001442432, 1235754.613399997353554 ], [ 2681721.05209999904, 1235621.130400002002716 ], [ 2681379.135499998927116, 1236351.772200003266335 ], [ 2681180.1882, 1236077.540799997514114 ], [ 2680605.371899999678, 1236344.26860000193119 ], [ 2681035.365200001746416, 1236647.344300002092496 ], [ 2681132.228799998760223, 1237352.0493 ], [ 2680806.127999998629093, 1237763.417999997502193 ], [ 2680996.311700001824647, 1237922.349200002849102 ], [ 2681360.8405, 1238000.942100003361702 ], [ 2682124.281100001186132, 1238564.712700001895428 ], [ 2682314.7313, 1239276.104599997401237 ], [ 2682587.999899998307228, 1239419.237999998033047 ], [ 2683480.3735, 1238646.758100003004074 ] ] ] } },
{ "type": "Feature", "properties": { "GEBIET_HIST_C": 12671.0, "GEBIET_C": 6.0, "GEBIET_N": "Kappel am Albis", "ART_C": 1.0, "ART_N": "Gemeinde", "PARENT_HIST_C": 10053.0, "PARENT_ART_C": 8.0, "VON": "1960\/01\/01", "BIS": "2999\/12\/31" }, "geometry": { "type": "Polygon", "coordinates": [ [ [ 2683678.488299999386, 1230712.545400001108646 ], [ 2683356.276599999517, 1230818.2553 ], [ 2682807.969500001519918, 1230280.776 ], [ 2681349.305, 1230385.640399999917 ], [ 2681331.7529, 1229952.455099999905 ], [ 2680542.821400001645088, 1229539.676700003445148 ], [ 2679582.656899999827, 1229407.077699996298179 ], [ 2679300.678199999034, 1229914.663099996745586 ], [ 2679291.98409999907, 1230249.969499997794628 ], [ 2679561.209899999201, 1230290.398199997842312 ], [ 2679728.789900001138449, 1231342.913699999684 ], [ 2679058.580499999225, 1232175.099600002169609 ], [ 2679143.598900001496077, 1232380.733400001889095 ], [ 2679902.35909999907, 1232122.6233000010252 ], [ 2680248.12299999967, 1232215.0 ], [ 2680584.935699999332, 1231798.9305 ], [ 2681357.537799999118, 1231471.961599998176098 ], [ 2681224.583399999887, 1231935.593500003218651 ], [ 2682127.973499998450279, 1232197.677299998700619 ], [ 2682051.583999998867512, 1232435.6598 ], [ 2682662.17119999975, 1232087.976999998092651 ], [ 2683222.8284, 1231973.305600002408028 ], [ 2683678.488299999386, 1230712.545400001108646 ] ] ] } },
{ "type": "Feature", "properties": { "GEBIET_HIST_C": 12673.0, "GEBIET_C": 62.0, "GEBIET_N": "Kloten", "ART_C": 1.0, "ART_N": "Gemeinde", "PARENT_HIST_C": 10081.0, "PARENT_ART_C": 8.0, "VON": "1960\/01\/01", "BIS": "2999\/12\/31" }, "geometry": { "type": "Polygon", "coordinates": [ [ [ 2689438.31269999966, 1258845.299699999392 ], [ 2689536.4424, 1257956.620099999011 ], [ 2689830.3876, 1257576.671800002455711 ], [ 2689511.448800001293421, 1257059.173399999505 ], [ 2688929.6059, 1257235.118799999356 ], [ 2688530.41039999947, 1256958.29280000180006 ], [ 2688189.855599999428, 1256411.425800003111362 ], [ 2688136.287500001490116, 1255608.718500003218651 ], [ 2687834.0249, 1254917.670500002801418 ], [ 2687321.860399998724461, 1254548.037399999797 ], [ 2687065.1543, 1254527.898000001907349 ], [ 2686636.2203, 1254867.867700003087521 ], [ 2686259.7837, 1254804.942100003361702 ], [ 2685613.255899999291, 1255051.381599999964 ], [ 2684978.146099999547, 1255057.758100003004074 ], [ 2684646.145799998193979, 1254910.5458 ], [ 2684181.736699998378754, 1255004.089900002116337 ], [ 2683512.987100001424551, 1255783.649800002574921 ], [ 2683709.534200001507998, 1256420.593500003218651 ], [ 2683443.895399998873472, 1256611.365099996328354 ], [ 2684116.31399999931, 1257925.116099998354912 ], [ 2684303.536400001496077, 1257728.059500001370907 ], [ 2684755.5718, 1258159.503499999642 ], [ 2684428.710599999875, 1258849.761299997568 ], [ 2685057.037, 1258582.64360000193119 ], [ 2685593.6651, 1258701.054099999368 ], [ 2685804.5744, 1259437.106600001687184 ], [ 2685982.8581, 1259439.777000002563 ], [ 2686343.112100001424551, 1259263.651199996471405 ], [ 2686682.4364, 1258829.053800001507625 ], [ 2687021.3046, 1258717.721900001168251 ], [ 2687416.688099998980761, 1258037.6083 ], [ 2687782.995900001376867, 1258444.6858000010252 ], [ 2687858.0383, 1259036.05719999969 ], [ 2688336.662, 1259608.069200001657009 ], [ 2688834.9217, 1259318.476999998092651 ], [ 2688941.793099999428, 1258779.2166 ], [ 2689438.31269999966, 1258845.299699999392 ] ] ] } },
{ "type": "Feature", "properties": { "GEBIET_HIST_C": 12674.0, "GEBIET_C": 7.0, "GEBIET_N": "Knonau", "ART_C": 1.0, "ART_N": "Gemeinde", "PARENT_HIST_C": 10053.0, "PARENT_ART_C": 8.0, "VON": "1960\/01\/01", "BIS": "2999\/12\/31" }, "geometry": { "type": "Polygon", "coordinates": [ [ [ 2679291.98409999907, 1230249.969499997794628 ], [ 2679300.678199999034, 1229914.663099996745586 ], [ 2679582.656899999827, 1229407.077699996298179 ], [ 2678892.214499998837709, 1229150.435900002717972 ], [ 2677897.8376, 1229770.457500003278255 ], [ 2677478.19990000128746, 1229692.94089999795 ], [ 2677113.157200001180172, 1230236.393700003623962 ], [ 2676447.028900001198053, 1230399.8574 ], [ 2676345.260000001639128, 1230762.3768 ], [ 2676264.326499998569489, 1231378.173 ], [ 2675879.8266, 1231863.537 ], [ 2675594.9177, 1232465.452100001275539 ], [ 2675656.206599999219, 1232998.939999997615814 ], [ 2676014.328299999237, 1232721.038800001144409 ], [ 2676743.035799998790026, 1232545.316600002348423 ], [ 2677233.122699998319149, 1231958.8209 ], [ 2677706.812899999321, 1232063.242700003087521 ], [ 2677902.514899998903275, 1231558.552199997007847 ], [ 2678287.533599998801947, 1231088.2914 ], [ 2678613.9523, 1230995.694899998605251 ], [ 2679252.529800001531839, 1230533.037 ], [ 2679291.98409999907, 1230249.969499997794628 ] ] ] } },
{ "type": "Feature", "properties": { "GEBIET_HIST_C": 12699.0, "GEBIET_C": 33.0, "GEBIET_N": "Kleinandelfingen", "ART_C": 1.0, "ART_N": "Gemeinde", "PARENT_HIST_C": 10082.0, "PARENT_ART_C": 8.0, "VON": "1960\/01\/01", "BIS": "2999\/12\/31" }, "geometry": { "type": "Polygon", "coordinates": [ [ [ 2693946.714000001549721, 1275895.514799997210503 ], [ 2694117.242400001734495, 1275435.845399997895584 ], [ 2693990.670299999416, 1274657.577899999917 ], [ 2694314.061099998652935, 1274355.615099996328354 ], [ 2694600.6994, 1274520.766000002622604 ], [ 2695036.759399998933077, 1274351.278800003230572 ], [ 2695170.268800001591444, 1273959.40820000320673 ], [ 2694821.1365, 1273555.032799996435642 ], [ 2694740.491099998354912, 1273184.039300002157688 ], [ 2694987.568, 1272878.201800003647804 ], [ 2694688.262099999934, 1272608.478500001132488 ], [ 2693773.598700001835823, 1272485.9098 ], [ 2693186.0773, 1272748.020000003278255 ], [ 2692820.153900001198053, 1273318.815499998629093 ], [ 2692432.583700001239777, 1273668.8321999982 ], [ 2691865.87099999934, 1273476.474399998784065 ], [ 2691751.423500001430511, 1273109.050700001418591 ], [ 2691197.9831, 1272177.14 ], [ 2691190.104600001126528, 1271684.313900001114234 ], [ 2690858.6019, 1271619.094499997794628 ], [ 2690362.666299998760223, 1271880.997900001704693 ], [ 2690088.7236, 1272180.072099998593 ], [ 2689581.271000001579523, 1272077.632799997925758 ], [ 2689176.439100001007318, 1272241.310699999 ], [ 2688783.030900001525879, 1272656.1537000015378 ], [ 2689599.2652, 1272661.61 ], [ 2690308.2245, 1272776.423399999505 ], [ 2690518.554299999028, 1273427.047700002789497 ], [ 2691487.939599998295307, 1273914.646200001239777 ], [ 2691963.304299999028, 1274010.112800002098083 ], [ 2692370.848700001835823, 1274439.133500002324581 ], [ 2692328.6072, 1276129.6325 ], [ 2693210.913499999791, 1276228.894100002944469 ], [ 2693946.714000001549721, 1275895.514799997210503 ] ] ] } },
{ "type": "Feature", "properties": { "GEBIET_HIST_C": 12701.0, "GEBIET_C": 135.0, "GEBIET_N": "Kilchberg (ZH)", "ART_C": 1.0, "ART_N": "Gemeinde", "PARENT_HIST_C": 10078.0, "PARENT_ART_C": 8.0, "VON": "1960\/01\/01", "BIS": "2999\/12\/31" }, "geometry": { "type": "Polygon", "coordinates": [ [ [ 2684235.824599999934, 1241574.236299999058 ], [ 2684494.805100001394749, 1241143.285300001502037 ], [ 2683766.0372, 1240870.282700002193451 ], [ 2683292.309799998998642, 1240462.369800001382828 ], [ 2683027.671300001442432, 1240991.50500000291504 ], [ 2682826.5689, 1242123.2466000020504 ], [ 2682962.842399999499, 1242725.415499999886 ], [ 2683455.987199999392, 1243309.8825 ], [ 2683658.815000001341105, 1242996.002499997615814 ], [ 2684235.824599999934, 1241574.236299999058 ] ] ] } },
{ "type": "Feature", "properties": { "GEBIET_HIST_C": 12720.0, "GEBIET_C": 63.0, "GEBIET_N": "Lufingen", "ART_C": 1.0, "ART_N": "Gemeinde", "PARENT_HIST_C": 10081.0, "PARENT_ART_C": 8.0, "VON": "1960\/01\/01", "BIS": "2999\/12\/31" }, "geometry": { "type": "Polygon", "coordinates": [ [ [ 2687633.2071, 1260833.531400002306327 ], [ 2688405.6464, 1259834.297300003701821 ], [ 2688336.662, 1259608.069200001657009 ], [ 2687858.0383, 1259036.05719999969 ], [ 2687782.995900001376867, 1258444.6858000010252 ], [ 2687416.688099998980761, 1258037.6083 ], [ 2687021.3046, 1258717.721900001168251 ], [ 2686682.4364, 1258829.053800001507625 ], [ 2686343.112100001424551, 1259263.651199996471405 ], [ 2685982.8581, 1259439.777000002563 ], [ 2685548.103799998760223, 1260273.361199997365475 ], [ 2685532.749200001824647, 1260718.01690000295639 ], [ 2686215.340399999171, 1260727.7531 ], [ 2686704.6173, 1261116.7725 ], [ 2687633.2071, 1260833.531400002306327 ] ] ] } },
{ "type": "Feature", "properties": { "GEBIET_HIST_C": 12738.0, "GEBIET_C": 8.0, "GEBIET_N": "Maschwanden", "ART_C": 1.0, "ART_N": "Gemeinde", "PARENT_HIST_C": 10053.0, "PARENT_ART_C": 8.0, "VON": "1960\/01\/01", "BIS": "2999\/12\/31" }, "geometry": { "type": "Polygon", "coordinates": [ [ [ 2675656.206599999219, 1232998.939999997615814 ], [ 2675594.9177, 1232465.452100001275539 ], [ 2675879.8266, 1231863.537 ], [ 2676264.326499998569489, 1231378.173 ], [ 2676345.260000001639128, 1230762.3768 ], [ 2675924.526700001209974, 1230960.3451 ], [ 2675505.2443, 1230786.505500003695488 ], [ 2675025.7135, 1230910.121200002729893 ], [ 2674455.680100001394749, 1230731.804499998688698 ], [ 2674185.1708, 1231095.185999996960163 ], [ 2674037.337900001555681, 1232701.7289 ], [ 2673844.690699998289347, 1232986.158399999142 ], [ 2673861.634599998593, 1233292.468900002306327 ], [ 2674958.322500001639128, 1233275.461999997496605 ], [ 2675444.915699999779, 1233439.277599997818 ], [ 2675656.206599999219, 1232998.939999997615814 ] ] ] } },
{ "type": "Feature", "properties": { "GEBIET_HIST_C": 12742.0, "GEBIET_C": 35.0, "GEBIET_N": "Marthalen", "ART_C": 1.0, "ART_N": "Gemeinde", "PARENT_HIST_C": 10082.0, "PARENT_ART_C": 8.0, "VON": "1960\/01\/01", "BIS": "2999\/12\/31" }, "geometry": { "type": "Polygon", "coordinates": [ [ [ 2691529.016800001263618, 1277336.007600001990795 ], [ 2692353.745499998331, 1276506.425800003111362 ], [ 2692328.6072, 1276129.6325 ], [ 2692370.848700001835823, 1274439.133500002324581 ], [ 2691963.304299999028, 1274010.112800002098083 ], [ 2691487.939599998295307, 1273914.646200001239777 ], [ 2690518.554299999028, 1273427.047700002789497 ], [ 2690308.2245, 1272776.423399999505 ], [ 2689599.2652, 1272661.61 ], [ 2688783.030900001525879, 1272656.1537000015378 ], [ 2687896.610599998384714, 1272344.718299999833 ], [ 2687246.9056, 1272593.4324000030756 ], [ 2686815.379999998956919, 1272295.04900000244379 ], [ 2687027.592, 1273447.2355 ], [ 2687581.410500001162291, 1274012.29 ], [ 2687810.185699999332, 1273656.095600001513958 ], [ 2687937.64, 1273062.241800002753735 ], [ 2688452.219399999827, 1273121.50699999928 ], [ 2688867.5885, 1273415.396399997175 ], [ 2688647.728599999, 1273692.0591000020504 ], [ 2689075.468400001525879, 1274085.8297 ], [ 2688690.9063, 1274254.061700001358986 ], [ 2688484.916999998968095, 1274626.7166 ], [ 2688928.568999998271465, 1274736.671800002455711 ], [ 2689530.3757, 1275260.672300003701821 ], [ 2689539.393800001591444, 1275578.190399996936321 ], [ 2688828.811099998652935, 1276072.836400002241135 ], [ 2689252.669799998402596, 1276403.03490000218153 ], [ 2689440.483600001782179, 1276759.191899999976 ], [ 2689951.448199998587, 1276669.280500002205372 ], [ 2690374.209699999541, 1277115.0819 ], [ 2690121.4386, 1277675.235100001096725 ], [ 2690672.852699998766184, 1277382.440700002014637 ], [ 2691267.422200001776218, 1277694.593500003218651 ], [ 2691529.016800001263618, 1277336.007600001990795 ] ] ] } },
{ "type": "Feature", "properties": { "GEBIET_HIST_C": 12754.0, "GEBIET_C": 155.0, "GEBIET_N": "Männedorf", "ART_C": 1.0, "ART_N": "Gemeinde", "PARENT_HIST_C": 10077.0, "PARENT_ART_C": 8.0, "VON": "1986\/01\/01", "BIS": "2999\/12\/31" }, "geometry": { "type": "Polygon", "coordinates": [ [ [ 2693827.751400001347065, 1234862.747699998319149 ], [ 2694213.0599, 1235123.451399996876717 ], [ 2694534.566199999303, 1235765.276500001549721 ], [ 2694899.3673, 1235929.113399997353554 ], [ 2695211.7489, 1236539.630599997937679 ], [ 2696053.135000001639128, 1236290.446000002324581 ], [ 2696486.466099999845, 1235688.502899996936321 ], [ 2696613.794399999082, 1234617.642800003290176 ], [ 2696052.227200001478195, 1233556.084600001573563 ], [ 2695523.711399998515844, 1233718.606700003147125 ], [ 2694499.781100001186132, 1234548.843699999154 ], [ 2693827.751400001347065, 1234862.747699998319149 ] ] ] } },
{ "type": "Feature", "properties": { "GEBIET_HIST_C": 12821.0, "GEBIET_C": 176.0, "GEBIET_N": "Lindau", "ART_C": 1.0, "ART_N": "Gemeinde", "PARENT_HIST_C": 10076.0, "PARENT_ART_C": 8.0, "VON": "1960\/01\/01", "BIS": "2999\/12\/31" }, "geometry": { "type": "Polygon", "coordinates": [ [ [ 2695567.589000001549721, 1258114.054200001060963 ], [ 2695570.649999998509884, 1258113.671199999517 ], [ 2695701.1028, 1257160.166599996387959 ], [ 2695542.461199998855591, 1256397.390500001609325 ], [ 2695852.605500001460314, 1256225.822800002992153 ], [ 2695866.314199998975, 1255617.78320000320673 ], [ 2695480.91059999913, 1255048.813500002026558 ], [ 2694993.948600001633167, 1255058.1074 ], [ 2694453.2115, 1255368.521200001239777 ], [ 2693702.196499999613, 1254664.094899997115135 ], [ 2693836.89499999955, 1254027.8378000035882 ], [ 2693819.113299999386, 1253321.720299996435642 ], [ 2693498.8988, 1252827.667599998414516 ], [ 2693212.334800001233816, 1252771.005099996924 ], [ 2693097.064199998975, 1252362.691200003027916 ], [ 2692907.2857, 1252252.053199999034 ], [ 2692043.079799998551607, 1252887.491899996995926 ], [ 2692261.3044, 1253181.409000001847744 ], [ 2691827.765700001269579, 1253688.576099999249 ], [ 2692026.561900001019239, 1254576.387100003659725 ], [ 2692188.66780000180006, 1254662.227099999785 ], [ 2692265.120099999011, 1255530.088100001215935 ], [ 2692748.770799998193979, 1256074.793700001901016 ], [ 2693227.866799999028, 1256216.975599996745586 ], [ 2693524.095499999821, 1256558.05719999969 ], [ 2693085.750399999321, 1257380.681100003421307 ], [ 2693982.7813, 1258163.065700002014637 ], [ 2694558.194400001317263, 1258159.5467 ], [ 2695567.589000001549721, 1258114.054200001060963 ] ] ] } },
{ "type": "Feature", "properties": { "GEBIET_HIST_C": 12831.0, "GEBIET_C": 178.0, "GEBIET_N": "Russikon", "ART_C": 1.0, "ART_N": "Gemeinde", "PARENT_HIST_C": 10076.0, "PARENT_ART_C": 8.0, "VON": "1960\/01\/01", "BIS": "2999\/12\/31" }, "geometry": { "type": "Polygon", "coordinates": [ [ [ 2704038.2245, 1250846.769900001585484 ], [ 2703849.1798, 1250114.434199996292591 ], [ 2703991.219700001180172, 1249673.076300002634525 ], [ 2703641.6378, 1249175.320399999619 ], [ 2703086.962699998170137, 1249273.947999998927116 ], [ 2702888.267399999779, 1249481.218299999833 ], [ 2702264.808299999684, 1248908.594400003552437 ], [ 2701823.5511, 1248894.602700002491474 ], [ 2701367.912300001829863, 1248644.89299999923 ], [ 2701013.2203, 1248942.821400001645088 ], [ 2700349.833599999547, 1249328.942199997603893 ], [ 2699842.6422, 1250876.133599996566772 ], [ 2699147.872099999338, 1251281.843099996447563 ], [ 2699095.764699999243, 1251843.625299997627735 ], [ 2699256.620000001043081, 1252139.737099997699261 ], [ 2699942.576499998569489, 1252002.241800002753735 ], [ 2700461.41059999913, 1252107.355499997502193 ], [ 2700695.728100001811981, 1251891.904700003564358 ], [ 2701323.7188, 1252265.701700001955032 ], [ 2701442.871399998664856, 1252654.66499999911 ], [ 2702239.438900001347065, 1253203.8068 ], [ 2702802.0251, 1253328.555 ], [ 2703013.927499998360872, 1253580.190700002014637 ], [ 2703042.1195, 1252887.393799998098984 ], [ 2703260.745000001043081, 1252413.1774 ], [ 2703225.3046, 1252073.930600002408028 ], [ 2703614.773400001227856, 1251607.5568 ], [ 2703850.187199998181313, 1251613.858800001442432 ], [ 2704038.2245, 1250846.769900001585484 ] ] ] } },
{ "type": "Feature", "properties": { "GEBIET_HIST_C": 12832.0, "GEBIET_C": 139.0, "GEBIET_N": "Rüschlikon", "ART_C": 1.0, "ART_N": "Gemeinde", "PARENT_HIST_C": 10078.0, "PARENT_ART_C": 8.0, "VON": "1960\/01\/01", "BIS": "2999\/12\/31" }, "geometry": { "type": "Polygon", "coordinates": [ [ [ 2684726.38399999961, 1240006.8834 ], [ 2684913.002300001680851, 1239649.979400001699105 ], [ 2684163.687800001818687, 1239395.515100002288818 ], [ 2683942.442699998617172, 1238934.262900002300739 ], [ 2683480.3735, 1238646.758100003004074 ], [ 2682587.999899998307228, 1239419.237999998033047 ], [ 2682832.960099998861551, 1239851.969899997115135 ], [ 2683305.576099999249, 1240174.873599998885766 ], [ 2683292.309799998998642, 1240462.369800001382828 ], [ 2683766.0372, 1240870.282700002193451 ], [ 2684494.805100001394749, 1241143.285300001502037 ], [ 2684726.38399999961, 1240006.8834 ] ] ] } },
{ "type": "Feature", "properties": { "GEBIET_HIST_C": 12834.0, "GEBIET_C": 97.0, "GEBIET_N": "Rümlang", "ART_C": 1.0, "ART_N": "Gemeinde", "PARENT_HIST_C": 10080.0, "PARENT_ART_C": 8.0, "VON": "1960\/01\/01", "BIS": "2999\/12\/31" }, "geometry": { "type": "Polygon", "coordinates": [ [ [ 2684116.31399999931, 1257925.116099998354912 ], [ 2683443.895399998873472, 1256611.365099996328354 ], [ 2683709.534200001507998, 1256420.593500003218651 ], [ 2683512.987100001424551, 1255783.649800002574921 ], [ 2684181.736699998378754, 1255004.089900002116337 ], [ 2684518.10909999907, 1254366.088399998844 ], [ 2684249.847800001502037, 1253917.801600001752377 ], [ 2683304.3946999982, 1254150.795999996364117 ], [ 2682877.072399999946, 1253985.180399999022 ], [ 2682159.203200001269579, 1254109.324500001966953 ], [ 2681931.8647, 1253950.625500001013279 ], [ 2681080.811299998313189, 1253901.690700002014637 ], [ 2680212.4054, 1254300.805799998342991 ], [ 2680292.646699998527765, 1254683.184600003063679 ], [ 2680073.485599998384714, 1255519.760899998247623 ], [ 2680237.115299999714, 1255955.556599996984005 ], [ 2680758.8048, 1256146.006700001657009 ], [ 2680893.026299998164177, 1256522.272799998288974 ], [ 2680783.503299999982, 1256984.741599999368 ], [ 2681238.107799999416, 1257026.639200001955032 ], [ 2681213.3145, 1257378.428800001507625 ], [ 2681844.756799999624, 1257596.850699998438358 ], [ 2682419.267599999905, 1257723.523999996483326 ], [ 2682742.762499999255, 1258082.9996 ], [ 2683042.7978, 1257814.95440000295639 ], [ 2683877.558600001037121, 1258175.985 ], [ 2684116.31399999931, 1257925.116099998354912 ] ] ] } },
{ "type": "Feature", "properties": { "GEBIET_HIST_C": 12883.0, "GEBIET_C": 118.0, "GEBIET_N": "Rüti (ZH)", "ART_C": 1.0, "ART_N": "Gemeinde", "PARENT_HIST_C": 10079.0, "PARENT_ART_C": 8.0, "VON": "1960\/01\/01", "BIS": "2999\/12\/31" }, "geometry": { "type": "Polygon", "coordinates": [ [ [ 2709500.832899998873472, 1234553.292999997502193 ], [ 2708612.6884, 1234445.566899999976 ], [ 2708652.844099998474121, 1234010.908699996769428 ], [ 2708343.521200001239777, 1233668.068000003695488 ], [ 2707769.016399998217821, 1233539.329999998211861 ], [ 2707035.815699998289347, 1233848.086000002920628 ], [ 2706994.7736, 1234280.251299999654 ], [ 2705910.59789999947, 1233845.100500002503395 ], [ 2705197.3167, 1234214.320299997925758 ], [ 2705142.780900001525879, 1234809.395099997520447 ], [ 2705470.5128, 1235500.320100001990795 ], [ 2705763.211199998855591, 1235540.558600001037121 ], [ 2706957.660799998790026, 1235366.0696 ], [ 2707150.630899999291, 1235964.132899999619 ], [ 2707738.543000001460314, 1236071.876900002360344 ], [ 2708150.034099999815, 1236402.490199998021126 ], [ 2708907.819699998944998, 1236372.9195 ], [ 2709630.28539999947, 1236584.3957 ], [ 2709887.186999998986721, 1236522.045400001108646 ], [ 2710413.429499998688698, 1236738.937799997627735 ], [ 2710579.58729999885, 1236410.136399999261 ], [ 2710981.376200001686811, 1236434.878700003027916 ], [ 2710972.265, 1235898.508299998939037 ], [ 2710406.787, 1235738.485 ], [ 2710395.1886, 1235468.366700001060963 ], [ 2709868.4725, 1235266.039300002157688 ], [ 2709966.5819, 1235015.9921 ], [ 2709500.832899998873472, 1234553.292999997502193 ] ] ] } },
{ "type": "Feature", "properties": { "GEBIET_HIST_C": 12889.0, "GEBIET_C": 225.0, "GEBIET_N": "Rickenbach (ZH)", "ART_C": 1.0, "ART_N": "Gemeinde", "PARENT_HIST_C": 10074.0, "PARENT_ART_C": 8.0, "VON": "1960\/01\/01", "BIS": "2999\/12\/31" }, "geometry": { "type": "Polygon", "coordinates": [ [ [ 2702577.457499999553, 1269041.487300001084805 ], [ 2703487.370499998331, 1267731.104500003159046 ], [ 2702881.282099999487, 1266983.689900003373623 ], [ 2702881.2892, 1266699.253499999642 ], [ 2702362.679099999368, 1266514.6567 ], [ 2701751.223700001835823, 1265820.6818 ], [ 2701751.970584386494011, 1265817.776860732818022 ], [ 2701465.6228, 1265727.145000003278255 ], [ 2701408.873399998992682, 1265706.774599999189 ], [ 2700711.925900001078844, 1266440.882899999619 ], [ 2700668.246599998325109, 1266792.763199999928 ], [ 2701365.647999998182058, 1267080.852499999106 ], [ 2701384.5137, 1267709.387500002980232 ], [ 2701146.8015, 1268126.984899997711182 ], [ 2700914.903499998152256, 1269085.363200001418591 ], [ 2701148.581599999219, 1269273.999499998986721 ], [ 2701705.6246, 1269315.777900002896786 ], [ 2702216.690699998289347, 1269024.938600003486499 ], [ 2702577.457499999553, 1269041.487300001084805 ] ] ] } },
{ "type": "Feature", "properties": { "GEBIET_HIST_C": 12891.0, "GEBIET_C": 12.0, "GEBIET_N": "Rifferswil", "ART_C": 1.0, "ART_N": "Gemeinde", "PARENT_HIST_C": 10053.0, "PARENT_ART_C": 8.0, "VON": "1960\/01\/01", "BIS": "2999\/12\/31" }, "geometry": { "type": "Polygon", "coordinates": [ [ [ 2680492.30290000140667, 1235034.944099999964 ], [ 2680944.0009, 1234666.363799996906891 ], [ 2681381.529800001531839, 1234110.065200001001358 ], [ 2681486.344700001180172, 1233042.021300002932549 ], [ 2681454.754700001329184, 1232413.958700001239777 ], [ 2682051.583999998867512, 1232435.6598 ], [ 2682127.973499998450279, 1232197.677299998700619 ], [ 2681224.583399999887, 1231935.593500003218651 ], [ 2681357.537799999118, 1231471.961599998176098 ], [ 2680584.935699999332, 1231798.9305 ], [ 2680248.12299999967, 1232215.0 ], [ 2679902.35909999907, 1232122.6233000010252 ], [ 2679143.598900001496077, 1232380.733400001889095 ], [ 2678708.768199998885393, 1233128.259400002891198 ], [ 2678632.518199998885393, 1234203.351999998092651 ], [ 2679723.89299999923, 1234105.573299996554852 ], [ 2680342.722199998795986, 1234673.351599998772144 ], [ 2680380.092999998480082, 1235028.778599999845 ], [ 2680492.30290000140667, 1235034.944099999964 ] ] ] } },
{ "type": "Feature", "properties": { "GEBIET_HIST_C": 12907.0, "GEBIET_C": 138.0, "GEBIET_N": "Richterswil", "ART_C": 1.0, "ART_N": "Gemeinde", "PARENT_HIST_C": 10078.0, "PARENT_ART_C": 8.0, "VON": "1960\/01\/01", "BIS": "2999\/12\/31" }, "geometry": { "type": "Polygon", "coordinates": [ [ [ 2696445.818399999291, 1229174.368299998342991 ], [ 2696570.938799999654, 1228794.662799999118 ], [ 2696338.0315, 1228500.557599999011 ], [ 2695799.5383, 1228627.030699997907504 ], [ 2695755.078499998897314, 1228216.8306 ], [ 2695140.128600001335144, 1228029.110899999505 ], [ 2694655.421500001102686, 1227150.021799996495247 ], [ 2694172.019799999893, 1226606.899099998176098 ], [ 2693625.024599999189, 1226716.9503 ], [ 2693236.179099999368, 1226551.6853 ], [ 2692699.915600001811981, 1227002.260300002992153 ], [ 2692931.331399999559, 1227722.706799998879433 ], [ 2693337.1193, 1228534.578100003302097 ], [ 2693896.757599998265505, 1228936.320600003004074 ], [ 2694005.6677, 1229307.725299999118 ], [ 2694338.154899999499, 1229444.321900002891198 ], [ 2694249.024599999189, 1229993.597000002861023 ], [ 2694826.882699999958, 1230665.129 ], [ 2695595.9912, 1230267.657099999487 ], [ 2695987.964299999177, 1229571.968900002306327 ], [ 2696445.818399999291, 1229174.368299998342991 ] ] ] } },
{ "type": "Feature", "properties": { "GEBIET_HIST_C": 12912.0, "GEBIET_C": 38.0, "GEBIET_N": "Rheinau", "ART_C": 1.0, "ART_N": "Gemeinde", "PARENT_HIST_C": 10082.0, "PARENT_ART_C": 8.0, "VON": "1960\/01\/01", "BIS": "2999\/12\/31" }, "geometry": { "type": "Polygon", "coordinates": [ [ [ 2689381.91499999911, 1278198.715000003576279 ], [ 2689986.2840499989688, 1278027.280500002205372 ], [ 2690121.4386, 1277675.235100001096725 ], [ 2690374.209699999541, 1277115.0819 ], [ 2689951.448199998587, 1276669.280500002205372 ], [ 2689440.483600001782179, 1276759.191899999976 ], [ 2689252.669799998402596, 1276403.03490000218153 ], [ 2688828.811099998652935, 1276072.836400002241135 ], [ 2689539.393800001591444, 1275578.190399996936321 ], [ 2689530.3757, 1275260.672300003701821 ], [ 2688928.568999998271465, 1274736.671800002455711 ], [ 2688484.916999998968095, 1274626.7166 ], [ 2688690.9063, 1274254.061700001358986 ], [ 2689075.468400001525879, 1274085.8297 ], [ 2688647.728599999, 1273692.0591000020504 ], [ 2688867.5885, 1273415.396399997175 ], [ 2688452.219399999827, 1273121.50699999928 ], [ 2687937.64, 1273062.241800002753735 ], [ 2687810.185699999332, 1273656.095600001513958 ], [ 2687581.410500001162291, 1274012.29 ], [ 2687628.613099999726, 1274788.423199996352196 ], [ 2687164.016899999231, 1275740.606399998069 ], [ 2686939.275600001215935, 1277553.537799999118 ], [ 2687356.997000001370907, 1277860.975900001823902 ], [ 2687708.297299999744, 1278628.132299996912479 ], [ 2688242.995499998331, 1278247.7782 ], [ 2688283.944499999285, 1277647.550399996340275 ], [ 2687666.053800001740456, 1277421.843000002205372 ], [ 2687865.018199998885393, 1276914.477200001711026 ], [ 2688409.631599999964, 1276991.6215 ], [ 2688980.091899998486042, 1277309.847000002861023 ], [ 2689381.91499999911, 1278198.715000003576279 ] ] ] } },
{ "type": "Feature", "properties": { "GEBIET_HIST_C": 12919.0, "GEBIET_C": 68.0, "GEBIET_N": "Rorbas", "ART_C": 1.0, "ART_N": "Gemeinde", "PARENT_HIST_C": 10081.0, "PARENT_ART_C": 8.0, "VON": "1960\/01\/01", "BIS": "2999\/12\/31" }, "geometry": { "type": "Polygon", "coordinates": [ [ [ 2686459.745299998670816, 1264803.189199998975 ], [ 2686166.952799998223782, 1264560.528399996459484 ], [ 2686074.577899999917, 1263883.242399998009205 ], [ 2685610.240200001746416, 1263705.586900003254414 ], [ 2685094.57, 1264182.853200003504753 ], [ 2684560.847600001841784, 1264381.197999998927116 ], [ 2684652.9173, 1265125.073700003093109 ], [ 2683805.658100001513958, 1266144.242499999702 ], [ 2683722.970600001513958, 1267224.8412000015378 ], [ 2683965.87099999934, 1267239.868100002408028 ], [ 2684607.934, 1266561.200599998235703 ], [ 2685253.128600001335144, 1266632.53490000218153 ], [ 2685458.100900001823902, 1266144.168499998748302 ], [ 2686056.493700001388788, 1265517.84570000320673 ], [ 2686146.3198, 1264825.635499998927116 ], [ 2686459.745299998670816, 1264803.189199998975 ] ] ] } },
{ "type": "Feature", "properties": { "GEBIET_HIST_C": 12951.0, "GEBIET_C": 119.0, "GEBIET_N": "Seegräben", "ART_C": 1.0, "ART_N": "Gemeinde", "PARENT_HIST_C": 10079.0, "PARENT_ART_C": 8.0, "VON": "1960\/01\/01", "BIS": "2999\/12\/31" }, "geometry": { "type": "Polygon", "coordinates": [ [ [ 2701000.078499998897314, 1244295.510099999607 ], [ 2701241.639600001275539, 1244167.471900001168251 ], [ 2701507.149300001561642, 1243526.459299996495247 ], [ 2700801.847699999809, 1243167.292599998414516 ], [ 2700355.547600001096725, 1243408.284599997103214 ], [ 2700146.8922, 1243026.012699998915195 ], [ 2699854.796799998730421, 1242955.64190000295639 ], [ 2699525.020799998193979, 1243320.449500001966953 ], [ 2699557.76240000128746, 1243590.594700001180172 ], [ 2699817.845600001513958, 1244231.704999998211861 ], [ 2699369.250599998980761, 1244685.313500002026558 ], [ 2699610.990299999714, 1245144.8605 ], [ 2700144.6279, 1245267.05120000243187 ], [ 2700657.2692, 1245646.695799998939037 ], [ 2700925.40399999917, 1245179.283399999142 ], [ 2701000.078499998897314, 1244295.510099999607 ] ] ] } },
{ "type": "Feature", "properties": { "GEBIET_HIST_C": 12956.0, "GEBIET_C": 197.0, "GEBIET_N": "Schwerzenbach", "ART_C": 1.0, "ART_N": "Gemeinde", "PARENT_HIST_C": 10075.0, "PARENT_ART_C": 8.0, "VON": "1960\/01\/01", "BIS": "2999\/12\/31" }, "geometry": { "type": "Polygon", "coordinates": [ [ [ 2691921.986900001764297, 1247591.0119 ], [ 2690896.6039, 1248525.226300001144409 ], [ 2691322.836399998515844, 1249144.6356 ], [ 2691152.642099998891354, 1249260.1347 ], [ 2691541.191599998623133, 1249873.318000003695488 ], [ 2692202.315200001001358, 1249743.648900002241135 ], [ 2692182.09259999916, 1249061.111100003123283 ], [ 2692459.288499999791, 1248622.716799996793 ], [ 2692845.988200001418591, 1248344.934299997985363 ], [ 2693001.883000001311302, 1247996.594700001180172 ], [ 2692695.80739999935, 1247523.721299998462 ], [ 2692309.092999998480082, 1247708.28660000115633 ], [ 2691921.986900001764297, 1247591.0119 ] ] ] } },
{ "type": "Feature", "properties": { "GEBIET_HIST_C": 12977.0, "GEBIET_C": 227.0, "GEBIET_N": "Seuzach", "ART_C": 1.0, "ART_N": "Gemeinde", "PARENT_HIST_C": 10074.0, "PARENT_ART_C": 8.0, "VON": "1960\/01\/01", "BIS": "2999\/12\/31" }, "geometry": { "type": "Polygon", "coordinates": [ [ [ 2699100.647700001019984, 1267194.100000001490116 ], [ 2698853.898200001567602, 1266689.991300001507625 ], [ 2698874.902399998158216, 1266244.692699998617172 ], [ 2698466.601300001144409, 1265890.865500003099442 ], [ 2698323.0537, 1265393.199600003659725 ], [ 2697690.1409, 1264835.198600001633167 ], [ 2697704.434300001710653, 1264690.510899998247623 ], [ 2697787.8519, 1264345.385499998927116 ], [ 2697785.888799998909235, 1264337.119499996304512 ], [ 2697576.642470878083259, 1264281.558856692165136 ], [ 2697258.303599998354912, 1264109.774599999189 ], [ 2696852.258099999279, 1264267.339000001549721 ], [ 2696797.47599999979, 1264275.627700001001358 ], [ 2695784.772399999201, 1264414.1519 ], [ 2695762.13399999961, 1264420.892800003290176 ], [ 2695001.0073, 1264261.985299997031689 ], [ 2694960.368700001388788, 1264355.556500002741814 ], [ 2695067.923700001090765, 1264690.173799999058 ], [ 2695030.00899999961, 1265469.301700003445148 ], [ 2695176.217199999839, 1265951.832299999893 ], [ 2696340.039500001817942, 1266330.600900001823902 ], [ 2697031.432, 1266829.188000001013279 ], [ 2697188.566100001335144, 1267128.890199996298179 ], [ 2697609.119600001722574, 1267093.180799998342991 ], [ 2698104.148299999535, 1266786.977300003170967 ], [ 2698558.737300001084805, 1267174.422300003701821 ], [ 2699100.647700001019984, 1267194.100000001490116 ] ] ] } },
{ "type": "Feature", "properties": { "GEBIET_HIST_C": 13020.0, "GEBIET_C": 140.0, "GEBIET_N": "Schönenberg (ZH)", "ART_C": 1.0, "ART_N": "Gemeinde", "PARENT_HIST_C": 10078.0, "PARENT_ART_C": 8.0, "VON": "1960\/01\/01", "BIS": "2018\/12\/31" }, "geometry": { "type": "Polygon", "coordinates": [ [ [ 2693337.1193, 1228534.578100003302097 ], [ 2692931.331399999559, 1227722.706799998879433 ], [ 2692699.915600001811981, 1227002.260300002992153 ], [ 2691628.794100001454353, 1226305.290700003504753 ], [ 2691389.969099998474121, 1225879.1246 ], [ 2690854.8953, 1225744.113200001418591 ], [ 2690531.17119999975, 1225234.089599996805191 ], [ 2689993.484900001436472, 1225284.36 ], [ 2689860.6924, 1225542.512599997222424 ], [ 2690169.186700001824647, 1226062.136799998581409 ], [ 2689320.659400001168251, 1227518.241800002753735 ], [ 2689147.781399998813868, 1228267.42599999905 ], [ 2689502.791099999, 1228638.526799999177 ], [ 2689518.757599998265505, 1229031.908799998462 ], [ 2690023.4815, 1229151.167499996721745 ], [ 2690115.385299999267, 1229803.115099996328354 ], [ 2690914.995799999684, 1229730.393299996852875 ], [ 2691246.7857, 1229252.282399997115135 ], [ 2691872.690900001674891, 1229237.757600001990795 ], [ 2693028.992600001394749, 1228423.698600001633167 ], [ 2693337.1193, 1228534.578100003302097 ] ] ] } },
{ "type": "Feature", "properties": { "GEBIET_HIST_C": 13037.0, "GEBIET_C": 99.0, "GEBIET_N": "Schöfflisdorf", "ART_C": 1.0, "ART_N": "Gemeinde", "PARENT_HIST_C": 10080.0, "PARENT_ART_C": 8.0, "VON": "1960\/01\/01", "BIS": "2999\/12\/31" }, "geometry": { "type": "Polygon", "coordinates": [ [ [ 2673815.287799999118, 1264057.237899996340275 ], [ 2674130.477200001478195, 1263534.315200001001358 ], [ 2673970.624899998307228, 1262699.9239 ], [ 2674302.396699998527765, 1262596.024099998176098 ], [ 2674658.657299999148, 1262138.204999998211861 ], [ 2674731.021000001579523, 1261319.697800002992153 ], [ 2674265.0249, 1260352.641000002622604 ], [ 2673478.4626, 1259904.715800002217293 ], [ 2673476.474399998784065, 1260589.163400001823902 ], [ 2673159.068399999291, 1261130.560099996626377 ], [ 2673446.0447, 1262095.475500002503395 ], [ 2673344.5053, 1262591.638499997556 ], [ 2673511.0566, 1262868.307300001382828 ], [ 2673401.322799999267, 1263515.322999998927116 ], [ 2673815.287799999118, 1264057.237899996340275 ] ] ] } },
{ "type": "Feature", "properties": { "GEBIET_HIST_C": 13046.0, "GEBIET_C": 98.0, "GEBIET_N": "Schleinikon", "ART_C": 1.0, "ART_N": "Gemeinde", "PARENT_HIST_C": 10080.0, "PARENT_ART_C": 8.0, "VON": "1960\/01\/01", "BIS": "2999\/12\/31" }, "geometry": { "type": "Polygon", "coordinates": [ [ [ 2672916.209899999201, 1259497.233800001442432 ], [ 2672782.922200001776218, 1259474.707000002497807 ], [ 2671959.1321, 1259443.088699996471405 ], [ 2670820.8909, 1259411.593999996781349 ], [ 2670722.872099999338, 1260046.685400001704693 ], [ 2671022.249699998181313, 1260434.0982 ], [ 2670798.661699999124, 1260698.594300002092496 ], [ 2671158.566899999976, 1261058.295999996364117 ], [ 2671354.4298, 1261774.919799998402596 ], [ 2671745.265799999237, 1262334.4353 ], [ 2671606.965300001204014, 1262743.586000002920628 ], [ 2671801.516699999571, 1263598.850100003182888 ], [ 2671803.9008, 1264258.68219999969 ], [ 2671898.06810000166297, 1264323.95830000191927 ], [ 2672236.777399998158216, 1264140.047200001776218 ], [ 2672233.262099999934, 1263808.858400001889095 ], [ 2672571.6499, 1262654.479400001699105 ], [ 2672338.004, 1262140.040399998426437 ], [ 2672444.6446, 1261076.184199996292591 ], [ 2672679.578299999237, 1259925.851300001144409 ], [ 2672916.209899999201, 1259497.233800001442432 ] ] ] } },
{ "type": "Feature", "properties": { "GEBIET_HIST_C": 13048.0, "GEBIET_C": 226.0, "GEBIET_N": "Schlatt", "ART_C": 1.0, "ART_N": "Gemeinde", "PARENT_HIST_C": 10074.0, "PARENT_ART_C": 8.0, "VON": "1960\/01\/01", "BIS": "1998\/12\/31" }, "geometry": { "type": "Polygon", "coordinates": [ [ [ 2707266.209600001573563, 1257449.960299998288974 ], [ 2706964.706300001591444, 1257388.330099999905 ], [ 2706710.7375, 1256856.960600003600121 ], [ 2706236.4184, 1257097.541900001699105 ], [ 2705946.3387, 1257388.302299998700619 ], [ 2705437.216899998486042, 1257387.559 ], [ 2705236.883900001645088, 1257668.78490000218153 ], [ 2704842.430599998682737, 1257521.132600001990795 ], [ 2704115.496899999678, 1257922.161200001835823 ], [ 2703076.653599999845, 1257903.623400002717972 ], [ 2702282.954100001603365, 1258349.712099999189 ], [ 2702396.5126, 1258796.554300002753735 ], [ 2702764.358600001782179, 1259119.587399996817112 ], [ 2703330.844700001180172, 1259234.688600003486499 ], [ 2703056.6202, 1259778.464500002563 ], [ 2703024.749499998986721, 1259814.337499998509884 ], [ 2703164.252199999988, 1260261.227300003170967 ], [ 2704016.2333, 1260684.457999996840954 ], [ 2704326.99489999935, 1260523.915799997514114 ], [ 2704852.298399999738, 1259830.9437 ], [ 2705645.821899998933077, 1259554.944099999964 ], [ 2705794.680599998682737, 1258927.525700002908707 ], [ 2706662.476799998432398, 1258519.304700002074242 ], [ 2706969.111000001430511, 1258128.055200003087521 ], [ 2706941.48699999973, 1257753.51299999631 ], [ 2707266.209600001573563, 1257449.960299998288974 ] ] ] } },
{ "type": "Feature", "properties": { "GEBIET_HIST_C": 13090.0, "GEBIET_C": 67.0, "GEBIET_N": "Rafz", "ART_C": 1.0, "ART_N": "Gemeinde", "PARENT_HIST_C": 10081.0, "PARENT_ART_C": 8.0, "VON": "1960\/01\/01", "BIS": "2999\/12\/31" }, "geometry": { "type": "Polygon", "coordinates": [ [ [ 2683422.056499999017, 1271928.048500001430511 ], [ 2683158.360849998891354, 1271954.251100003486499 ], [ 2681912.213899999857, 1273192.471799999708 ], [ 2681432.293000001460314, 1274305.042400002479553 ], [ 2681398.045400001108646, 1274902.839299999177 ], [ 2681594.215799998492002, 1275430.719099998474121 ], [ 2681357.408100001513958, 1275594.694399997591972 ], [ 2681013.9358000010252, 1276265.854400001699105 ], [ 2681328.2278, 1276522.6199000030756 ], [ 2681698.0614, 1276237.829599998891354 ], [ 2682700.565900001674891, 1276167.947300001978874 ], [ 2682688.540899998974055, 1275648.175899997353554 ], [ 2683114.170499999076, 1275527.61 ], [ 2684135.399300001561642, 1275464.30290000140667 ], [ 2684526.069400001317263, 1274608.19319999963 ], [ 2685005.489, 1274670.89299999923 ], [ 2685155.66, 1274148.139899998903275 ], [ 2684795.540899998974055, 1273851.708400003612041 ], [ 2684804.2177, 1273432.658100001513958 ], [ 2683985.3484, 1272082.0053 ], [ 2683422.056499999017, 1271928.048500001430511 ] ] ] } },
{ "type": "Feature", "properties": { "GEBIET_HIST_C": 13124.0, "GEBIET_C": 11.0, "GEBIET_N": "Ottenbach", "ART_C": 1.0, "ART_N": "Gemeinde", "PARENT_HIST_C": 10053.0, "PARENT_ART_C": 8.0, "VON": "1960\/01\/01", "BIS": "2999\/12\/31" }, "geometry": { "type": "Polygon", "coordinates": [ [ [ 2674713.987799998372793, 1236941.732299998402596 ], [ 2673966.00569999963, 1236030.988899998366833 ], [ 2672860.64499999955, 1235697.2769 ], [ 2672931.362300001084805, 1236074.449699997901917 ], [ 2672295.149399999529, 1236959.779299996793 ], [ 2672053.788199998438358, 1237832.093199997907504 ], [ 2672515.7047, 1237889.228699997067451 ], [ 2672990.647100001573563, 1238322.9912 ], [ 2673826.298700001090765, 1238537.168499998748302 ], [ 2674369.3724, 1237947.535300001502037 ], [ 2674713.987799998372793, 1236941.732299998402596 ] ] ] } },
{ "type": "Feature", "properties": { "GEBIET_HIST_C": 13126.0, "GEBIET_C": 94.0, "GEBIET_N": "Otelfingen", "ART_C": 1.0, "ART_N": "Gemeinde", "PARENT_HIST_C": 10080.0, "PARENT_ART_C": 8.0, "VON": "1960\/01\/01", "BIS": "2999\/12\/31" }, "geometry": { "type": "Polygon", "coordinates": [ [ [ 2671959.1321, 1259443.088699996471405 ], [ 2672142.6334, 1259057.387500002980232 ], [ 2671675.966499999166, 1258217.457400001585484 ], [ 2672008.366599999368, 1258166.754299998516217 ], [ 2672310.128299999982, 1257707.930200003087521 ], [ 2673197.890700001269579, 1257452.027099996805191 ], [ 2673608.8099, 1256902.998899996513501 ], [ 2673895.43899999931, 1256806.599299997091293 ], [ 2673687.292899999768, 1256448.581399999559 ], [ 2673787.131900001317263, 1256006.944899998605251 ], [ 2672634.058699999005, 1256174.348899997770786 ], [ 2671734.459800001233816, 1255990.601999998092651 ], [ 2671517.0687, 1255855.256499998504296 ], [ 2671322.8625, 1256443.760300002992153 ], [ 2670907.6968, 1256915.241300001507625 ], [ 2670444.025400001555681, 1256907.343599997693673 ], [ 2669894.863499999046, 1257683.0559 ], [ 2670060.28299999982, 1258151.441100001102313 ], [ 2670615.4078, 1258239.002700001001358 ], [ 2670445.8321, 1259386.702200002968311 ], [ 2670820.8909, 1259411.593999996781349 ], [ 2671959.1321, 1259443.088699996471405 ] ] ] } },
{ "type": "Feature", "properties": { "GEBIET_HIST_C": 13128.0, "GEBIET_C": 37.0, "GEBIET_N": "Ossingen", "ART_C": 1.0, "ART_N": "Gemeinde", "PARENT_HIST_C": 10082.0, "PARENT_ART_C": 8.0, "VON": "1960\/01\/01", "BIS": "2999\/12\/31" }, "geometry": { "type": "Polygon", "coordinates": [ [ [ 2695748.303399998694658, 1276725.981899999082 ], [ 2695646.877199999988, 1276231.148400001227856 ], [ 2696163.081799998879433, 1276113.156900003552437 ], [ 2696331.75699999928, 1275499.064400002360344 ], [ 2697056.49040000140667, 1275364.256399996578693 ], [ 2697120.718499999493, 1275529.343699999154 ], [ 2697956.106600001454353, 1275807.193899996578693 ], [ 2698159.906399998813868, 1276029.563299998641014 ], [ 2698712.264199998229742, 1276106.106700003147125 ], [ 2698931.543699998408556, 1275605.991400003433228 ], [ 2698545.939199998975, 1275337.434399999678 ], [ 2698274.243099998682737, 1275322.5317 ], [ 2698280.224899999797, 1274403.507700003683567 ], [ 2697854.16059999913, 1274269.391199998557568 ], [ 2697807.352699998766184, 1273851.386799998581409 ], [ 2698471.751499999315, 1272925.174999997019768 ], [ 2698499.998199999332, 1272112.513099998235703 ], [ 2697806.412, 1271621.421099998056889 ], [ 2697436.1052, 1272011.766000002622604 ], [ 2697263.4791, 1272587.924999997019768 ], [ 2696839.7573, 1272510.009000003105029 ], [ 2696463.8975, 1272308.823799997568 ], [ 2696274.3187, 1272598.855599999428 ], [ 2696698.83099999977, 1273029.438199996948242 ], [ 2696200.7434, 1273486.312399998307228 ], [ 2695853.693300001323223, 1272956.467799998819828 ], [ 2694849.182799998670816, 1272500.924599997699261 ], [ 2694688.262099999934, 1272608.478500001132488 ], [ 2694987.568, 1272878.201800003647804 ], [ 2694740.491099998354912, 1273184.039300002157688 ], [ 2694821.1365, 1273555.032799996435642 ], [ 2695170.268800001591444, 1273959.40820000320673 ], [ 2695036.759399998933077, 1274351.278800003230572 ], [ 2694600.6994, 1274520.766000002622604 ], [ 2694314.061099998652935, 1274355.615099996328354 ], [ 2693990.670299999416, 1274657.577899999917 ], [ 2694117.242400001734495, 1275435.845399997895584 ], [ 2693946.714000001549721, 1275895.514799997210503 ], [ 2694843.256900001317263, 1276191.30189999938 ], [ 2695112.504599999636, 1276755.4217 ], [ 2695748.303399998694658, 1276725.981899999082 ] ] ] } },
{ "type": "Feature", "properties": { "GEBIET_HIST_C": 13137.0, "GEBIET_C": 177.0, "GEBIET_N": "Pfäffikon", "ART_C": 1.0, "ART_N": "Gemeinde", "PARENT_HIST_C": 10076.0, "PARENT_ART_C": 8.0, "VON": "1960\/01\/01", "BIS": "2999\/12\/31" }, "geometry": { "type": "Polygon", "coordinates": [ [ [ 2700657.2692, 1245646.695799998939037 ], [ 2700144.6279, 1245267.05120000243187 ], [ 2699610.990299999714, 1245144.8605 ], [ 2699235.635099999607, 1245832.641000002622604 ], [ 2699237.327100001275539, 1246554.114799998700619 ], [ 2699462.998599998652935, 1246730.870099999011 ], [ 2699808.6728, 1247821.1259 ], [ 2700246.546, 1247733.689900003373623 ], [ 2700327.964699998497963, 1248478.788900002837181 ], [ 2700604.983600001782179, 1248444.6585 ], [ 2701013.2203, 1248942.821400001645088 ], [ 2701367.912300001829863, 1248644.89299999923 ], [ 2701823.5511, 1248894.602700002491474 ], [ 2702264.808299999684, 1248908.594400003552437 ], [ 2702888.267399999779, 1249481.218299999833 ], [ 2703086.962699998170137, 1249273.947999998927116 ], [ 2703641.6378, 1249175.320399999619 ], [ 2703991.219700001180172, 1249673.076300002634525 ], [ 2703849.1798, 1250114.434199996292591 ], [ 2704038.2245, 1250846.769900001585484 ], [ 2704719.365499999374, 1250760.135499998927116 ], [ 2705282.8416, 1250984.8451 ], [ 2705481.1389, 1250444.662600003182888 ], [ 2705880.193599998950958, 1250399.340000003576279 ], [ 2705884.654699999839, 1249572.1446999982 ], [ 2705663.046, 1249476.124499998986721 ], [ 2704930.318599998950958, 1249506.282700002193451 ], [ 2704325.591299999505, 1249277.904700003564358 ], [ 2703425.438799999654, 1248567.063100002706051 ], [ 2703359.870900001376867, 1248039.563500002026558 ], [ 2703000.897599998861551, 1247653.403499998152256 ], [ 2703465.7016, 1247210.244599997997284 ], [ 2703654.737599998713, 1246778.957000002497807 ], [ 2703592.6706, 1245844.536700002849102 ], [ 2704006.31599999964, 1244793.1303 ], [ 2704486.188299998175353, 1244688.067100003361702 ], [ 2705072.236900001764297, 1244117.496299996972084 ], [ 2704218.862100001424551, 1243858.9723 ], [ 2703230.1347, 1244117.005099996924 ], [ 2702582.607700001448393, 1244375.000200003385544 ], [ 2702193.265988279599696, 1244343.471406215103343 ], [ 2702193.467300001531839, 1244344.125 ], [ 2702363.979299999774, 1244967.319200001657009 ], [ 2701534.728799998760223, 1246613.109499998390675 ], [ 2701106.386599998921156, 1246798.721500001847744 ], [ 2700504.661699999124, 1246396.446400001645088 ], [ 2700657.2692, 1245646.695799998939037 ] ] ] } },
{ "type": "Feature", "properties": { "GEBIET_HIST_C": 13145.0, "GEBIET_C": 224.0, "GEBIET_N": "Pfungen", "ART_C": 1.0, "ART_N": "Gemeinde", "PARENT_HIST_C": 10074.0, "PARENT_ART_C": 8.0, "VON": "1960\/01\/01", "BIS": "2999\/12\/31" }, "geometry": { "type": "Polygon", "coordinates": [ [ [ 2692081.650499999523, 1263548.083400003612041 ], [ 2691936.4921, 1263395.668700001901016 ], [ 2691899.8636, 1263241.684799998998642 ], [ 2691790.53299999982, 1262595.570299997925758 ], [ 2692013.685699999332, 1261876.01070000231266 ], [ 2691903.301399998366833, 1261455.649599999189 ], [ 2691393.70199999958, 1261843.023500002920628 ], [ 2691113.5993, 1261661.009000003105029 ], [ 2690262.658100001513958, 1261938.244000002741814 ], [ 2690328.6488, 1262457.309399999678 ], [ 2689792.518699999899, 1262369.1237 ], [ 2689559.698899999261, 1262884.938699997961521 ], [ 2688948.694299999624, 1263258.033100001513958 ], [ 2689343.8515, 1263699.824699997901917 ], [ 2688821.2782, 1264074.059199996292591 ], [ 2690218.049199998378754, 1263919.344800002872944 ], [ 2690526.639600001275539, 1264070.309600003063679 ], [ 2690773.510299999267, 1264110.582000002497807 ], [ 2692081.650499999523, 1263548.083400003612041 ] ] ] } },
{ "type": "Feature", "properties": { "GEBIET_HIST_C": 13166.0, "GEBIET_C": 95.0, "GEBIET_N": "Regensberg", "ART_C": 1.0, "ART_N": "Gemeinde", "PARENT_HIST_C": 10080.0, "PARENT_ART_C": 8.0, "VON": "1960\/01\/01", "BIS": "2999\/12\/31" }, "geometry": { "type": "Polygon", "coordinates": [ [ [ 2675992.9087, 1259757.987400002777576 ], [ 2675902.583999998867512, 1259293.836599998176098 ], [ 2675525.145199999213, 1259026.210699997842312 ], [ 2675014.802799999714, 1258903.162399999797 ], [ 2674489.2247, 1258027.988899998366833 ], [ 2674024.1347, 1258127.544699996709824 ], [ 2673635.17139999941, 1259370.5876 ], [ 2672782.922200001776218, 1259474.707000002497807 ], [ 2672916.209899999201, 1259497.233800001442432 ], [ 2673281.2905, 1259509.350699998438358 ], [ 2674371.0282, 1259521.500299997627735 ], [ 2675123.264199998229742, 1259620.0269 ], [ 2675904.336399998515844, 1259894.802699998021126 ], [ 2675992.9087, 1259757.987400002777576 ] ] ] } },
{ "type": "Feature", "properties": { "GEBIET_HIST_C": 13168.0, "GEBIET_C": 96.0, "GEBIET_N": "Regensdorf", "ART_C": 1.0, "ART_N": "Gemeinde", "PARENT_HIST_C": 10080.0, "PARENT_ART_C": 8.0, "VON": "1960\/01\/01", "BIS": "2999\/12\/31" }, "geometry": { "type": "Polygon", "coordinates": [ [ [ 2680073.485599998384714, 1255519.760899998247623 ], [ 2680292.646699998527765, 1254683.184600003063679 ], [ 2680212.4054, 1254300.805799998342991 ], [ 2679002.974899999797, 1253885.206200003623962 ], [ 2678965.717799998819828, 1253468.095499999821 ], [ 2679340.794100001454353, 1253306.554099999368 ], [ 2679179.856879491358995, 1252884.522229903843254 ], [ 2678414.695999998599291, 1252886.409400001168251 ], [ 2678346.247499998658895, 1252668.0009 ], [ 2677259.4342, 1252507.699799999595 ], [ 2676541.96499999985, 1252761.835500001907349 ], [ 2676336.219599999487, 1253303.54 ], [ 2675889.162999998778105, 1253538.040700003504753 ], [ 2676414.711800001561642, 1254543.296999998390675 ], [ 2675681.877199999988, 1255205.85339999944 ], [ 2675581.9285, 1255735.6893 ], [ 2675820.008499998599291, 1256057.842 ], [ 2676711.014199998229742, 1256334.330200001597404 ], [ 2676726.091899998486042, 1256709.506700001657009 ], [ 2677296.434399999678, 1257022.06819999963 ], [ 2678071.846799999475, 1257250.505900003015995 ], [ 2678638.830299999565, 1257099.99599999911 ], [ 2678685.049699999392, 1256827.276500001549721 ], [ 2679147.984499998390675, 1256536.911200001835823 ], [ 2679577.251299999654, 1256467.040499999886 ], [ 2679640.3693, 1255750.0845 ], [ 2680073.485599998384714, 1255519.760899998247623 ] ] ] } },
{ "type": "Feature", "properties": { "GEBIET_HIST_C": 13214.0, "GEBIET_C": 30.0, "GEBIET_N": "Andelfingen", "ART_C": 1.0, "ART_N": "Gemeinde", "PARENT_HIST_C": 10082.0, "PARENT_ART_C": 8.0, "VON": "1970\/01\/01", "BIS": "2022\/12\/31" }, "geometry": { "type": "Polygon", "coordinates": [ [ [ 2694688.262099999934, 1272608.478500001132488 ], [ 2694849.182799998670816, 1272500.924599997699261 ], [ 2694844.4263, 1272112.507600001990795 ], [ 2695280.293699998408556, 1271776.580200001597404 ], [ 2695949.984799999744, 1271610.2892 ], [ 2695410.535799998790026, 1270903.95440000295639 ], [ 2695177.61439999938, 1270879.4591 ], [ 2694921.4637, 1271347.289899997413158 ], [ 2694192.7894, 1271785.8583 ], [ 2693788.083799999207, 1271633.777999997138977 ], [ 2693377.6083, 1271038.639600001275539 ], [ 2693061.613899998366833, 1271017.431900002062321 ], [ 2692759.7531, 1270981.9221 ], [ 2692402.6063, 1271380.704899996286258 ], [ 2691790.025199998170137, 1271343.479299999774 ], [ 2691060.913499999791, 1271320.035999998450279 ], [ 2690492.160500001162291, 1271441.880099996924 ], [ 2690362.666299998760223, 1271880.997900001704693 ], [ 2690858.6019, 1271619.094499997794628 ], [ 2691190.104600001126528, 1271684.313900001114234 ], [ 2691197.9831, 1272177.14 ], [ 2691751.423500001430511, 1273109.050700001418591 ], [ 2691865.87099999934, 1273476.474399998784065 ], [ 2692432.583700001239777, 1273668.8321999982 ], [ 2692820.153900001198053, 1273318.815499998629093 ], [ 2693186.0773, 1272748.020000003278255 ], [ 2693773.598700001835823, 1272485.9098 ], [ 2694688.262099999934, 1272608.478500001132488 ] ] ] } },
{ "type": "Feature", "properties": { "GEBIET_HIST_C": 13235.0, "GEBIET_C": 174.0, "GEBIET_N": "Illnau-Effretikon", "ART_C": 1.0, "ART_N": "Gemeinde", "PARENT_HIST_C": 10076.0, "PARENT_ART_C": 8.0, "VON": "1974\/03\/16", "BIS": "2015\/12\/31" }, "geometry": { "type": "Polygon", "coordinates": [ [ [ 2696756.866999998688698, 1257397.257200002903119 ], [ 2697055.275600001215935, 1256870.649800002574921 ], [ 2697246.174600001424551, 1256181.534599997103214 ], [ 2697196.0663, 1255387.615999996894971 ], [ 2697565.135499998927116, 1255536.625200003385544 ], [ 2698665.2456, 1255080.42159999907 ], [ 2698938.559, 1254481.991099998354912 ], [ 2698625.5885, 1253727.339900002116337 ], [ 2698816.35020000115037, 1253107.154700003564358 ], [ 2699159.776099998503923, 1252685.40399999917 ], [ 2699256.620000001043081, 1252139.737099997699261 ], [ 2699095.764699999243, 1251843.625299997627735 ], [ 2699147.872099999338, 1251281.843099996447563 ], [ 2698650.923, 1251395.8385 ], [ 2698168.853199999779, 1251326.5084 ], [ 2697559.5962, 1250906.7016 ], [ 2697821.6129, 1250485.670500002801418 ], [ 2697571.922299999744, 1250023.5511 ], [ 2695546.492199998348951, 1250647.79900000244379 ], [ 2694874.81819999963, 1251333.631499998504296 ], [ 2694337.3321999982, 1251425.779600002104416 ], [ 2693898.729400001466274, 1252027.199299998581409 ], [ 2693428.617199998348951, 1251989.843199997907504 ], [ 2693097.064199998975, 1252362.691200003027916 ], [ 2693212.334800001233816, 1252771.005099996924 ], [ 2693498.8988, 1252827.667599998414516 ], [ 2693819.113299999386, 1253321.720299996435642 ], [ 2693836.89499999955, 1254027.8378000035882 ], [ 2693702.196499999613, 1254664.094899997115135 ], [ 2694453.2115, 1255368.521200001239777 ], [ 2694993.948600001633167, 1255058.1074 ], [ 2695480.91059999913, 1255048.813500002026558 ], [ 2695866.314199998975, 1255617.78320000320673 ], [ 2695852.605500001460314, 1256225.822800002992153 ], [ 2696756.866999998688698, 1257397.257200002903119 ] ] ] } },
{ "type": "Feature", "properties": { "GEBIET_HIST_C": 13250.0, "GEBIET_C": 200.0, "GEBIET_N": "Wangen-Brüttisellen", "ART_C": 1.0, "ART_N": "Gemeinde", "PARENT_HIST_C": 10075.0, "PARENT_ART_C": 8.0, "VON": "1976\/01\/01", "BIS": "2999\/12\/31" }, "geometry": { "type": "Polygon", "coordinates": [ [ [ 2692043.079799998551607, 1252887.491899996995926 ], [ 2692907.2857, 1252252.053199999034 ], [ 2693007.927000001072884, 1251556.240099996328354 ], [ 2692815.4459, 1251221.98030000180006 ], [ 2691667.2364, 1250123.014799997210503 ], [ 2691151.309999998658895, 1250327.656400002306327 ], [ 2690240.818999998271465, 1251398.516199998557568 ], [ 2689844.817899998277426, 1251543.9217 ], [ 2689440.621199999005, 1252651.240299999714 ], [ 2689328.892299998551607, 1253224.4886 ], [ 2689754.6433, 1253908.455700002610683 ], [ 2690122.592300001531839, 1253611.604400001699105 ], [ 2691165.4655, 1253347.92400000244379 ], [ 2691597.710599999875, 1252966.1202 ], [ 2692043.079799998551607, 1252887.491899996995926 ] ] ] } },
{ "type": "Feature", "properties": { "GEBIET_HIST_C": 13255.0, "GEBIET_C": 14.0, "GEBIET_N": "Wettswil am Albis", "ART_C": 1.0, "ART_N": "Gemeinde", "PARENT_HIST_C": 10053.0, "PARENT_ART_C": 8.0, "VON": "1976\/11\/15", "BIS": "2999\/12\/31" }, "geometry": { "type": "Polygon", "coordinates": [ [ [ 2677873.421999998390675, 1244659.888199999928 ], [ 2678930.7038, 1243444.1199999971 ], [ 2679027.850499998778105, 1242736.232100002467632 ], [ 2679007.686900001019239, 1241960.090400002896786 ], [ 2678598.401399999857, 1242078.569899998605251 ], [ 2678504.5744, 1242363.7826 ], [ 2677624.361299999058, 1242406.31530000269413 ], [ 2677454.582899998873472, 1242736.802199997007847 ], [ 2677037.9866, 1242802.5591000020504 ], [ 2676835.221700001507998, 1243159.071500003105029 ], [ 2677236.4155, 1243320.50450000166893 ], [ 2677134.4615, 1243992.735299997031689 ], [ 2676819.300099998713, 1244261.535899996757507 ], [ 2677016.1206, 1244847.2408 ], [ 2677873.421999998390675, 1244659.888199999928 ] ] ] } },
{ "type": "Feature", "properties": { "GEBIET_HIST_C": 13256.0, "GEBIET_C": 1.0, "GEBIET_N": "Aeugst am Albis", "ART_C": 1.0, "ART_N": "Gemeinde", "PARENT_HIST_C": 10053.0, "PARENT_ART_C": 8.0, "VON": "1976\/11\/15", "BIS": "2999\/12\/31" }, "geometry": { "type": "Polygon", "coordinates": [ [ [ 2680806.127999998629093, 1237763.417999997502193 ], [ 2681132.228799998760223, 1237352.0493 ], [ 2681035.365200001746416, 1236647.344300002092496 ], [ 2680605.371899999678, 1236344.26860000193119 ], [ 2680420.36439999938, 1236207.477899998426437 ], [ 2680584.675299998372793, 1235438.374200001358986 ], [ 2680492.30290000140667, 1235034.944099999964 ], [ 2680380.092999998480082, 1235028.778599999845 ], [ 2680005.8669, 1234869.707999996840954 ], [ 2679255.473700001835823, 1234882.023500002920628 ], [ 2679134.371399998664856, 1234564.839500002563 ], [ 2678414.341499999166, 1234904.729299999774 ], [ 2678238.167199999094, 1235235.0982 ], [ 2678547.583999998867512, 1235798.582999996840954 ], [ 2678206.934500001370907, 1236418.695600003004074 ], [ 2678254.798599999398, 1237890.270499996840954 ], [ 2678570.5951, 1238076.612099997699261 ], [ 2679074.568599998950958, 1238107.586400002241135 ], [ 2679192.074799999595, 1238541.29659999907 ], [ 2679937.55970000103116, 1238332.9512 ], [ 2680533.985100001096725, 1237759.88740000128746 ], [ 2680806.127999998629093, 1237763.417999997502193 ] ] ] } },
{ "type": "Feature", "properties": { "GEBIET_HIST_C": 13259.0, "GEBIET_C": 159.0, "GEBIET_N": "Uetikon am See", "ART_C": 1.0, "ART_N": "Gemeinde", "PARENT_HIST_C": 10077.0, "PARENT_ART_C": 8.0, "VON": "1986\/01\/01", "BIS": "2999\/12\/31" }, "geometry": { "type": "Polygon", "coordinates": [ [ [ 2692998.611299999058, 1235207.274499997496605 ], [ 2693343.16499999911, 1236162.668799996376038 ], [ 2693300.043499998748302, 1236523.1774 ], [ 2693928.121399998664856, 1237312.568499997258186 ], [ 2694182.415600001811981, 1237786.565800003707409 ], [ 2694620.4349, 1237434.280000001192093 ], [ 2695062.7626, 1236810.798500001430511 ], [ 2695211.7489, 1236539.630599997937679 ], [ 2694899.3673, 1235929.113399997353554 ], [ 2694534.566199999303, 1235765.276500001549721 ], [ 2694213.0599, 1235123.451399996876717 ], [ 2693827.751400001347065, 1234862.747699998319149 ], [ 2692998.611299999058, 1235207.274499997496605 ] ] ] } },
{ "type": "Feature", "properties": { "GEBIET_HIST_C": 13683.0, "GEBIET_C": 161.0, "GEBIET_N": "Zollikon", "ART_C": 1.0, "ART_N": "Gemeinde", "PARENT_HIST_C": 10077.0, "PARENT_ART_C": 8.0, "VON": "1986\/01\/01", "BIS": "2999\/12\/31" }, "geometry": { "type": "Polygon", "coordinates": [ [ [ 2685063.5907, 1244522.879299998516217 ], [ 2685119.358600001782179, 1244564.92599999905 ], [ 2685248.61199999973, 1244642.664099998772144 ], [ 2686130.0381, 1244833.497100003063679 ], [ 2686709.7419, 1245299.888499997556 ], [ 2686711.404599998146296, 1245303.652599997818 ], [ 2687880.0337, 1245079.219400003552437 ], [ 2688127.644099999219, 1245403.137699998915195 ], [ 2689602.834199998527765, 1245495.473399996757507 ], [ 2689726.638399999589, 1245030.368799999356 ], [ 2689330.595600001513958, 1244044.182800002396107 ], [ 2689073.198199998587, 1244234.392700001597404 ], [ 2687995.613299999386, 1243319.663900002837181 ], [ 2687177.958700001239777, 1242743.153099998831749 ], [ 2686896.5337, 1242731.485399998724461 ], [ 2686376.9714, 1243161.057099997997284 ], [ 2685636.175799999386, 1242969.726599998772144 ], [ 2685063.5907, 1244522.879299998516217 ] ] ] } },
{ "type": "Feature", "properties": { "GEBIET_HIST_C": 13688.0, "GEBIET_C": 261.0, "GEBIET_N": "Zürich", "ART_C": 1.0, "ART_N": "Gemeinde", "PARENT_HIST_C": 10228.0, "PARENT_ART_C": 8.0, "VON": "1990\/01\/01", "BIS": "2999\/12\/31" }, "geometry": { "type": "Polygon", "coordinates": [ [ [ 2681741.090055224951357, 1242022.002776930341497 ], [ 2681725.932300001382828, 1242021.591099999845 ], [ 2680833.3669, 1241789.169600002467632 ], [ 2680480.664500001817942, 1241583.6523 ], [ 2680282.7989, 1241865.96299999952 ], [ 2680368.7696999982, 1243377.261299997568 ], [ 2679985.2947, 1244043.768799998098984 ], [ 2680063.667899999768, 1244294.300700001418591 ], [ 2679208.535999998450279, 1245176.427299998700619 ], [ 2678931.385000001639128, 1245766.691399998962879 ], [ 2678798.459399998188019, 1245957.4949000030756 ], [ 2677952.9901, 1246157.881899997591972 ], [ 2677871.410100001841784, 1246459.7452 ], [ 2677471.5128, 1246776.185099996626377 ], [ 2677911.613333475310355, 1247524.333650405751541 ], [ 2677796.003499999642, 1247508.690099999309 ], [ 2677130.3909, 1247908.7139 ], [ 2676466.033300001174212, 1247974.156599998474121 ], [ 2676224.6939, 1248202.542400002479553 ], [ 2676879.381499998271465, 1248287.798600003123283 ], [ 2677197.775199998170137, 1249080.298799999058 ], [ 2678125.7104, 1249978.313500002026558 ], [ 2677493.706799998879433, 1250224.871899999678 ], [ 2677678.776, 1250751.227300003170967 ], [ 2678466.021401705686003, 1250858.859313175547868 ], [ 2678386.258099999279, 1251754.388999998569489 ], [ 2678043.541299998760223, 1251599.159999996423721 ], [ 2677686.631, 1251901.060400001704693 ], [ 2677950.3273, 1252381.151600003242493 ], [ 2678346.247499998658895, 1252668.0009 ], [ 2678414.695999998599291, 1252886.409400001168251 ], [ 2679179.856879491358995, 1252884.522229903843254 ], [ 2679340.794100001454353, 1253306.554099999368 ], [ 2678965.717799998819828, 1253468.095499999821 ], [ 2679002.974899999797, 1253885.206200003623962 ], [ 2680212.4054, 1254300.805799998342991 ], [ 2681080.811299998313189, 1253901.690700002014637 ], [ 2681931.8647, 1253950.625500001013279 ], [ 2682159.203200001269579, 1254109.324500001966953 ], [ 2682877.072399999946, 1253985.180399999022 ], [ 2683304.3946999982, 1254150.795999996364117 ], [ 2684249.847800001502037, 1253917.801600001752377 ], [ 2684402.419100001454353, 1253189.021099999547 ], [ 2684178.649300001561642, 1252819.411200001835823 ], [ 2684836.674400001764297, 1252342.992399998009205 ], [ 2684867.74336824240163, 1252261.831415686290711 ], [ 2684867.9512, 1252261.288500003516674 ], [ 2685650.279199998825788, 1252756.041900001699105 ], [ 2685593.260000001639128, 1251822.130800001090392 ], [ 2685609.087613661307842, 1251803.876588302431628 ], [ 2685609.991, 1251802.834700003266335 ], [ 2686717.320199999958, 1251441.1343 ], [ 2686729.140140529256314, 1251437.341896493686363 ], [ 2686755.615600001066923, 1251428.8473 ], [ 2687446.750100001692772, 1251220.777900002896786 ], [ 2687195.4012, 1250796.748800002038479 ], [ 2687390.888799998909235, 1250159.923 ], [ 2687031.428399998694658, 1250214.747199997306 ], [ 2686510.866399999708, 1249650.881700001657009 ], [ 2686417.046, 1249238.353100001811981 ], [ 2687101.82490000128746, 1249016.424199998378754 ], [ 2686950.0055, 1248745.423100002110004 ], [ 2687494.291900001466274, 1248163.190499998629093 ], [ 2687486.395899999887, 1247873.232100002467632 ], [ 2687861.985599998384714, 1247444.117600001394749 ], [ 2687854.762182340491563, 1247437.550594946602359 ], [ 2687854.709499999881, 1247437.502700001001358 ], [ 2687857.070300001651049, 1247419.921899996697903 ], [ 2687865.272100001573563, 1247410.13180000311695 ], [ 2687959.717500001192093, 1247372.434399999678 ], [ 2688181.906100001186132, 1247083.328299999237 ], [ 2688340.921300001442432, 1246963.7117 ], [ 2689055.28539999947, 1246888.074299998581409 ], [ 2688843.724399998784065, 1246293.7562 ], [ 2689373.031899999827, 1246146.10909999907 ], [ 2689602.834199998527765, 1245495.473399996757507 ], [ 2688127.644099999219, 1245403.137699998915195 ], [ 2687880.0337, 1245079.219400003552437 ], [ 2686711.404599998146296, 1245303.652599997818 ], [ 2686709.951537416316569, 1245300.363087234087288 ], [ 2686709.7419, 1245299.888499997556 ], [ 2686130.0381, 1244833.497100003063679 ], [ 2685248.61199999973, 1244642.664099998772144 ], [ 2685119.358600001782179, 1244564.92599999905 ], [ 2685063.5907, 1244522.879299998516217 ], [ 2684633.334499999881, 1245141.949 ], [ 2684027.1235, 1245254.719999998807907 ], [ 2683631.187899999321, 1246502.967 ], [ 2683626.2139105591923, 1246515.503483591601253 ], [ 2683625.9899, 1246516.064900003373623 ], [ 2683492.402199998497963, 1246815.029799997806549 ], [ 2683492.108166068326682, 1246814.951360506936908 ], [ 2683468.771000001579523, 1246808.725699998438358 ], [ 2683374.978100001811981, 1246783.469599999487 ], [ 2683374.772268457338214, 1246783.230394870974123 ], [ 2683370.901999998837709, 1246778.732600003713742 ], [ 2683180.180300001055002, 1246682.5317 ], [ 2683180.143267807550728, 1246682.383373193675652 ], [ 2683179.806299999356, 1246681.033699996769428 ], [ 2682900.772999998182058, 1246197.523299999535 ], [ 2682902.238699998706579, 1245162.427500002086163 ], [ 2682896.765299998223782, 1245101.618500001495704 ], [ 2682839.3033, 1244783.850900001823902 ], [ 2683060.174899999052, 1243935.324199996888638 ], [ 2683464.5643, 1243316.831299998098984 ], [ 2683455.987199999392, 1243309.8825 ], [ 2682962.842399999499, 1242725.415499999886 ], [ 2682638.8255, 1242650.997500002384186 ], [ 2682027.586199998855591, 1242043.8891 ], [ 2681741.948800001293421, 1242022.026100002229214 ], [ 2681741.090055224951357, 1242022.002776930341497 ] ] ] } },
{ "type": "Feature", "properties": { "GEBIET_HIST_C": 13689.0, "GEBIET_C": 241.0, "GEBIET_N": "Aesch bei Birmensdorf", "ART_C": 1.0, "ART_N": "Gemeinde", "PARENT_HIST_C": 10229.0, "PARENT_ART_C": 8.0, "VON": "1990\/01\/01", "BIS": "2002\/12\/31" }, "geometry": { "type": "Polygon", "coordinates": [ [ [ 2676835.221700001507998, 1243159.071500003105029 ], [ 2676751.022399999201, 1243150.7826 ], [ 2676435.367899999022, 1242672.079300001263618 ], [ 2675302.045200001448393, 1242083.400600001215935 ], [ 2674896.086699999869, 1242305.0533 ], [ 2674108.560199998319149, 1242001.25500000291504 ], [ 2673610.716699998825788, 1242263.985200002789497 ], [ 2673926.666000001132488, 1243008.876500003039837 ], [ 2673896.09910000115633, 1243378.156900003552437 ], [ 2673885.2353, 1243839.098800003528595 ], [ 2674740.111000001430511, 1244236.495300002396107 ], [ 2675848.399500001221895, 1244416.477700002491474 ], [ 2675986.866500001400709, 1244185.439199998975 ], [ 2676549.230700001120567, 1244000.891999997198582 ], [ 2676835.221700001507998, 1243159.071500003105029 ] ] ] } },
{ "type": "Feature", "properties": { "GEBIET_HIST_C": 13690.0, "GEBIET_C": 242.0, "GEBIET_N": "Birmensdorf (ZH)", "ART_C": 1.0, "ART_N": "Gemeinde", "PARENT_HIST_C": 10229.0, "PARENT_ART_C": 8.0, "VON": "1990\/01\/01", "BIS": "2999\/12\/31" }, "geometry": { "type": "Polygon", "coordinates": [ [ [ 2678289.014499999583, 1245278.283399999142 ], [ 2677856.8946999982, 1244913.021899998188019 ], [ 2677873.421999998390675, 1244659.888199999928 ], [ 2677016.1206, 1244847.2408 ], [ 2676819.300099998713, 1244261.535899996757507 ], [ 2677134.4615, 1243992.735299997031689 ], [ 2677236.4155, 1243320.50450000166893 ], [ 2676835.221700001507998, 1243159.071500003105029 ], [ 2676549.230700001120567, 1244000.891999997198582 ], [ 2675986.866500001400709, 1244185.439199998975 ], [ 2675848.399500001221895, 1244416.477700002491474 ], [ 2674740.111000001430511, 1244236.495300002396107 ], [ 2673885.2353, 1243839.098800003528595 ], [ 2673896.09910000115633, 1243378.156900003552437 ], [ 2673204.476599998772144, 1243864.72070000320673 ], [ 2672937.183899998664856, 1244416.289700001711026 ], [ 2673195.250399999321, 1245408.907899997895584 ], [ 2672993.874000001698732, 1246366.332099996507168 ], [ 2673236.8321999982, 1246652.981499999762 ], [ 2673502.758099999279, 1246521.091399997705594 ], [ 2674531.287300001829863, 1246846.318099997937679 ], [ 2674722.750799998175353, 1246650.6774 ], [ 2675316.874499998986721, 1246956.464699998497963 ], [ 2676241.895100001245737, 1246444.733099997044 ], [ 2677296.787399999797, 1246234.6787 ], [ 2677700.508699998259544, 1245379.101499997079372 ], [ 2678289.014499999583, 1245278.283399999142 ] ] ] } },
{ "type": "Feature", "properties": { "GEBIET_HIST_C": 13691.0, "GEBIET_C": 243.0, "GEBIET_N": "Dietikon", "ART_C": 1.0, "ART_N": "Gemeinde", "PARENT_HIST_C": 10229.0, "PARENT_ART_C": 8.0, "VON": "1990\/01\/01", "BIS": "2999\/12\/31" }, "geometry": { "type": "Polygon", "coordinates": [ [ [ 2672711.437199998181313, 1252766.743500001495704 ], [ 2673296.22289999947, 1251535.215599998831749 ], [ 2673255.355099998414516, 1251141.403399996459484 ], [ 2673278.634599998593, 1250531.134400002891198 ], [ 2673733.8189, 1250406.2162000015378 ], [ 2674252.4956, 1250571.233000002801418 ], [ 2675124.978300001472235, 1250632.202799998223782 ], [ 2675018.1389, 1250193.881899997591972 ], [ 2674561.1094, 1249946.401799999177 ], [ 2674375.491500001400709, 1249983.672300003701821 ], [ 2673371.508299998939037, 1249571.5194 ], [ 2673189.418200001120567, 1249215.683300003409386 ], [ 2673157.955400001257658, 1247847.546999998390675 ], [ 2672576.044799998402596, 1247549.091799996793 ], [ 2672217.937600001692772, 1248256.812700003385544 ], [ 2672201.6886, 1249254.476400002837181 ], [ 2672305.013799998909235, 1249663.132700003683567 ], [ 2671966.4217, 1249883.093400001525879 ], [ 2671256.345899999142, 1249825.850799999898 ], [ 2671054.579799998551607, 1250294.0986 ], [ 2670036.868599999696, 1250191.583400003612041 ], [ 2669989.85799999908, 1250598.072300001978874 ], [ 2670767.146600001025945, 1250864.13740000128746 ], [ 2671002.8412000015378, 1250599.906099997693673 ], [ 2671402.3321, 1251030.321000002324581 ], [ 2671139.602899998426437, 1251359.503899998962879 ], [ 2671956.594999998807907, 1252778.884000003105029 ], [ 2671600.739999998360872, 1253450.045299999416 ], [ 2672195.026399999857, 1253211.511299997568 ], [ 2672711.437199998181313, 1252766.743500001495704 ] ] ] } },
{ "type": "Feature", "properties": { "GEBIET_HIST_C": 13692.0, "GEBIET_C": 244.0, "GEBIET_N": "Geroldswil", "ART_C": 1.0, "ART_N": "Gemeinde", "PARENT_HIST_C": 10229.0, "PARENT_ART_C": 8.0, "VON": "1990\/01\/01", "BIS": "2999\/12\/31" }, "geometry": { "type": "Polygon", "coordinates": [ [ [ 2673296.22289999947, 1251535.215599998831749 ], [ 2672711.437199998181313, 1252766.743500001495704 ], [ 2672911.753299999982, 1253294.659000001847744 ], [ 2673225.098799999803, 1253669.545199997490272 ], [ 2673774.1587, 1253664.126100003486499 ], [ 2673754.584899999201, 1253267.853200003504753 ], [ 2674274.7397, 1253035.350299999118 ], [ 2674014.407900001853704, 1252446.1365 ], [ 2673296.22289999947, 1251535.215599998831749 ] ] ] } },
{ "type": "Feature", "properties": { "GEBIET_HIST_C": 13693.0, "GEBIET_C": 245.0, "GEBIET_N": "Oberengstringen", "ART_C": 1.0, "ART_N": "Gemeinde", "PARENT_HIST_C": 10229.0, "PARENT_ART_C": 8.0, "VON": "1990\/01\/01", "BIS": "2999\/12\/31" }, "geometry": { "type": "Polygon", "coordinates": [ [ [ 2678346.247499998658895, 1252668.0009 ], [ 2677950.3273, 1252381.151600003242493 ], [ 2677686.631, 1251901.060400001704693 ], [ 2678043.541299998760223, 1251599.159999996423721 ], [ 2678386.258099999279, 1251754.388999998569489 ], [ 2678466.021401705686003, 1250858.859313175547868 ], [ 2677678.776, 1250751.227300003170967 ], [ 2676805.4188, 1251043.853799998760223 ], [ 2676460.740699999034, 1251381.920599997044 ], [ 2677089.481800001114607, 1252018.931400001049042 ], [ 2677259.4342, 1252507.699799999595 ], [ 2678346.247499998658895, 1252668.0009 ] ] ] } },
{ "type": "Feature", "properties": { "GEBIET_HIST_C": 13694.0, "GEBIET_C": 246.0, "GEBIET_N": "Oetwil an der Limmat", "ART_C": 1.0, "ART_N": "Gemeinde", "PARENT_HIST_C": 10229.0, "PARENT_ART_C": 8.0, "VON": "1990\/01\/01", "BIS": "2999\/12\/31" }, "geometry": { "type": "Polygon", "coordinates": [ [ [ 2672792.4195, 1254461.4045 ], [ 2673729.852699998766184, 1254211.1598 ], [ 2673890.595899999142, 1254172.412 ], [ 2673774.1587, 1253664.126100003486499 ], [ 2673225.098799999803, 1253669.545199997490272 ], [ 2672911.753299999982, 1253294.659000001847744 ], [ 2672711.437199998181313, 1252766.743500001495704 ], [ 2672195.026399999857, 1253211.511299997568 ], [ 2671600.739999998360872, 1253450.045299999416 ], [ 2670720.357, 1253654.847900003194809 ], [ 2670798.47199999914, 1254093.3746 ], [ 2671312.9901, 1254219.770900003612041 ], [ 2672331.837000001221895, 1254288.400700002908707 ], [ 2672792.4195, 1254461.4045 ] ] ] } },
{ "type": "Feature", "properties": { "GEBIET_HIST_C": 13695.0, "GEBIET_C": 247.0, "GEBIET_N": "Schlieren", "ART_C": 1.0, "ART_N": "Gemeinde", "PARENT_HIST_C": 10229.0, "PARENT_ART_C": 8.0, "VON": "1990\/01\/01", "BIS": "2999\/12\/31" }, "geometry": { "type": "Polygon", "coordinates": [ [ [ 2677678.776, 1250751.227300003170967 ], [ 2677493.706799998879433, 1250224.871899999678 ], [ 2678125.7104, 1249978.313500002026558 ], [ 2677197.775199998170137, 1249080.298799999058 ], [ 2676879.381499998271465, 1248287.798600003123283 ], [ 2676224.6939, 1248202.542400002479553 ], [ 2675960.709600001573563, 1248297.929899998009205 ], [ 2675285.5546, 1248983.858699999517 ], [ 2675077.4087, 1249436.214299999177 ], [ 2674625.562600001692772, 1249472.3891 ], [ 2674561.1094, 1249946.401799999177 ], [ 2675018.1389, 1250193.881899997591972 ], [ 2675124.978300001472235, 1250632.202799998223782 ], [ 2675651.942499998956919, 1251156.684399999678 ], [ 2676460.740699999034, 1251381.920599997044 ], [ 2676805.4188, 1251043.853799998760223 ], [ 2677678.776, 1250751.227300003170967 ] ] ] } },
{ "type": "Feature", "properties": { "GEBIET_HIST_C": 13696.0, "GEBIET_C": 248.0, "GEBIET_N": "Uitikon", "ART_C": 1.0, "ART_N": "Gemeinde", "PARENT_HIST_C": 10229.0, "PARENT_ART_C": 8.0, "VON": "1990\/01\/01", "BIS": "2999\/12\/31" }, "geometry": { "type": "Polygon", "coordinates": [ [ [ 2677796.003499999642, 1247508.690099999309 ], [ 2677911.613333475310355, 1247524.333650405751541 ], [ 2677471.5128, 1246776.185099996626377 ], [ 2677871.410100001841784, 1246459.7452 ], [ 2677952.9901, 1246157.881899997591972 ], [ 2678798.459399998188019, 1245957.4949000030756 ], [ 2678931.385000001639128, 1245766.691399998962879 ], [ 2679208.535999998450279, 1245176.427299998700619 ], [ 2678666.099399998784065, 1245395.832500003278255 ], [ 2678289.014499999583, 1245278.283399999142 ], [ 2677700.508699998259544, 1245379.101499997079372 ], [ 2677296.787399999797, 1246234.6787 ], [ 2676241.895100001245737, 1246444.733099997044 ], [ 2675316.874499998986721, 1246956.464699998497963 ], [ 2675464.074, 1247334.693000003695488 ], [ 2675960.159099999815, 1247549.3539 ], [ 2676224.6939, 1248202.542400002479553 ], [ 2676466.033300001174212, 1247974.156599998474121 ], [ 2677130.3909, 1247908.7139 ], [ 2677796.003499999642, 1247508.690099999309 ] ] ] } },
{ "type": "Feature", "properties": { "GEBIET_HIST_C": 13697.0, "GEBIET_C": 249.0, "GEBIET_N": "Unterengstringen", "ART_C": 1.0, "ART_N": "Gemeinde", "PARENT_HIST_C": 10229.0, "PARENT_ART_C": 8.0, "VON": "1990\/01\/01", "BIS": "2999\/12\/31" }, "geometry": { "type": "Polygon", "coordinates": [ [ [ 2677259.4342, 1252507.699799999595 ], [ 2677089.481800001114607, 1252018.931400001049042 ], [ 2676460.740699999034, 1251381.920599997044 ], [ 2675651.942499998956919, 1251156.684399999678 ], [ 2675124.978300001472235, 1250632.202799998223782 ], [ 2674252.4956, 1250571.233000002801418 ], [ 2673733.8189, 1250406.2162000015378 ], [ 2673278.634599998593, 1250531.134400002891198 ], [ 2673255.355099998414516, 1251141.403399996459484 ], [ 2673578.437399998307228, 1251015.122900001704693 ], [ 2673893.297699999064, 1251278.552199997007847 ], [ 2674281.570099998265505, 1250968.929899998009205 ], [ 2674671.9776, 1251502.064900003373623 ], [ 2675030.9732, 1251537.698799997568 ], [ 2675279.8713, 1251887.555 ], [ 2675893.350299999118, 1251978.296499997377396 ], [ 2676250.309999998658895, 1252670.551600001752377 ], [ 2676541.96499999985, 1252761.835500001907349 ], [ 2677259.4342, 1252507.699799999595 ] ] ] } },
{ "type": "Feature", "properties": { "GEBIET_HIST_C": 13698.0, "GEBIET_C": 250.0, "GEBIET_N": "Urdorf", "ART_C": 1.0, "ART_N": "Gemeinde", "PARENT_HIST_C": 10229.0, "PARENT_ART_C": 8.0, "VON": "1990\/01\/01", "BIS": "2999\/12\/31" }, "geometry": { "type": "Polygon", "coordinates": [ [ [ 2674561.1094, 1249946.401799999177 ], [ 2674625.562600001692772, 1249472.3891 ], [ 2675077.4087, 1249436.214299999177 ], [ 2675285.5546, 1248983.858699999517 ], [ 2675960.709600001573563, 1248297.929899998009205 ], [ 2676224.6939, 1248202.542400002479553 ], [ 2675960.159099999815, 1247549.3539 ], [ 2675464.074, 1247334.693000003695488 ], [ 2675316.874499998986721, 1246956.464699998497963 ], [ 2674722.750799998175353, 1246650.6774 ], [ 2674531.287300001829863, 1246846.318099997937679 ], [ 2673502.758099999279, 1246521.091399997705594 ], [ 2673236.8321999982, 1246652.981499999762 ], [ 2673144.377399999648, 1247049.497000001370907 ], [ 2672652.7648, 1247186.992600001394749 ], [ 2672576.044799998402596, 1247549.091799996793 ], [ 2673157.955400001257658, 1247847.546999998390675 ], [ 2673189.418200001120567, 1249215.683300003409386 ], [ 2673371.508299998939037, 1249571.5194 ], [ 2674375.491500001400709, 1249983.672300003701821 ], [ 2674561.1094, 1249946.401799999177 ] ] ] } },
{ "type": "Feature", "properties": { "GEBIET_HIST_C": 13699.0, "GEBIET_C": 251.0, "GEBIET_N": "Weiningen (ZH)", "ART_C": 1.0, "ART_N": "Gemeinde", "PARENT_HIST_C": 10229.0, "PARENT_ART_C": 8.0, "VON": "1990\/01\/01", "BIS": "2999\/12\/31" }, "geometry": { "type": "Polygon", "coordinates": [ [ [ 2675889.162999998778105, 1253538.040700003504753 ], [ 2676336.219599999487, 1253303.54 ], [ 2676541.96499999985, 1252761.835500001907349 ], [ 2676250.309999998658895, 1252670.551600001752377 ], [ 2675893.350299999118, 1251978.296499997377396 ], [ 2675279.8713, 1251887.555 ], [ 2675030.9732, 1251537.698799997568 ], [ 2674671.9776, 1251502.064900003373623 ], [ 2674281.570099998265505, 1250968.929899998009205 ], [ 2673893.297699999064, 1251278.552199997007847 ], [ 2673578.437399998307228, 1251015.122900001704693 ], [ 2673255.355099998414516, 1251141.403399996459484 ], [ 2673296.22289999947, 1251535.215599998831749 ], [ 2674014.407900001853704, 1252446.1365 ], [ 2674274.7397, 1253035.350299999118 ], [ 2673754.584899999201, 1253267.853200003504753 ], [ 2673774.1587, 1253664.126100003486499 ], [ 2673890.595899999142, 1254172.412 ], [ 2674472.4769, 1253925.952200002968311 ], [ 2675889.162999998778105, 1253538.040700003504753 ] ] ] } },
{ "type": "Feature", "properties": { "GEBIET_HIST_C": 14120.0, "GEBIET_C": 226.0, "GEBIET_N": "Schlatt (ZH)", "ART_C": 1.0, "ART_N": "Gemeinde", "PARENT_HIST_C": 10074.0, "PARENT_ART_C": 8.0, "VON": "1999\/01\/01", "BIS": "2999\/12\/31" }, "geometry": { "type": "Polygon", "coordinates": [ [ [ 2707266.209600001573563, 1257449.960299998288974 ], [ 2706964.706300001591444, 1257388.330099999905 ], [ 2706710.7375, 1256856.960600003600121 ], [ 2706236.4184, 1257097.541900001699105 ], [ 2705946.3387, 1257388.302299998700619 ], [ 2705437.216899998486042, 1257387.559 ], [ 2705236.883900001645088, 1257668.78490000218153 ], [ 2704842.430599998682737, 1257521.132600001990795 ], [ 2704115.496899999678, 1257922.161200001835823 ], [ 2703076.653599999845, 1257903.623400002717972 ], [ 2702282.954100001603365, 1258349.712099999189 ], [ 2702396.5126, 1258796.554300002753735 ], [ 2702764.358600001782179, 1259119.587399996817112 ], [ 2703330.844700001180172, 1259234.688600003486499 ], [ 2703056.6202, 1259778.464500002563 ], [ 2703024.749499998986721, 1259814.337499998509884 ], [ 2703164.252199999988, 1260261.227300003170967 ], [ 2704016.2333, 1260684.457999996840954 ], [ 2704326.99489999935, 1260523.915799997514114 ], [ 2704852.298399999738, 1259830.9437 ], [ 2705645.821899998933077, 1259554.944099999964 ], [ 2705794.680599998682737, 1258927.525700002908707 ], [ 2706662.476799998432398, 1258519.304700002074242 ], [ 2706969.111000001430511, 1258128.055200003087521 ], [ 2706941.48699999973, 1257753.51299999631 ], [ 2707266.209600001573563, 1257449.960299998288974 ] ] ] } },
{ "type": "Feature", "properties": { "GEBIET_HIST_C": 14364.0, "GEBIET_C": 222.0, "GEBIET_N": "Hofstetten (ZH)", "ART_C": 1.0, "ART_N": "Gemeinde", "PARENT_HIST_C": 10074.0, "PARENT_ART_C": 8.0, "VON": "2003\/01\/01", "BIS": "2017\/12\/31" }, "geometry": { "type": "Polygon", "coordinates": [ [ [ 2708929.964899998158216, 1258710.074199996888638 ], [ 2709459.6534, 1258623.3174 ], [ 2709719.461699999869, 1258002.9855 ], [ 2709543.9514, 1257454.263800002634525 ], [ 2708905.741099998354912, 1257179.298299998044968 ], [ 2708884.016899999231, 1256291.415200002491474 ], [ 2708613.295200001448393, 1256316.990699999034 ], [ 2708276.8273, 1256757.409400001168251 ], [ 2707201.979699999094, 1256457.108000002801418 ], [ 2707029.446199998259544, 1257025.608400001889095 ], [ 2707266.209600001573563, 1257449.960299998288974 ], [ 2706941.48699999973, 1257753.51299999631 ], [ 2706969.111000001430511, 1258128.055200003087521 ], [ 2706662.476799998432398, 1258519.304700002074242 ], [ 2705794.680599998682737, 1258927.525700002908707 ], [ 2705645.821899998933077, 1259554.944099999964 ], [ 2704852.298399999738, 1259830.9437 ], [ 2704326.99489999935, 1260523.915799997514114 ], [ 2704016.2333, 1260684.457999996840954 ], [ 2704072.775499999523, 1261153.672300003701821 ], [ 2704631.207899998873472, 1261598.295699998736382 ], [ 2704409.46759999916, 1261931.569099999964 ], [ 2704865.026, 1262118.314800001680851 ], [ 2705031.021899998188019, 1262257.575699999928 ], [ 2705832.3854, 1261752.2466000020504 ], [ 2705866.48409999907, 1261296.047600001096725 ], [ 2705192.865899998694658, 1261028.391000002622604 ], [ 2706005.19990000128746, 1260107.821000002324581 ], [ 2706512.379399999976, 1260214.479000001912937 ], [ 2706839.235800001770258, 1259911.22070000320673 ], [ 2706691.366099998354912, 1259275.397699996829033 ], [ 2706951.211399998515844, 1259214.210100002586842 ], [ 2707033.508499998599291, 1258637.2408 ], [ 2707318.6928, 1258579.796899996697903 ], [ 2707735.2635000012815, 1258084.929899998009205 ], [ 2708050.358199998736382, 1258060.765600003302097 ], [ 2708342.690099999309, 1258425.834899999201 ], [ 2708750.782699998468161, 1258367.626699998975 ], [ 2708929.964899998158216, 1258710.074199996888638 ] ] ] } },
{ "type": "Feature", "properties": { "GEBIET_HIST_C": 14365.0, "GEBIET_C": 241.0, "GEBIET_N": "Aesch (ZH)", "ART_C": 1.0, "ART_N": "Gemeinde", "PARENT_HIST_C": 10229.0, "PARENT_ART_C": 8.0, "VON": "2003\/01\/01", "BIS": "2999\/12\/31" }, "geometry": { "type": "Polygon", "coordinates": [ [ [ 2676835.221700001507998, 1243159.071500003105029 ], [ 2676751.022399999201, 1243150.7826 ], [ 2676435.367899999022, 1242672.079300001263618 ], [ 2675302.045200001448393, 1242083.400600001215935 ], [ 2674896.086699999869, 1242305.0533 ], [ 2674108.560199998319149, 1242001.25500000291504 ], [ 2673610.716699998825788, 1242263.985200002789497 ], [ 2673926.666000001132488, 1243008.876500003039837 ], [ 2673896.09910000115633, 1243378.156900003552437 ], [ 2673885.2353, 1243839.098800003528595 ], [ 2674740.111000001430511, 1244236.495300002396107 ], [ 2675848.399500001221895, 1244416.477700002491474 ], [ 2675986.866500001400709, 1244185.439199998975 ], [ 2676549.230700001120567, 1244000.891999997198582 ], [ 2676835.221700001507998, 1243159.071500003105029 ] ] ] } },
{ "type": "Feature", "properties": { "GEBIET_HIST_C": 15513.0, "GEBIET_C": 24.0, "GEBIET_N": "Buch am Irchel", "ART_C": 1.0, "ART_N": "Gemeinde", "PARENT_HIST_C": 10082.0, "PARENT_ART_C": 8.0, "VON": "2013\/01\/01", "BIS": "2999\/12\/31" }, "geometry": { "type": "Polygon", "coordinates": [ [ [ 2689738.1422, 1268959.7971 ], [ 2690160.929900001734495, 1268459.806999996304512 ], [ 2690868.161499999464, 1268411.831200003623962 ], [ 2691073.981899999082, 1268212.221900001168251 ], [ 2690980.381499998271465, 1267806.448700003093109 ], [ 2691171.336, 1267207.8799 ], [ 2690910.400699999183, 1266711.3412000015378 ], [ 2691317.3198, 1266270.057899996638298 ], [ 2690595.124099999666, 1265621.258000001311302 ], [ 2690613.3561, 1265370.754699997603893 ], [ 2690186.651099998503923, 1265116.967799998819828 ], [ 2690096.268800001591444, 1264720.2078 ], [ 2689269.250799998175353, 1265721.508599996566772 ], [ 2688376.524099998176098, 1265615.458800002932549 ], [ 2688067.557100001722574, 1265976.299800001084805 ], [ 2687595.075800001621246, 1266097.890600003302097 ], [ 2687197.440499998629093, 1266734.481700003147125 ], [ 2687212.28009999916, 1266946.3715 ], [ 2688042.283399999142, 1266891.355800002813339 ], [ 2688417.306200001388788, 1267697.1224 ], [ 2688312.242400001734495, 1268342.206699997186661 ], [ 2688692.477200001478195, 1269111.537100002169609 ], [ 2689738.1422, 1268959.7971 ] ] ] } },
{ "type": "Feature", "properties": { "GEBIET_HIST_C": 15514.0, "GEBIET_C": 223.0, "GEBIET_N": "Neftenbach", "ART_C": 1.0, "ART_N": "Gemeinde", "PARENT_HIST_C": 10074.0, "PARENT_ART_C": 8.0, "VON": "2013\/01\/01", "BIS": "2999\/12\/31" }, "geometry": { "type": "Polygon", "coordinates": [ [ [ 2694008.680599998682737, 1267604.513800002634525 ], [ 2694331.758799999952, 1267191.704099998110905 ], [ 2694228.718699999154, 1266805.209799997508526 ], [ 2694625.421799998730421, 1266544.672600001096725 ], [ 2694820.989100001752377, 1265449.881599999964 ], [ 2694047.549400001764297, 1265279.886399999261 ], [ 2693956.704799998551607, 1264848.637000001966953 ], [ 2693541.408199999481, 1264362.350900001823902 ], [ 2693287.465999998152256, 1263756.33799999952 ], [ 2693281.6301, 1263747.065099999309 ], [ 2693267.775699999183, 1263761.045199997490272 ], [ 2692621.980799999088, 1263535.429399996995926 ], [ 2692081.650499999523, 1263548.083400003612041 ], [ 2690773.510299999267, 1264110.582000002497807 ], [ 2690526.639600001275539, 1264070.309600003063679 ], [ 2690096.268800001591444, 1264720.2078 ], [ 2690186.651099998503923, 1265116.967799998819828 ], [ 2690613.3561, 1265370.754699997603893 ], [ 2690595.124099999666, 1265621.258000001311302 ], [ 2691317.3198, 1266270.057899996638298 ], [ 2690910.400699999183, 1266711.3412000015378 ], [ 2691171.336, 1267207.8799 ], [ 2690980.381499998271465, 1267806.448700003093109 ], [ 2691073.981899999082, 1268212.221900001168251 ], [ 2691603.29639999941, 1268142.818499997258186 ], [ 2691987.897100001573563, 1268656.555 ], [ 2692480.5293, 1268647.5436 ], [ 2693262.503899998962879, 1267998.927699998021126 ], [ 2693506.634799998253584, 1267374.294399999082 ], [ 2694008.680599998682737, 1267604.513800002634525 ] ] ] } },
{ "type": "Feature", "properties": { "GEBIET_HIST_C": 15631.0, "GEBIET_C": 298.0, "GEBIET_N": "Wiesendangen", "ART_C": 1.0, "ART_N": "Gemeinde", "PARENT_HIST_C": 10074.0, "PARENT_ART_C": 8.0, "VON": "2014\/01\/01", "BIS": "2999\/12\/31" }, "geometry": { "type": "Polygon", "coordinates": [ [ [ 2704293.226399999112, 1267841.0194 ], [ 2704720.2868, 1267857.699600003659725 ], [ 2705081.669199999422, 1266733.226400002837181 ], [ 2705501.883099999279, 1266342.592500001192093 ], [ 2705586.460099998861551, 1265601.327100001275539 ], [ 2706707.911499999464, 1265374.90799999982 ], [ 2707733.0439000017941, 1265383.001000002026558 ], [ 2708088.2542, 1265281.529200002551079 ], [ 2707657.258900001645088, 1264672.7496 ], [ 2707463.04899999872, 1264935.135899998247623 ], [ 2706141.423500001430511, 1264793.7879 ], [ 2706200.2082, 1264281.072800002992153 ], [ 2706520.3066, 1263846.164300002157688 ], [ 2706255.175099998713, 1263240.462700001895428 ], [ 2705831.254799999297, 1263130.063100002706051 ], [ 2705598.5269, 1263429.586000002920628 ], [ 2704678.586199998855591, 1263174.401799999177 ], [ 2704513.364, 1263284.157200001180172 ], [ 2704665.423399999738, 1264013.784000001847744 ], [ 2704111.361299999058, 1263898.05189999938 ], [ 2702790.9998, 1263319.055600002408028 ], [ 2702524.6838, 1263396.339699998497963 ], [ 2702526.956772379111499, 1263403.789609475294128 ], [ 2702522.5379, 1263405.305600002408028 ], [ 2702527.3361, 1263426.140199996298179 ], [ 2702527.695092194713652, 1263430.835097914328799 ], [ 2702313.633900001645088, 1263373.014700002968311 ], [ 2702318.592677145265043, 1263359.843860706780106 ], [ 2702312.91270000115037, 1263358.027000002563 ], [ 2701696.335499998182058, 1263183.407700002193451 ], [ 2701250.77479999885, 1263617.001900002360344 ], [ 2700640.234299998730421, 1263545.884499996900558 ], [ 2700436.915399998426437, 1263910.055200003087521 ], [ 2700433.62950000166893, 1263908.501199997961521 ], [ 2700216.760499998927116, 1264073.904399998486042 ], [ 2700200.442899998277426, 1264079.989600002765656 ], [ 2700060.86419999972, 1264186.833999998867512 ], [ 2700057.669199999422, 1264193.46 ], [ 2700317.6332, 1265133.8143 ], [ 2700925.946499999613, 1265350.838600002229214 ], [ 2700938.928899999708, 1265370.770400002598763 ], [ 2701408.873399998992682, 1265706.774599999189 ], [ 2701465.6228, 1265727.145000003278255 ], [ 2701751.970584386494011, 1265817.776860732818022 ], [ 2701751.223700001835823, 1265820.6818 ], [ 2702362.679099999368, 1266514.6567 ], [ 2702881.2892, 1266699.253499999642 ], [ 2702881.282099999487, 1266983.689900003373623 ], [ 2703487.370499998331, 1267731.104500003159046 ], [ 2703995.135699998587, 1267925.648599997162819 ], [ 2704293.226399999112, 1267841.0194 ] ] ] } },
{ "type": "Feature", "properties": { "GEBIET_HIST_C": 15653.0, "GEBIET_C": 297.0, "GEBIET_N": "Bauma", "ART_C": 1.0, "ART_N": "Gemeinde", "PARENT_HIST_C": 10076.0, "PARENT_ART_C": 8.0, "VON": "2015\/01\/01", "BIS": "2999\/12\/31" }, "geometry": { "type": "Polygon", "coordinates": [ [ [ 2713436.736200001090765, 1248169.132200002903119 ], [ 2712801.977400001138449, 1247457.289599999785 ], [ 2712700.837900001555681, 1247066.504299998516217 ], [ 2712205.205200001597404, 1246963.246200002729893 ], [ 2711903.994600001722574, 1246389.417900003492832 ], [ 2711472.4327, 1246511.165399998426437 ], [ 2711248.1926, 1246210.628499999642 ], [ 2711371.1794, 1245658.937399998307228 ], [ 2711017.4228, 1245350.222900003194809 ], [ 2710682.514899998903275, 1245691.781599998474121 ], [ 2709597.789599999785, 1245513.032300002872944 ], [ 2709139.5337, 1245571.505099996924 ], [ 2708755.391499999911, 1245961.605599999428 ], [ 2708279.7315, 1246072.418899998069 ], [ 2708188.7555, 1246421.806999996304512 ], [ 2707126.556899998337, 1247005.474 ], [ 2706854.771499998867512, 1247144.266599998110905 ], [ 2706348.910300001502037, 1248134.960799999535 ], [ 2706318.055300001055002, 1248513.480700001120567 ], [ 2705973.433200001716614, 1248775.492700003087521 ], [ 2705663.046, 1249476.124499998986721 ], [ 2705884.654699999839, 1249572.1446999982 ], [ 2705880.193599998950958, 1250399.340000003576279 ], [ 2706650.3878, 1250454.4177 ], [ 2706756.496399998664856, 1250695.907099999487 ], [ 2707155.417899999768, 1250008.653899997705594 ], [ 2707659.269900001585484, 1249893.793099999428 ], [ 2708300.234000001102686, 1250172.507700003683567 ], [ 2709145.142799999565, 1250084.13570000231266 ], [ 2709330.748199999332, 1250613.003600001102313 ], [ 2709795.959600001573563, 1251093.351800002157688 ], [ 2710222.449700001627207, 1250748.077100001275539 ], [ 2710773.194899998605251, 1251095.679899998009205 ], [ 2711875.9514, 1250910.0515 ], [ 2712282.759799998253584, 1250623.533299997448921 ], [ 2712737.278799999505, 1250032.94820000231266 ], [ 2713474.321600001305342, 1249585.346799999708 ], [ 2713634.931499999017, 1249194.92790000140667 ], [ 2713390.461699999869, 1248785.705200001597404 ], [ 2713652.300900001078844, 1248312.008299998939037 ], [ 2713436.736200001090765, 1248169.132200002903119 ] ] ] } },
{ "type": "Feature", "properties": { "GEBIET_HIST_C": 15671.0, "GEBIET_C": 296.0, "GEBIET_N": "Illnau-Effretikon", "ART_C": 1.0, "ART_N": "Gemeinde", "PARENT_HIST_C": 10076.0, "PARENT_ART_C": 8.0, "VON": "2016\/01\/01", "BIS": "2999\/12\/31" }, "geometry": { "type": "Polygon", "coordinates": [ [ [ 2698665.2456, 1255080.42159999907 ], [ 2698938.559, 1254481.991099998354912 ], [ 2698625.5885, 1253727.339900002116337 ], [ 2698816.35020000115037, 1253107.154700003564358 ], [ 2699159.776099998503923, 1252685.40399999917 ], [ 2699256.620000001043081, 1252139.737099997699261 ], [ 2699095.764699999243, 1251843.625299997627735 ], [ 2699147.872099999338, 1251281.843099996447563 ], [ 2698650.923, 1251395.8385 ], [ 2698168.853199999779, 1251326.5084 ], [ 2697559.5962, 1250906.7016 ], [ 2697821.6129, 1250485.670500002801418 ], [ 2697571.922299999744, 1250023.5511 ], [ 2695546.492199998348951, 1250647.79900000244379 ], [ 2694874.81819999963, 1251333.631499998504296 ], [ 2694337.3321999982, 1251425.779600002104416 ], [ 2693898.729400001466274, 1252027.199299998581409 ], [ 2693428.617199998348951, 1251989.843199997907504 ], [ 2693097.064199998975, 1252362.691200003027916 ], [ 2693212.334800001233816, 1252771.005099996924 ], [ 2693498.8988, 1252827.667599998414516 ], [ 2693819.113299999386, 1253321.720299996435642 ], [ 2693836.89499999955, 1254027.8378000035882 ], [ 2693702.196499999613, 1254664.094899997115135 ], [ 2694453.2115, 1255368.521200001239777 ], [ 2694993.948600001633167, 1255058.1074 ], [ 2695480.91059999913, 1255048.813500002026558 ], [ 2695866.314199998975, 1255617.78320000320673 ], [ 2695852.605500001460314, 1256225.822800002992153 ], [ 2696756.866999998688698, 1257397.257200002903119 ], [ 2697293.575940325390548, 1257560.878235875163227 ], [ 2697712.798399999738, 1257288.736100003123283 ], [ 2697784.5229, 1257766.611599996685982 ], [ 2698217.333999998867512, 1257782.627199999988 ], [ 2698226.471900001168251, 1257780.8671 ], [ 2698818.527199998497963, 1257628.020599998300895 ], [ 2699206.03559999913, 1258387.838799998164177 ], [ 2699215.181499999017, 1258386.411899998784065 ], [ 2699741.566799998283386, 1257518.74040000140667 ], [ 2700646.064599998295307, 1256916.438100002706051 ], [ 2700664.991999998688698, 1255969.421300001442432 ], [ 2700113.1596, 1255484.2584 ], [ 2699480.117699999362, 1255603.316299997270107 ], [ 2699058.082400001585484, 1255460.131899997591972 ], [ 2698665.2456, 1255080.42159999907 ] ] ] } },
{ "type": "Feature", "properties": { "GEBIET_HIST_C": 16080.0, "GEBIET_C": 295.0, "GEBIET_N": "Horgen", "ART_C": 1.0, "ART_N": "Gemeinde", "PARENT_HIST_C": 10078.0, "PARENT_ART_C": 8.0, "VON": "2018\/01\/01", "BIS": "2999\/12\/31" }, "geometry": { "type": "Polygon", "coordinates": [ [ [ 2689250.025199998170137, 1230880.9173 ], [ 2690115.385299999267, 1229803.115099996328354 ], [ 2690023.4815, 1229151.167499996721745 ], [ 2689518.757599998265505, 1229031.908799998462 ], [ 2689502.791099999, 1228638.526799999177 ], [ 2689147.781399998813868, 1228267.42599999905 ], [ 2688678.841699998825788, 1228813.821900002891198 ], [ 2688364.296799998730421, 1228859.223399996757507 ], [ 2687886.3464, 1228500.6824000030756 ], [ 2687717.1499, 1228910.195399999619 ], [ 2687787.853799998760223, 1229352.648400001227856 ], [ 2687575.129, 1229627.843999996781349 ], [ 2687108.564599998295307, 1229709.225100003182888 ], [ 2686642.654599998146296, 1229510.782300002872944 ], [ 2686237.924600001424551, 1230372.350900001823902 ], [ 2686443.514400001615286, 1230696.561700001358986 ], [ 2686131.256700001657009, 1231081.814499996602535 ], [ 2685592.931400001049042, 1231338.7742 ], [ 2685177.707600001245737, 1231944.129600003361702 ], [ 2684694.9067, 1233022.275499999523 ], [ 2683956.5821999982, 1233575.448700003093109 ], [ 2683575.867499999702, 1234258.619800001382828 ], [ 2683013.0306, 1235030.957599997520447 ], [ 2684249.640799999237, 1236078.0574000030756 ], [ 2684148.0951, 1236356.213399998844 ], [ 2684423.588799998164177, 1236358.107299998402596 ], [ 2684731.9349, 1235935.653899997705594 ], [ 2685961.450800001621246, 1235327.1004 ], [ 2686128.728799998760223, 1235655.966300003230572 ], [ 2686612.652899999171, 1236006.586900003254414 ], [ 2686837.6149, 1236014.3887 ], [ 2686845.155299998819828, 1236020.077100001275539 ], [ 2686891.5073, 1236078.175399996340275 ], [ 2686923.175799999386, 1236105.009900003671646 ], [ 2687484.630199998617172, 1235277.789700001711026 ], [ 2688957.876200001686811, 1234534.8103 ], [ 2689284.210799999535, 1234486.847099997103214 ], [ 2690001.255199998617172, 1234063.750200003385544 ], [ 2690431.622900001704693, 1233202.188900001114234 ], [ 2690169.049499999732, 1232572.3596 ], [ 2689752.432500001043081, 1232348.041799999774 ], [ 2689792.4166, 1231705.911700002849102 ], [ 2689250.025199998170137, 1230880.9173 ] ] ] } },
{ "type": "Feature", "properties": { "GEBIET_HIST_C": 16081.0, "GEBIET_C": 294.0, "GEBIET_N": "Elgg", "ART_C": 1.0, "ART_N": "Gemeinde", "PARENT_HIST_C": 10074.0, "PARENT_ART_C": 8.0, "VON": "2018\/01\/01", "BIS": "2999\/12\/31" }, "geometry": { "type": "Polygon", "coordinates": [ [ [ 2708929.964899998158216, 1258710.074199996888638 ], [ 2709459.6534, 1258623.3174 ], [ 2709719.461699999869, 1258002.9855 ], [ 2709543.9514, 1257454.263800002634525 ], [ 2708905.741099998354912, 1257179.298299998044968 ], [ 2708884.016899999231, 1256291.415200002491474 ], [ 2708613.295200001448393, 1256316.990699999034 ], [ 2708276.8273, 1256757.409400001168251 ], [ 2707201.979699999094, 1256457.108000002801418 ], [ 2707029.446199998259544, 1257025.608400001889095 ], [ 2707266.209600001573563, 1257449.960299998288974 ], [ 2706941.48699999973, 1257753.51299999631 ], [ 2706969.111000001430511, 1258128.055200003087521 ], [ 2706662.476799998432398, 1258519.304700002074242 ], [ 2705794.680599998682737, 1258927.525700002908707 ], [ 2705645.821899998933077, 1259554.944099999964 ], [ 2704852.298399999738, 1259830.9437 ], [ 2704326.99489999935, 1260523.915799997514114 ], [ 2704016.2333, 1260684.457999996840954 ], [ 2704072.775499999523, 1261153.672300003701821 ], [ 2704631.207899998873472, 1261598.295699998736382 ], [ 2704409.46759999916, 1261931.569099999964 ], [ 2704865.026, 1262118.314800001680851 ], [ 2704608.55799999833, 1262720.343699999154 ], [ 2704678.586199998855591, 1263174.401799999177 ], [ 2705598.5269, 1263429.586000002920628 ], [ 2705831.254799999297, 1263130.063100002706051 ], [ 2706255.175099998713, 1263240.462700001895428 ], [ 2707007.072700001299381, 1262837.87780000269413 ], [ 2707364.640500001609325, 1263158.516500003635883 ], [ 2707883.1644, 1262774.034599997103214 ], [ 2708277.29, 1263123.219899997115135 ], [ 2708520.278299998492002, 1262502.740099996328354 ], [ 2708420.165800001472235, 1262153.614500001072884 ], [ 2709130.2586, 1262159.891099996864796 ], [ 2709724.860399998724461, 1262349.990099996328354 ], [ 2709552.488400001078844, 1262105.23030000180006 ], [ 2709587.875999998301268, 1260753.276100002229214 ], [ 2709962.254, 1260393.439900003373623 ], [ 2709035.2773, 1259998.410199999809 ], [ 2708929.964899998158216, 1258710.074199996888638 ] ] ] } },
{ "type": "Feature", "properties": { "GEBIET_HIST_C": 16122.0, "GEBIET_C": 292.0, "GEBIET_N": "Stammheim", "ART_C": 1.0, "ART_N": "Gemeinde", "PARENT_HIST_C": 10082.0, "PARENT_ART_C": 8.0, "VON": "2019\/01\/01", "BIS": "2999\/12\/31" }, "geometry": { "type": "Polygon", "coordinates": [ [ [ 2703388.738400001078844, 1278565.20199999958 ], [ 2704255.3462, 1278287.933600001037121 ], [ 2704383.0491, 1277629.455300003290176 ], [ 2704313.6288, 1277281.385200001299381 ], [ 2703843.8033, 1276317.316299997270107 ], [ 2703311.683600001037121, 1276092.939199998975 ], [ 2703215.569699998944998, 1275566.9341000020504 ], [ 2703336.8222, 1274888.505400002002716 ], [ 2702731.543299999088, 1274566.560699999 ], [ 2702499.1061, 1273364.0656 ], [ 2701529.655799999833, 1273401.635899998247623 ], [ 2701447.4338, 1274078.910499997437 ], [ 2700809.409499999136, 1274418.855400003492832 ], [ 2700061.99599999934, 1274673.276100002229214 ], [ 2699501.679900001734495, 1274995.8636 ], [ 2699070.719599999487, 1274844.886100001633167 ], [ 2698545.939199998975, 1275337.434399999678 ], [ 2698931.543699998408556, 1275605.991400003433228 ], [ 2698712.264199998229742, 1276106.106700003147125 ], [ 2698159.906399998813868, 1276029.563299998641014 ], [ 2698136.8592, 1276827.725000001490116 ], [ 2698336.970699999481, 1277262.705799996852875 ], [ 2698407.137099999934, 1277502.241999998688698 ], [ 2698930.370900001376867, 1277647.544799998402596 ], [ 2699648.435499999672, 1278413.989500001072884 ], [ 2699924.263599999249, 1278570.656800002092496 ], [ 2700495.856899999082, 1278433.433300003409386 ], [ 2701176.8858, 1279137.750699996948242 ], [ 2701392.0471, 1280285.613300003111362 ], [ 2702550.798599999398, 1280281.3671 ], [ 2702643.204300001263618, 1278847.114 ], [ 2703388.738400001078844, 1278565.20199999958 ] ] ] } },
{ "type": "Feature", "properties": { "GEBIET_HIST_C": 16123.0, "GEBIET_C": 293.0, "GEBIET_N": "Wädenswil", "ART_C": 1.0, "ART_N": "Gemeinde", "PARENT_HIST_C": 10078.0, "PARENT_ART_C": 8.0, "VON": "2019\/01\/01", "BIS": "2999\/12\/31" }, "geometry": { "type": "Polygon", "coordinates": [ [ [ 2692699.915600001811981, 1227002.260300002992153 ], [ 2693236.179099999368, 1226551.6853 ], [ 2693625.024599999189, 1226716.9503 ], [ 2694172.019799999893, 1226606.899099998176098 ], [ 2694130.1321, 1226046.995700001483783 ], [ 2694338.8233, 1225476.790299996733665 ], [ 2694972.633499998599291, 1224985.884800001978874 ], [ 2695048.958399999887, 1224362.869400002062321 ], [ 2694151.3603, 1224191.200000002980232 ], [ 2693750.269000001251698, 1223901.137900002300739 ], [ 2693075.959399998188019, 1223910.383100003004074 ], [ 2692705.475499998778105, 1224052.630900003015995 ], [ 2692650.269499998539686, 1225093.175700001418591 ], [ 2692051.0128, 1225158.374200001358986 ], [ 2691224.847600001841784, 1224913.256899997591972 ], [ 2690959.61430000141263, 1225218.301600001752377 ], [ 2690531.17119999975, 1225234.089599996805191 ], [ 2689993.484900001436472, 1225284.36 ], [ 2689860.6924, 1225542.512599997222424 ], [ 2690169.186700001824647, 1226062.136799998581409 ], [ 2689320.659400001168251, 1227518.241800002753735 ], [ 2689147.781399998813868, 1228267.42599999905 ], [ 2689502.791099999, 1228638.526799999177 ], [ 2689518.757599998265505, 1229031.908799998462 ], [ 2690023.4815, 1229151.167499996721745 ], [ 2690115.385299999267, 1229803.115099996328354 ], [ 2689250.025199998170137, 1230880.9173 ], [ 2689792.4166, 1231705.911700002849102 ], [ 2689752.432500001043081, 1232348.041799999774 ], [ 2690169.049499999732, 1232572.3596 ], [ 2690431.622900001704693, 1233202.188900001114234 ], [ 2690001.255199998617172, 1234063.750200003385544 ], [ 2690575.1831, 1233860.817100003361702 ], [ 2691146.739799998700619, 1234148.215599998831749 ], [ 2691854.3244, 1233807.270900003612041 ], [ 2692510.737799998372793, 1232694.664700001711026 ], [ 2693185.109000001102686, 1232090.254 ], [ 2693620.833999998867512, 1231838.257899999619 ], [ 2693754.711899999529, 1231499.457599997520447 ], [ 2694826.882699999958, 1230665.129 ], [ 2694249.024599999189, 1229993.597000002861023 ], [ 2694338.154899999499, 1229444.321900002891198 ], [ 2694005.6677, 1229307.725299999118 ], [ 2693896.757599998265505, 1228936.320600003004074 ], [ 2693337.1193, 1228534.578100003302097 ], [ 2692931.331399999559, 1227722.706799998879433 ], [ 2692699.915600001811981, 1227002.260300002992153 ] ] ] } },
{ "type": "Feature", "properties": { "GEBIET_HIST_C": 16621.0, "GEBIET_C": 291.0, "GEBIET_N": "Andelfingen", "ART_C": 1.0, "ART_N": "Gemeinde", "PARENT_HIST_C": 10082.0, "PARENT_ART_C": 8.0, "VON": "2023\/01\/01", "BIS": "2999\/12\/31" }, "geometry": { "type": "Polygon", "coordinates": [ [ [ 2695118.592999998480082, 1269791.9921 ], [ 2694837.447, 1269257.845600001513958 ], [ 2693613.765099998563528, 1269648.514300003647804 ], [ 2692922.336, 1269444.248000003397465 ], [ 2693025.4814000017941, 1269200.910899996757507 ], [ 2692481.941899999976, 1268735.330099999905 ], [ 2692106.3229, 1269197.802699998021126 ], [ 2692329.587799999863, 1269674.109700001776218 ], [ 2692057.636999998241663, 1270509.027699999511 ], [ 2691734.333799999207, 1270696.178000003099442 ], [ 2691790.025199998170137, 1271343.479299999774 ], [ 2691060.913499999791, 1271320.035999998450279 ], [ 2690492.160500001162291, 1271441.880099996924 ], [ 2690362.666299998760223, 1271880.997900001704693 ], [ 2690858.6019, 1271619.094499997794628 ], [ 2691190.104600001126528, 1271684.313900001114234 ], [ 2691197.9831, 1272177.14 ], [ 2691751.423500001430511, 1273109.050700001418591 ], [ 2691865.87099999934, 1273476.474399998784065 ], [ 2692432.583700001239777, 1273668.8321999982 ], [ 2692820.153900001198053, 1273318.815499998629093 ], [ 2693186.0773, 1272748.020000003278255 ], [ 2693773.598700001835823, 1272485.9098 ], [ 2694688.262099999934, 1272608.478500001132488 ], [ 2694849.182799998670816, 1272500.924599997699261 ], [ 2695853.693300001323223, 1272956.467799998819828 ], [ 2696200.7434, 1273486.312399998307228 ], [ 2696698.83099999977, 1273029.438199996948242 ], [ 2696274.3187, 1272598.855599999428 ], [ 2696463.8975, 1272308.823799997568 ], [ 2696839.7573, 1272510.009000003105029 ], [ 2696798.2892, 1271968.139899998903275 ], [ 2696271.885499998927116, 1271526.488799996906891 ], [ 2697096.401999998837709, 1270735.071199998492375 ], [ 2697488.7104, 1270228.999799996614456 ], [ 2697190.405299998819828, 1269849.050399996340275 ], [ 2696672.524999998509884, 1270024.069799996912479 ], [ 2696218.474899999797, 1270461.090099997818 ], [ 2695610.852499999106, 1270452.597499996423721 ], [ 2695576.556299999356, 1270082.678499996894971 ], [ 2695118.592999998480082, 1269791.9921 ] ] ] } },
{ "type": "Feature", "properties": { "GEBIET_HIST_C": 110326.0, "GEBIET_C": 160.0, "GEBIET_N": "Zumikon", "ART_C": 1.0, "ART_N": "Gemeinde", "PARENT_HIST_C": 11077.0, "PARENT_ART_C": 8.0, "VON": "1960\/01\/01", "BIS": "1985\/12\/31" }, "geometry": { "type": "Polygon", "coordinates": [ [ [ 2691277.8134, 1242813.554099999368 ], [ 2691059.645599998533726, 1242387.2945 ], [ 2690415.394900001585484, 1242415.605999998748302 ], [ 2690171.654199998825788, 1241904.563000001013279 ], [ 2688593.95599999977, 1242416.6444 ], [ 2688662.187399998307228, 1242718.098700001835823 ], [ 2687995.613299999386, 1243319.663900002837181 ], [ 2689073.198199998587, 1244234.392700001597404 ], [ 2689330.595600001513958, 1244044.182800002396107 ], [ 2689726.638399999589, 1245030.368799999356 ], [ 2690489.148899998515844, 1244332.095299996435642 ], [ 2690491.6785, 1244016.382299996912479 ], [ 2691254.926600001752377, 1243542.411499999696 ], [ 2691277.8134, 1242813.554099999368 ] ] ] } },
{ "type": "Feature", "properties": { "GEBIET_HIST_C": 110327.0, "GEBIET_C": 253.0, "GEBIET_N": "Zürich", "ART_C": 1.0, "ART_N": "Gemeinde", "PARENT_HIST_C": 11119.0, "PARENT_ART_C": 8.0, "VON": "1986\/01\/01", "BIS": "1989\/12\/31" }, "geometry": { "type": "Polygon", "coordinates": [ [ [ 2681741.090055224951357, 1242022.002776930341497 ], [ 2681725.932300001382828, 1242021.591099999845 ], [ 2680833.3669, 1241789.169600002467632 ], [ 2680480.664500001817942, 1241583.6523 ], [ 2680282.7989, 1241865.96299999952 ], [ 2680368.7696999982, 1243377.261299997568 ], [ 2679985.2947, 1244043.768799998098984 ], [ 2680063.667899999768, 1244294.300700001418591 ], [ 2679208.535999998450279, 1245176.427299998700619 ], [ 2678931.385000001639128, 1245766.691399998962879 ], [ 2678798.459399998188019, 1245957.4949000030756 ], [ 2677952.9901, 1246157.881899997591972 ], [ 2677871.410100001841784, 1246459.7452 ], [ 2677471.5128, 1246776.185099996626377 ], [ 2677911.613333475310355, 1247524.333650405751541 ], [ 2677796.003499999642, 1247508.690099999309 ], [ 2677130.3909, 1247908.7139 ], [ 2676466.033300001174212, 1247974.156599998474121 ], [ 2676224.6939, 1248202.542400002479553 ], [ 2676879.381499998271465, 1248287.798600003123283 ], [ 2677197.775199998170137, 1249080.298799999058 ], [ 2678125.7104, 1249978.313500002026558 ], [ 2677493.706799998879433, 1250224.871899999678 ], [ 2677678.776, 1250751.227300003170967 ], [ 2678466.021401705686003, 1250858.859313175547868 ], [ 2678386.258099999279, 1251754.388999998569489 ], [ 2678043.541299998760223, 1251599.159999996423721 ], [ 2677686.631, 1251901.060400001704693 ], [ 2677950.3273, 1252381.151600003242493 ], [ 2678346.247499998658895, 1252668.0009 ], [ 2678414.695999998599291, 1252886.409400001168251 ], [ 2679179.856879491358995, 1252884.522229903843254 ], [ 2679340.794100001454353, 1253306.554099999368 ], [ 2678965.717799998819828, 1253468.095499999821 ], [ 2679002.974899999797, 1253885.206200003623962 ], [ 2680212.4054, 1254300.805799998342991 ], [ 2681080.811299998313189, 1253901.690700002014637 ], [ 2681931.8647, 1253950.625500001013279 ], [ 2682159.203200001269579, 1254109.324500001966953 ], [ 2682877.072399999946, 1253985.180399999022 ], [ 2683304.3946999982, 1254150.795999996364117 ], [ 2684249.847800001502037, 1253917.801600001752377 ], [ 2684402.419100001454353, 1253189.021099999547 ], [ 2684178.649300001561642, 1252819.411200001835823 ], [ 2684836.674400001764297, 1252342.992399998009205 ], [ 2684867.74336824240163, 1252261.831415686290711 ], [ 2684867.9512, 1252261.288500003516674 ], [ 2685650.279199998825788, 1252756.041900001699105 ], [ 2685593.260000001639128, 1251822.130800001090392 ], [ 2685609.087613661307842, 1251803.876588302431628 ], [ 2685609.991, 1251802.834700003266335 ], [ 2686717.320199999958, 1251441.1343 ], [ 2686729.140140529256314, 1251437.341896493686363 ], [ 2686755.615600001066923, 1251428.8473 ], [ 2687446.750100001692772, 1251220.777900002896786 ], [ 2687195.4012, 1250796.748800002038479 ], [ 2687390.888799998909235, 1250159.923 ], [ 2687031.428399998694658, 1250214.747199997306 ], [ 2686510.866399999708, 1249650.881700001657009 ], [ 2686417.046, 1249238.353100001811981 ], [ 2687101.82490000128746, 1249016.424199998378754 ], [ 2686950.0055, 1248745.423100002110004 ], [ 2687494.291900001466274, 1248163.190499998629093 ], [ 2687486.395899999887, 1247873.232100002467632 ], [ 2687861.985599998384714, 1247444.117600001394749 ], [ 2687854.762182340491563, 1247437.550594946602359 ], [ 2687854.709499999881, 1247437.502700001001358 ], [ 2687857.070300001651049, 1247419.921899996697903 ], [ 2687865.272100001573563, 1247410.13180000311695 ], [ 2687959.717500001192093, 1247372.434399999678 ], [ 2688181.906100001186132, 1247083.328299999237 ], [ 2688340.921300001442432, 1246963.7117 ], [ 2689055.28539999947, 1246888.074299998581409 ], [ 2688843.724399998784065, 1246293.7562 ], [ 2689373.031899999827, 1246146.10909999907 ], [ 2689602.834199998527765, 1245495.473399996757507 ], [ 2688127.644099999219, 1245403.137699998915195 ], [ 2687880.0337, 1245079.219400003552437 ], [ 2686711.404599998146296, 1245303.652599997818 ], [ 2686709.951537416316569, 1245300.363087234087288 ], [ 2686709.7419, 1245299.888499997556 ], [ 2686130.0381, 1244833.497100003063679 ], [ 2685248.61199999973, 1244642.664099998772144 ], [ 2685119.358600001782179, 1244564.92599999905 ], [ 2685063.5907, 1244522.879299998516217 ], [ 2684633.334499999881, 1245141.949 ], [ 2684027.1235, 1245254.719999998807907 ], [ 2683631.187899999321, 1246502.967 ], [ 2683626.2139105591923, 1246515.503483591601253 ], [ 2683625.9899, 1246516.064900003373623 ], [ 2683492.402199998497963, 1246815.029799997806549 ], [ 2683492.108166068326682, 1246814.951360506936908 ], [ 2683468.771000001579523, 1246808.725699998438358 ], [ 2683374.978100001811981, 1246783.469599999487 ], [ 2683374.772268457338214, 1246783.230394870974123 ], [ 2683370.901999998837709, 1246778.732600003713742 ], [ 2683180.180300001055002, 1246682.5317 ], [ 2683180.143267807550728, 1246682.383373193675652 ], [ 2683179.806299999356, 1246681.033699996769428 ], [ 2682900.772999998182058, 1246197.523299999535 ], [ 2682902.238699998706579, 1245162.427500002086163 ], [ 2682896.765299998223782, 1245101.618500001495704 ], [ 2682839.3033, 1244783.850900001823902 ], [ 2683060.174899999052, 1243935.324199996888638 ], [ 2683464.5643, 1243316.831299998098984 ], [ 2683455.987199999392, 1243309.8825 ], [ 2682962.842399999499, 1242725.415499999886 ], [ 2682638.8255, 1242650.997500002384186 ], [ 2682027.586199998855591, 1242043.8891 ], [ 2681741.948800001293421, 1242022.026100002229214 ], [ 2681741.090055224951357, 1242022.002776930341497 ] ] ] } },
{ "type": "Feature", "properties": { "GEBIET_HIST_C": 110363.0, "GEBIET_C": 158.0, "GEBIET_N": "Stäfa", "ART_C": 1.0, "ART_N": "Gemeinde", "PARENT_HIST_C": 11077.0, "PARENT_ART_C": 8.0, "VON": "1960\/01\/01", "BIS": "1985\/12\/31" }, "geometry": { "type": "Polygon", "coordinates": [ [ [ 2696052.227200001478195, 1233556.084600001573563 ], [ 2696613.794399999082, 1234617.642800003290176 ], [ 2696486.466099999845, 1235688.502899996936321 ], [ 2697222.776099998503923, 1235327.264399997889996 ], [ 2697724.30180000141263, 1235310.800700001418591 ], [ 2697870.083700001239777, 1235021.1809 ], [ 2698290.255199998617172, 1234976.8946999982 ], [ 2698819.359000001102686, 1234206.082699999213 ], [ 2699334.127999998629093, 1233826.171400003135204 ], [ 2700024.664700001478195, 1233109.360799998044968 ], [ 2700304.0315, 1233175.461800001561642 ], [ 2700637.583799999207, 1232440.021799996495247 ], [ 2701141.746199999005, 1232371.2034 ], [ 2699826.651, 1232278.94820000231266 ], [ 2698763.7769, 1232334.972000002861023 ], [ 2698313.237199999392, 1232216.570100001990795 ], [ 2697472.782699998468161, 1232666.290600001811981 ], [ 2696672.584699999541, 1232858.760799996554852 ], [ 2696052.227200001478195, 1233556.084600001573563 ] ] ] } },
{ "type": "Feature", "properties": { "GEBIET_HIST_C": 111283.0, "GEBIET_C": 249.0, "GEBIET_N": "Unterengstringen", "ART_C": 1.0, "ART_N": "Gemeinde", "PARENT_HIST_C": 11119.0, "PARENT_ART_C": 8.0, "VON": "1986\/01\/01", "BIS": "1989\/12\/31" }, "geometry": { "type": "Polygon", "coordinates": [ [ [ 2677259.4342, 1252507.699799999595 ], [ 2677089.481800001114607, 1252018.931400001049042 ], [ 2676460.740699999034, 1251381.920599997044 ], [ 2675651.942499998956919, 1251156.684399999678 ], [ 2675124.978300001472235, 1250632.202799998223782 ], [ 2674252.4956, 1250571.233000002801418 ], [ 2673733.8189, 1250406.2162000015378 ], [ 2673278.634599998593, 1250531.134400002891198 ], [ 2673255.355099998414516, 1251141.403399996459484 ], [ 2673578.437399998307228, 1251015.122900001704693 ], [ 2673893.297699999064, 1251278.552199997007847 ], [ 2674281.570099998265505, 1250968.929899998009205 ], [ 2674671.9776, 1251502.064900003373623 ], [ 2675030.9732, 1251537.698799997568 ], [ 2675279.8713, 1251887.555 ], [ 2675893.350299999118, 1251978.296499997377396 ], [ 2676250.309999998658895, 1252670.551600001752377 ], [ 2676541.96499999985, 1252761.835500001907349 ], [ 2677259.4342, 1252507.699799999595 ] ] ] } },
{ "type": "Feature", "properties": { "GEBIET_HIST_C": 111284.0, "GEBIET_C": 250.0, "GEBIET_N": "Urdorf", "ART_C": 1.0, "ART_N": "Gemeinde", "PARENT_HIST_C": 11119.0, "PARENT_ART_C": 8.0, "VON": "1986\/01\/01", "BIS": "1989\/12\/31" }, "geometry": { "type": "Polygon", "coordinates": [ [ [ 2674561.1094, 1249946.401799999177 ], [ 2674625.562600001692772, 1249472.3891 ], [ 2675077.4087, 1249436.214299999177 ], [ 2675285.5546, 1248983.858699999517 ], [ 2675960.709600001573563, 1248297.929899998009205 ], [ 2676224.6939, 1248202.542400002479553 ], [ 2675960.159099999815, 1247549.3539 ], [ 2675464.074, 1247334.693000003695488 ], [ 2675316.874499998986721, 1246956.464699998497963 ], [ 2674722.750799998175353, 1246650.6774 ], [ 2674531.287300001829863, 1246846.318099997937679 ], [ 2673502.758099999279, 1246521.091399997705594 ], [ 2673236.8321999982, 1246652.981499999762 ], [ 2673144.377399999648, 1247049.497000001370907 ], [ 2672652.7648, 1247186.992600001394749 ], [ 2672576.044799998402596, 1247549.091799996793 ], [ 2673157.955400001257658, 1247847.546999998390675 ], [ 2673189.418200001120567, 1249215.683300003409386 ], [ 2673371.508299998939037, 1249571.5194 ], [ 2674375.491500001400709, 1249983.672300003701821 ], [ 2674561.1094, 1249946.401799999177 ] ] ] } },
{ "type": "Feature", "properties": { "GEBIET_HIST_C": 111285.0, "GEBIET_C": 251.0, "GEBIET_N": "Weiningen (ZH)", "ART_C": 1.0, "ART_N": "Gemeinde", "PARENT_HIST_C": 11119.0, "PARENT_ART_C": 8.0, "VON": "1986\/01\/01", "BIS": "1989\/12\/31" }, "geometry": { "type": "Polygon", "coordinates": [ [ [ 2675889.162999998778105, 1253538.040700003504753 ], [ 2676336.219599999487, 1253303.54 ], [ 2676541.96499999985, 1252761.835500001907349 ], [ 2676250.309999998658895, 1252670.551600001752377 ], [ 2675893.350299999118, 1251978.296499997377396 ], [ 2675279.8713, 1251887.555 ], [ 2675030.9732, 1251537.698799997568 ], [ 2674671.9776, 1251502.064900003373623 ], [ 2674281.570099998265505, 1250968.929899998009205 ], [ 2673893.297699999064, 1251278.552199997007847 ], [ 2673578.437399998307228, 1251015.122900001704693 ], [ 2673255.355099998414516, 1251141.403399996459484 ], [ 2673296.22289999947, 1251535.215599998831749 ], [ 2674014.407900001853704, 1252446.1365 ], [ 2674274.7397, 1253035.350299999118 ], [ 2673754.584899999201, 1253267.853200003504753 ], [ 2673774.1587, 1253664.126100003486499 ], [ 2673890.595899999142, 1254172.412 ], [ 2674472.4769, 1253925.952200002968311 ], [ 2675889.162999998778105, 1253538.040700003504753 ] ] ] } },
{ "type": "Feature", "properties": { "GEBIET_HIST_C": 111292.0, "GEBIET_C": 247.0, "GEBIET_N": "Schlieren", "ART_C": 1.0, "ART_N": "Gemeinde", "PARENT_HIST_C": 11119.0, "PARENT_ART_C": 8.0, "VON": "1986\/01\/01", "BIS": "1989\/12\/31" }, "geometry": { "type": "Polygon", "coordinates": [ [ [ 2677678.776, 1250751.227300003170967 ], [ 2677493.706799998879433, 1250224.871899999678 ], [ 2678125.7104, 1249978.313500002026558 ], [ 2677197.775199998170137, 1249080.298799999058 ], [ 2676879.381499998271465, 1248287.798600003123283 ], [ 2676224.6939, 1248202.542400002479553 ], [ 2675960.709600001573563, 1248297.929899998009205 ], [ 2675285.5546, 1248983.858699999517 ], [ 2675077.4087, 1249436.214299999177 ], [ 2674625.562600001692772, 1249472.3891 ], [ 2674561.1094, 1249946.401799999177 ], [ 2675018.1389, 1250193.881899997591972 ], [ 2675124.978300001472235, 1250632.202799998223782 ], [ 2675651.942499998956919, 1251156.684399999678 ], [ 2676460.740699999034, 1251381.920599997044 ], [ 2676805.4188, 1251043.853799998760223 ], [ 2677678.776, 1250751.227300003170967 ] ] ] } },
{ "type": "Feature", "properties": { "GEBIET_HIST_C": 111294.0, "GEBIET_C": 246.0, "GEBIET_N": "Oetwil an der Limmat", "ART_C": 1.0, "ART_N": "Gemeinde", "PARENT_HIST_C": 11119.0, "PARENT_ART_C": 8.0, "VON": "1986\/01\/01", "BIS": "1989\/12\/31" }, "geometry": { "type": "Polygon", "coordinates": [ [ [ 2672792.4195, 1254461.4045 ], [ 2673729.852699998766184, 1254211.1598 ], [ 2673890.595899999142, 1254172.412 ], [ 2673774.1587, 1253664.126100003486499 ], [ 2673225.098799999803, 1253669.545199997490272 ], [ 2672911.753299999982, 1253294.659000001847744 ], [ 2672711.437199998181313, 1252766.743500001495704 ], [ 2672195.026399999857, 1253211.511299997568 ], [ 2671600.739999998360872, 1253450.045299999416 ], [ 2670720.357, 1253654.847900003194809 ], [ 2670798.47199999914, 1254093.3746 ], [ 2671312.9901, 1254219.770900003612041 ], [ 2672331.837000001221895, 1254288.400700002908707 ], [ 2672792.4195, 1254461.4045 ] ] ] } },
{ "type": "Feature", "properties": { "GEBIET_HIST_C": 111318.0, "GEBIET_C": 248.0, "GEBIET_N": "Uitikon", "ART_C": 1.0, "ART_N": "Gemeinde", "PARENT_HIST_C": 11119.0, "PARENT_ART_C": 8.0, "VON": "1986\/01\/01", "BIS": "1989\/12\/31" }, "geometry": { "type": "Polygon", "coordinates": [ [ [ 2677796.003499999642, 1247508.690099999309 ], [ 2677911.613333475310355, 1247524.333650405751541 ], [ 2677471.5128, 1246776.185099996626377 ], [ 2677871.410100001841784, 1246459.7452 ], [ 2677952.9901, 1246157.881899997591972 ], [ 2678798.459399998188019, 1245957.4949000030756 ], [ 2678931.385000001639128, 1245766.691399998962879 ], [ 2679208.535999998450279, 1245176.427299998700619 ], [ 2678666.099399998784065, 1245395.832500003278255 ], [ 2678289.014499999583, 1245278.283399999142 ], [ 2677700.508699998259544, 1245379.101499997079372 ], [ 2677296.787399999797, 1246234.6787 ], [ 2676241.895100001245737, 1246444.733099997044 ], [ 2675316.874499998986721, 1246956.464699998497963 ], [ 2675464.074, 1247334.693000003695488 ], [ 2675960.159099999815, 1247549.3539 ], [ 2676224.6939, 1248202.542400002479553 ], [ 2676466.033300001174212, 1247974.156599998474121 ], [ 2677130.3909, 1247908.7139 ], [ 2677796.003499999642, 1247508.690099999309 ] ] ] } },
{ "type": "Feature", "properties": { "GEBIET_HIST_C": 111327.0, "GEBIET_C": 241.0, "GEBIET_N": "Aesch bei Birmensdorf", "ART_C": 1.0, "ART_N": "Gemeinde", "PARENT_HIST_C": 11119.0, "PARENT_ART_C": 8.0, "VON": "1986\/01\/01", "BIS": "1989\/12\/31" }, "geometry": { "type": "Polygon", "coordinates": [ [ [ 2676835.221700001507998, 1243159.071500003105029 ], [ 2676751.022399999201, 1243150.7826 ], [ 2676435.367899999022, 1242672.079300001263618 ], [ 2675302.045200001448393, 1242083.400600001215935 ], [ 2674896.086699999869, 1242305.0533 ], [ 2674108.560199998319149, 1242001.25500000291504 ], [ 2673610.716699998825788, 1242263.985200002789497 ], [ 2673926.666000001132488, 1243008.876500003039837 ], [ 2673896.09910000115633, 1243378.156900003552437 ], [ 2673885.2353, 1243839.098800003528595 ], [ 2674740.111000001430511, 1244236.495300002396107 ], [ 2675848.399500001221895, 1244416.477700002491474 ], [ 2675986.866500001400709, 1244185.439199998975 ], [ 2676549.230700001120567, 1244000.891999997198582 ], [ 2676835.221700001507998, 1243159.071500003105029 ] ] ] } },
{ "type": "Feature", "properties": { "GEBIET_HIST_C": 111328.0, "GEBIET_C": 242.0, "GEBIET_N": "Birmensdorf (ZH)", "ART_C": 1.0, "ART_N": "Gemeinde", "PARENT_HIST_C": 11119.0, "PARENT_ART_C": 8.0, "VON": "1986\/01\/01", "BIS": "1989\/12\/31" }, "geometry": { "type": "Polygon", "coordinates": [ [ [ 2678289.014499999583, 1245278.283399999142 ], [ 2677856.8946999982, 1244913.021899998188019 ], [ 2677873.421999998390675, 1244659.888199999928 ], [ 2677016.1206, 1244847.2408 ], [ 2676819.300099998713, 1244261.535899996757507 ], [ 2677134.4615, 1243992.735299997031689 ], [ 2677236.4155, 1243320.50450000166893 ], [ 2676835.221700001507998, 1243159.071500003105029 ], [ 2676549.230700001120567, 1244000.891999997198582 ], [ 2675986.866500001400709, 1244185.439199998975 ], [ 2675848.399500001221895, 1244416.477700002491474 ], [ 2674740.111000001430511, 1244236.495300002396107 ], [ 2673885.2353, 1243839.098800003528595 ], [ 2673896.09910000115633, 1243378.156900003552437 ], [ 2673204.476599998772144, 1243864.72070000320673 ], [ 2672937.183899998664856, 1244416.289700001711026 ], [ 2673195.250399999321, 1245408.907899997895584 ], [ 2672993.874000001698732, 1246366.332099996507168 ], [ 2673236.8321999982, 1246652.981499999762 ], [ 2673502.758099999279, 1246521.091399997705594 ], [ 2674531.287300001829863, 1246846.318099997937679 ], [ 2674722.750799998175353, 1246650.6774 ], [ 2675316.874499998986721, 1246956.464699998497963 ], [ 2676241.895100001245737, 1246444.733099997044 ], [ 2677296.787399999797, 1246234.6787 ], [ 2677700.508699998259544, 1245379.101499997079372 ], [ 2678289.014499999583, 1245278.283399999142 ] ] ] } },
{ "type": "Feature", "properties": { "GEBIET_HIST_C": 111329.0, "GEBIET_C": 243.0, "GEBIET_N": "Dietikon", "ART_C": 1.0, "ART_N": "Gemeinde", "PARENT_HIST_C": 11119.0, "PARENT_ART_C": 8.0, "VON": "1986\/01\/01", "BIS": "1989\/12\/31" }, "geometry": { "type": "Polygon", "coordinates": [ [ [ 2672711.437199998181313, 1252766.743500001495704 ], [ 2673296.22289999947, 1251535.215599998831749 ], [ 2673255.355099998414516, 1251141.403399996459484 ], [ 2673278.634599998593, 1250531.134400002891198 ], [ 2673733.8189, 1250406.2162000015378 ], [ 2674252.4956, 1250571.233000002801418 ], [ 2675124.978300001472235, 1250632.202799998223782 ], [ 2675018.1389, 1250193.881899997591972 ], [ 2674561.1094, 1249946.401799999177 ], [ 2674375.491500001400709, 1249983.672300003701821 ], [ 2673371.508299998939037, 1249571.5194 ], [ 2673189.418200001120567, 1249215.683300003409386 ], [ 2673157.955400001257658, 1247847.546999998390675 ], [ 2672576.044799998402596, 1247549.091799996793 ], [ 2672217.937600001692772, 1248256.812700003385544 ], [ 2672201.6886, 1249254.476400002837181 ], [ 2672305.013799998909235, 1249663.132700003683567 ], [ 2671966.4217, 1249883.093400001525879 ], [ 2671256.345899999142, 1249825.850799999898 ], [ 2671054.579799998551607, 1250294.0986 ], [ 2670036.868599999696, 1250191.583400003612041 ], [ 2669989.85799999908, 1250598.072300001978874 ], [ 2670767.146600001025945, 1250864.13740000128746 ], [ 2671002.8412000015378, 1250599.906099997693673 ], [ 2671402.3321, 1251030.321000002324581 ], [ 2671139.602899998426437, 1251359.503899998962879 ], [ 2671956.594999998807907, 1252778.884000003105029 ], [ 2671600.739999998360872, 1253450.045299999416 ], [ 2672195.026399999857, 1253211.511299997568 ], [ 2672711.437199998181313, 1252766.743500001495704 ] ] ] } },
{ "type": "Feature", "properties": { "GEBIET_HIST_C": 111330.0, "GEBIET_C": 244.0, "GEBIET_N": "Geroldswil", "ART_C": 1.0, "ART_N": "Gemeinde", "PARENT_HIST_C": 11119.0, "PARENT_ART_C": 8.0, "VON": "1986\/01\/01", "BIS": "1989\/12\/31" }, "geometry": { "type": "Polygon", "coordinates": [ [ [ 2673296.22289999947, 1251535.215599998831749 ], [ 2672711.437199998181313, 1252766.743500001495704 ], [ 2672911.753299999982, 1253294.659000001847744 ], [ 2673225.098799999803, 1253669.545199997490272 ], [ 2673774.1587, 1253664.126100003486499 ], [ 2673754.584899999201, 1253267.853200003504753 ], [ 2674274.7397, 1253035.350299999118 ], [ 2674014.407900001853704, 1252446.1365 ], [ 2673296.22289999947, 1251535.215599998831749 ] ] ] } },
{ "type": "Feature", "properties": { "GEBIET_HIST_C": 111331.0, "GEBIET_C": 245.0, "GEBIET_N": "Oberengstringen", "ART_C": 1.0, "ART_N": "Gemeinde", "PARENT_HIST_C": 11119.0, "PARENT_ART_C": 8.0, "VON": "1986\/01\/01", "BIS": "1989\/12\/31" }, "geometry": { "type": "Polygon", "coordinates": [ [ [ 2678346.247499998658895, 1252668.0009 ], [ 2677950.3273, 1252381.151600003242493 ], [ 2677686.631, 1251901.060400001704693 ], [ 2678043.541299998760223, 1251599.159999996423721 ], [ 2678386.258099999279, 1251754.388999998569489 ], [ 2678466.021401705686003, 1250858.859313175547868 ], [ 2677678.776, 1250751.227300003170967 ], [ 2676805.4188, 1251043.853799998760223 ], [ 2676460.740699999034, 1251381.920599997044 ], [ 2677089.481800001114607, 1252018.931400001049042 ], [ 2677259.4342, 1252507.699799999595 ], [ 2678346.247499998658895, 1252668.0009 ] ] ] } },
{ "type": "Feature", "properties": { "GEBIET_HIST_C": 111342.0, "GEBIET_C": 159.0, "GEBIET_N": "Uetikon", "ART_C": 1.0, "ART_N": "Gemeinde", "PARENT_HIST_C": 11077.0, "PARENT_ART_C": 8.0, "VON": "1960\/01\/01", "BIS": "1977\/03\/09" }, "geometry": { "type": "Polygon", "coordinates": [ [ [ 2692998.611299999058, 1235207.274499997496605 ], [ 2693343.16499999911, 1236162.668799996376038 ], [ 2693300.043499998748302, 1236523.1774 ], [ 2693928.121399998664856, 1237312.568499997258186 ], [ 2694182.415600001811981, 1237786.565800003707409 ], [ 2694620.4349, 1237434.280000001192093 ], [ 2695062.7626, 1236810.798500001430511 ], [ 2695211.7489, 1236539.630599997937679 ], [ 2694899.3673, 1235929.113399997353554 ], [ 2694534.566199999303, 1235765.276500001549721 ], [ 2694213.0599, 1235123.451399996876717 ], [ 2693827.751400001347065, 1234862.747699998319149 ], [ 2692998.611299999058, 1235207.274499997496605 ] ] ] } },
{ "type": "Feature", "properties": { "GEBIET_HIST_C": 112143.0, "GEBIET_C": 153.0, "GEBIET_N": "Hombrechtikon", "ART_C": 1.0, "ART_N": "Gemeinde", "PARENT_HIST_C": 11077.0, "PARENT_ART_C": 8.0, "VON": "1960\/01\/01", "BIS": "1985\/12\/31" }, "geometry": { "type": "Polygon", "coordinates": [ [ [ 2701141.746199999005, 1232371.2034 ], [ 2700637.583799999207, 1232440.021799996495247 ], [ 2700304.0315, 1233175.461800001561642 ], [ 2700024.664700001478195, 1233109.360799998044968 ], [ 2699334.127999998629093, 1233826.171400003135204 ], [ 2698819.359000001102686, 1234206.082699999213 ], [ 2698290.255199998617172, 1234976.8946999982 ], [ 2697870.083700001239777, 1235021.1809 ], [ 2697724.30180000141263, 1235310.800700001418591 ], [ 2698982.481600001454353, 1236036.800300002098083 ], [ 2699398.638, 1236226.0982 ], [ 2700005.143699999899, 1236117.4802 ], [ 2700625.640999998897314, 1236317.079899996286258 ], [ 2701576.684799998998642, 1235820.813500002026558 ], [ 2701870.43899999931, 1235359.2082 ], [ 2701887.7681, 1234961.439699999988 ], [ 2702318.352899998426437, 1234662.926600001752377 ], [ 2702316.327599998563528, 1234366.685699999 ], [ 2702733.907499998807907, 1233960.379699997603893 ], [ 2703404.902199998497963, 1233801.6202 ], [ 2702755.4494, 1232901.959200002485886 ], [ 2702129.784099999815, 1232359.892800003290176 ], [ 2701716.491500001400709, 1232457.169399999082 ], [ 2701141.746199999005, 1232371.2034 ] ] ] } },
{ "type": "Feature", "properties": { "GEBIET_HIST_C": 112301.0, "GEBIET_C": 151.0, "GEBIET_N": "Erlenbach (ZH)", "ART_C": 1.0, "ART_N": "Gemeinde", "PARENT_HIST_C": 11077.0, "PARENT_ART_C": 8.0, "VON": "1960\/01\/01", "BIS": "1985\/12\/31" }, "geometry": { "type": "Polygon", "coordinates": [ [ [ 2686804.946499999613, 1240213.631300002336502 ], [ 2687516.833999998867512, 1240403.82320000231266 ], [ 2688139.654599998146296, 1240350.994599997997284 ], [ 2688486.515399999917, 1240617.029600002104416 ], [ 2688817.355500001460314, 1240456.2302 ], [ 2689235.1858000010252, 1240836.821400001645088 ], [ 2689723.6028, 1241052.100599996745586 ], [ 2690217.5379, 1240403.648000001907349 ], [ 2689417.106899999082, 1239956.853799998760223 ], [ 2689062.2311, 1240188.227200001711026 ], [ 2688310.4217, 1239801.052100002765656 ], [ 2688287.984900001436472, 1239461.144199997186661 ], [ 2688572.8946, 1239201.194499999285 ], [ 2688162.25699999928, 1238852.131399996578693 ], [ 2687716.015399999917, 1238756.904399998486042 ], [ 2687523.971099998801947, 1239269.107299998402596 ], [ 2687029.835499998182058, 1239734.713799998164177 ], [ 2686804.946499999613, 1240213.631300002336502 ] ] ] } },
{ "type": "Feature", "properties": { "GEBIET_HIST_C": 112316.0, "GEBIET_C": 152.0, "GEBIET_N": "Herrliberg", "ART_C": 1.0, "ART_N": "Gemeinde", "PARENT_HIST_C": 11077.0, "PARENT_ART_C": 8.0, "VON": "1960\/01\/01", "BIS": "1985\/12\/31" }, "geometry": { "type": "Polygon", "coordinates": [ [ [ 2687716.015399999917, 1238756.904399998486042 ], [ 2688162.25699999928, 1238852.131399996578693 ], [ 2688572.8946, 1239201.194499999285 ], [ 2688287.984900001436472, 1239461.144199997186661 ], [ 2688310.4217, 1239801.052100002765656 ], [ 2689062.2311, 1240188.227200001711026 ], [ 2689417.106899999082, 1239956.853799998760223 ], [ 2690217.5379, 1240403.648000001907349 ], [ 2690655.438700001686811, 1240718.401199996471405 ], [ 2691366.150600001215935, 1240597.309 ], [ 2691967.812600001692772, 1240653.514700002968311 ], [ 2692067.546, 1240426.855099998414516 ], [ 2692352.319299999624, 1240145.28559999913 ], [ 2692522.279199998825788, 1239617.837399996817112 ], [ 2692200.615600001066923, 1239286.669100001687184 ], [ 2691636.802799999714, 1239234.897399999201 ], [ 2690973.754399999976, 1237968.939599998295307 ], [ 2689857.214099999517, 1237750.389899998903275 ], [ 2689630.003899998962879, 1237506.741999998688698 ], [ 2688943.5357, 1237771.312899999088 ], [ 2688640.314800001680851, 1237542.477499999106 ], [ 2687716.015399999917, 1238756.904399998486042 ] ] ] } },
{ "type": "Feature", "properties": { "GEBIET_HIST_C": 112408.0, "GEBIET_C": 156.0, "GEBIET_N": "Meilen", "ART_C": 1.0, "ART_N": "Gemeinde", "PARENT_HIST_C": 11077.0, "PARENT_ART_C": 8.0, "VON": "1960\/01\/01", "BIS": "1985\/12\/31" }, "geometry": { "type": "Polygon", "coordinates": [ [ [ 2688640.314800001680851, 1237542.477499999106 ], [ 2688943.5357, 1237771.312899999088 ], [ 2689630.003899998962879, 1237506.741999998688698 ], [ 2689857.214099999517, 1237750.389899998903275 ], [ 2690973.754399999976, 1237968.939599998295307 ], [ 2691636.802799999714, 1239234.897399999201 ], [ 2692200.615600001066923, 1239286.669100001687184 ], [ 2692522.279199998825788, 1239617.837399996817112 ], [ 2692979.356899999082, 1239343.042900003492832 ], [ 2693398.647399999201, 1238478.040399998426437 ], [ 2694134.666099999, 1238111.0665 ], [ 2694182.415600001811981, 1237786.565800003707409 ], [ 2693928.121399998664856, 1237312.568499997258186 ], [ 2693300.043499998748302, 1236523.1774 ], [ 2693343.16499999911, 1236162.668799996376038 ], [ 2692998.611299999058, 1235207.274499997496605 ], [ 2692464.185499999672, 1235556.163699999684 ], [ 2691799.2023, 1235570.211599998176098 ], [ 2691419.447999998927116, 1235888.500699996948242 ], [ 2690790.96499999985, 1235918.876900002360344 ], [ 2690591.136999998241663, 1236200.464299999177 ], [ 2690043.198800001293421, 1236282.313100002706051 ], [ 2689002.6717, 1237023.634000003105029 ], [ 2688640.314800001680851, 1237542.477499999106 ] ] ] } },
{ "type": "Feature", "properties": { "GEBIET_HIST_C": 112501.0, "GEBIET_C": 157.0, "GEBIET_N": "Oetwil am See", "ART_C": 1.0, "ART_N": "Gemeinde", "PARENT_HIST_C": 11077.0, "PARENT_ART_C": 8.0, "VON": "1960\/01\/01", "BIS": "1985\/12\/31" }, "geometry": { "type": "Polygon", "coordinates": [ [ [ 2698205.988699998706579, 1237961.613300003111362 ], [ 2698183.739100001752377, 1237559.370399996638298 ], [ 2698619.18470000103116, 1236881.460699997842312 ], [ 2698453.03099999949, 1236547.421400003135204 ], [ 2698982.481600001454353, 1236036.800300002098083 ], [ 2697724.30180000141263, 1235310.800700001418591 ], [ 2697222.776099998503923, 1235327.264399997889996 ], [ 2696486.466099999845, 1235688.502899996936321 ], [ 2696053.135000001639128, 1236290.446000002324581 ], [ 2695211.7489, 1236539.630599997937679 ], [ 2695062.7626, 1236810.798500001430511 ], [ 2695611.344999998807907, 1237102.30189999938 ], [ 2696146.289, 1237042.054200001060963 ], [ 2696433.587499998509884, 1237778.586900003254414 ], [ 2696745.959199998527765, 1237781.339900002116337 ], [ 2697188.7463, 1238233.236299999058 ], [ 2697508.3396, 1237996.138400003314018 ], [ 2698205.988699998706579, 1237961.613300003111362 ] ] ] } },
{ "type": "Feature", "properties": { "GEBIET_HIST_C": 112592.0, "GEBIET_C": 154.0, "GEBIET_N": "Küsnacht (ZH)", "ART_C": 1.0, "ART_N": "Gemeinde", "PARENT_HIST_C": 11077.0, "PARENT_ART_C": 8.0, "VON": "1960\/01\/01", "BIS": "1985\/12\/31" }, "geometry": { "type": "Polygon", "coordinates": [ [ [ 2685636.175799999386, 1242969.726599998772144 ], [ 2686376.9714, 1243161.057099997997284 ], [ 2686896.5337, 1242731.485399998724461 ], [ 2687177.958700001239777, 1242743.153099998831749 ], [ 2687995.613299999386, 1243319.663900002837181 ], [ 2688662.187399998307228, 1242718.098700001835823 ], [ 2688593.95599999977, 1242416.6444 ], [ 2690171.654199998825788, 1241904.563000001013279 ], [ 2690415.394900001585484, 1242415.605999998748302 ], [ 2691059.645599998533726, 1242387.2945 ], [ 2691277.8134, 1242813.554099999368 ], [ 2691828.52479999885, 1242318.891699999571 ], [ 2692238.7509, 1241053.979999996721745 ], [ 2691967.812600001692772, 1240653.514700002968311 ], [ 2691366.150600001215935, 1240597.309 ], [ 2690655.438700001686811, 1240718.401199996471405 ], [ 2690217.5379, 1240403.648000001907349 ], [ 2689723.6028, 1241052.100599996745586 ], [ 2689235.1858000010252, 1240836.821400001645088 ], [ 2688817.355500001460314, 1240456.2302 ], [ 2688486.515399999917, 1240617.029600002104416 ], [ 2688139.654599998146296, 1240350.994599997997284 ], [ 2687516.833999998867512, 1240403.82320000231266 ], [ 2686804.946499999613, 1240213.631300002336502 ], [ 2686463.863099999726, 1240622.993900001049042 ], [ 2686104.1052, 1241324.880199998617172 ], [ 2686169.2122, 1241627.88000000291504 ], [ 2685767.489999998360872, 1242464.941600002348423 ], [ 2685636.175799999386, 1242969.726599998772144 ] ] ] } },
{ "type": "Feature", "properties": { "GEBIET_HIST_C": 112754.0, "GEBIET_C": 155.0, "GEBIET_N": "Männedorf", "ART_C": 1.0, "ART_N": "Gemeinde", "PARENT_HIST_C": 11077.0, "PARENT_ART_C": 8.0, "VON": "1960\/01\/01", "BIS": "1985\/12\/31" }, "geometry": { "type": "Polygon", "coordinates": [ [ [ 2693827.751400001347065, 1234862.747699998319149 ], [ 2694213.0599, 1235123.451399996876717 ], [ 2694534.566199999303, 1235765.276500001549721 ], [ 2694899.3673, 1235929.113399997353554 ], [ 2695211.7489, 1236539.630599997937679 ], [ 2696053.135000001639128, 1236290.446000002324581 ], [ 2696486.466099999845, 1235688.502899996936321 ], [ 2696613.794399999082, 1234617.642800003290176 ], [ 2696052.227200001478195, 1233556.084600001573563 ], [ 2695523.711399998515844, 1233718.606700003147125 ], [ 2694499.781100001186132, 1234548.843699999154 ], [ 2693827.751400001347065, 1234862.747699998319149 ] ] ] } },
{ "type": "Feature", "properties": { "GEBIET_HIST_C": 113259.0, "GEBIET_C": 159.0, "GEBIET_N": "Uetikon am See", "ART_C": 1.0, "ART_N": "Gemeinde", "PARENT_HIST_C": 11077.0, "PARENT_ART_C": 8.0, "VON": "1977\/03\/10", "BIS": "1985\/12\/31" }, "geometry": { "type": "Polygon", "coordinates": [ [ [ 2692998.611299999058, 1235207.274499997496605 ], [ 2693343.16499999911, 1236162.668799996376038 ], [ 2693300.043499998748302, 1236523.1774 ], [ 2693928.121399998664856, 1237312.568499997258186 ], [ 2694182.415600001811981, 1237786.565800003707409 ], [ 2694620.4349, 1237434.280000001192093 ], [ 2695062.7626, 1236810.798500001430511 ], [ 2695211.7489, 1236539.630599997937679 ], [ 2694899.3673, 1235929.113399997353554 ], [ 2694534.566199999303, 1235765.276500001549721 ], [ 2694213.0599, 1235123.451399996876717 ], [ 2693827.751400001347065, 1234862.747699998319149 ], [ 2692998.611299999058, 1235207.274499997496605 ] ] ] } },
{ "type": "Feature", "properties": { "GEBIET_HIST_C": 1.0, "GEBIET_C": 0.0, "GEBIET_N": "Zürichsee", "ART_C": 3.0, "ART_N": "See", "PARENT_HIST_C": null, "PARENT_ART_C": null, "VON": "1960\/01\/01", "BIS": "2999\/12\/31" }, "geometry": { "type": "MultiPolygon", "coordinates": [ [ [ [ 2683625.9899, 1246516.064900003373623 ], [ 2683492.402199998497963, 1246815.029799997806549 ], [ 2683468.771000001579523, 1246808.725699998438358 ], [ 2683374.978100001811981, 1246783.469599999487 ], [ 2683370.901999998837709, 1246778.732600003713742 ], [ 2683180.180300001055002, 1246682.5317 ], [ 2683179.806299999356, 1246681.033699996769428 ], [ 2682900.772999998182058, 1246197.523299999535 ], [ 2682902.238699998706579, 1245162.427500002086163 ], [ 2682896.765299998223782, 1245101.618500001495704 ], [ 2682839.3033, 1244783.850900001823902 ], [ 2683060.174899999052, 1243935.324199996888638 ], [ 2683464.5643, 1243316.831299998098984 ], [ 2683455.987199999392, 1243309.8825 ], [ 2683658.815000001341105, 1242996.002499997615814 ], [ 2684235.824599999934, 1241574.236299999058 ], [ 2684494.805100001394749, 1241143.285300001502037 ], [ 2684726.38399999961, 1240006.8834 ], [ 2684913.002300001680851, 1239649.979400001699105 ], [ 2685836.918000001460314, 1238399.216300003230572 ], [ 2686328.911400001496077, 1237455.728100001811981 ], [ 2686557.3449, 1236620.977799996733665 ], [ 2686923.175799999386, 1236105.009900003671646 ], [ 2687484.630199998617172, 1235277.789700001711026 ], [ 2688957.876200001686811, 1234534.8103 ], [ 2689284.210799999535, 1234486.847099997103214 ], [ 2690001.255199998617172, 1234063.750200003385544 ], [ 2690575.1831, 1233860.817100003361702 ], [ 2691146.739799998700619, 1234148.215599998831749 ], [ 2691854.3244, 1233807.270900003612041 ], [ 2692510.737799998372793, 1232694.664700001711026 ], [ 2693185.109000001102686, 1232090.254 ], [ 2693620.833999998867512, 1231838.257899999619 ], [ 2693754.711899999529, 1231499.457599997520447 ], [ 2694826.882699999958, 1230665.129 ], [ 2695595.9912, 1230267.657099999487 ], [ 2695987.964299999177, 1229571.968900002306327 ], [ 2696445.818399999291, 1229174.368299998342991 ], [ 2696570.938799999654, 1228794.662799999118 ], [ 2697274.8843, 1228533.7148 ], [ 2697811.314800001680851, 1228794.188000001013279 ], [ 2698241.7551, 1229420.215300001204014 ], [ 2698788.156599998474121, 1229195.216300003230572 ], [ 2699745.565099999309, 1229408.048399999505 ], [ 2700995.0843, 1229145.6061 ], [ 2701452.915399998426437, 1229362.506399996578693 ], [ 2702409.280499998480082, 1229262.6928 ], [ 2702609.066199999303, 1230009.670599997044 ], [ 2703004.298599999398, 1229763.6537000015378 ], [ 2703026.398099999875, 1229133.355800002813339 ], [ 2703409.152199998497963, 1228838.984499998390675 ], [ 2704275.6858000010252, 1228652.32940000295639 ], [ 2704316.688299998175353, 1228320.794200003147125 ], [ 2705036.567200001329184, 1227969.492799997096881 ], [ 2705574.9899, 1228081.271300002932549 ], [ 2706222.6904, 1227672.442299999297 ], [ 2706916.0236, 1227819.249799996614456 ], [ 2707125.43299999833, 1228416.308200001483783 ], [ 2707014.9373, 1228924.190499998629093 ], [ 2707917.214200001209974, 1229237.171400003135204 ], [ 2709247.897399999201, 1229541.965199999511 ], [ 2710336.362199999392, 1229203.821500003105029 ], [ 2712236.506, 1229762.875200003385544 ], [ 2713742.160199999809, 1230425.646499998867512 ], [ 2713770.555799998342991, 1231128.632700003683567 ], [ 2714169.05290000140667, 1231527.022 ], [ 2713104.6193, 1231627.603299997514114 ], [ 2712076.352499999106, 1231608.876900002360344 ], [ 2711836.28299999982, 1231307.814900003373623 ], [ 2711312.793699998408556, 1231263.466799996793 ], [ 2709340.002300001680851, 1230474.021499998867512 ], [ 2708137.728999998420477, 1230692.190200001001358 ], [ 2707557.294, 1231121.656400002306327 ], [ 2706849.6158, 1231049.773400001227856 ], [ 2706726.5126, 1230481.079800002509728 ], [ 2705478.207499999553, 1230493.135099999607 ], [ 2704992.505399998277426, 1231048.8583 ], [ 2704269.068399999291, 1231083.659400001168251 ], [ 2704110.7291, 1231501.291699998081 ], [ 2704455.5339, 1231864.490099996328354 ], [ 2704343.036499999464, 1232623.813699997961521 ], [ 2702755.4494, 1232901.959200002485886 ], [ 2702129.784099999815, 1232359.892800003290176 ], [ 2701716.491500001400709, 1232457.169399999082 ], [ 2701141.746199999005, 1232371.2034 ], [ 2699826.651, 1232278.94820000231266 ], [ 2698763.7769, 1232334.972000002861023 ], [ 2698313.237199999392, 1232216.570100001990795 ], [ 2697472.782699998468161, 1232666.290600001811981 ], [ 2696672.584699999541, 1232858.760799996554852 ], [ 2696052.227200001478195, 1233556.084600001573563 ], [ 2695523.711399998515844, 1233718.606700003147125 ], [ 2694499.781100001186132, 1234548.843699999154 ], [ 2693827.751400001347065, 1234862.747699998319149 ], [ 2692998.611299999058, 1235207.274499997496605 ], [ 2692464.185499999672, 1235556.163699999684 ], [ 2691799.2023, 1235570.211599998176098 ], [ 2691419.447999998927116, 1235888.500699996948242 ], [ 2690790.96499999985, 1235918.876900002360344 ], [ 2690591.136999998241663, 1236200.464299999177 ], [ 2690043.198800001293421, 1236282.313100002706051 ], [ 2689002.6717, 1237023.634000003105029 ], [ 2688640.314800001680851, 1237542.477499999106 ], [ 2687716.015399999917, 1238756.904399998486042 ], [ 2687523.971099998801947, 1239269.107299998402596 ], [ 2687029.835499998182058, 1239734.713799998164177 ], [ 2686804.946499999613, 1240213.631300002336502 ], [ 2686463.863099999726, 1240622.993900001049042 ], [ 2686104.1052, 1241324.880199998617172 ], [ 2686169.2122, 1241627.88000000291504 ], [ 2685767.489999998360872, 1242464.941600002348423 ], [ 2685636.175799999386, 1242969.726599998772144 ], [ 2685063.5907, 1244522.879299998516217 ], [ 2684633.334499999881, 1245141.949 ], [ 2684027.1235, 1245254.719999998807907 ], [ 2683631.187899999321, 1246502.967 ], [ 2683625.9899, 1246516.064900003373623 ] ] ] ] } },
{ "type": "Feature", "properties": { "GEBIET_HIST_C": 2.0, "GEBIET_C": 0.0, "GEBIET_N": "Pfäffikersee", "ART_C": 3.0, "ART_N": "See", "PARENT_HIST_C": null, "PARENT_ART_C": null, "VON": "1960\/01\/01", "BIS": "2999\/12\/31" }, "geometry": { "type": "MultiPolygon", "coordinates": [ [ [ [ 2702193.467300001531839, 1244344.125 ], [ 2702363.979299999774, 1244967.319200001657009 ], [ 2701534.728799998760223, 1246613.109499998390675 ], [ 2701106.386599998921156, 1246798.721500001847744 ], [ 2700504.661699999124, 1246396.446400001645088 ], [ 2700657.2692, 1245646.695799998939037 ], [ 2700925.40399999917, 1245179.283399999142 ], [ 2701000.078499998897314, 1244295.510099999607 ], [ 2701241.639600001275539, 1244167.471900001168251 ], [ 2702193.2342, 1244343.368199996883 ], [ 2702193.467300001531839, 1244344.125 ] ] ] ] } },
{ "type": "Feature", "properties": { "GEBIET_HIST_C": 3.0, "GEBIET_C": 0.0, "GEBIET_N": "Greifensee", "ART_C": 3.0, "ART_N": "See", "PARENT_HIST_C": null, "PARENT_ART_C": null, "VON": "1960\/01\/01", "BIS": "2999\/12\/31" }, "geometry": { "type": "MultiPolygon", "coordinates": [ [ [ [ 2692695.80739999935, 1247523.721299998462 ], [ 2692309.092999998480082, 1247708.28660000115633 ], [ 2691921.986900001764297, 1247591.0119 ], [ 2691696.657699998468161, 1246482.271899998188019 ], [ 2692043.321699999273, 1245938.041500001912937 ], [ 2692991.884399998933077, 1244736.494599997997284 ], [ 2693471.622499998658895, 1244534.490699999034 ], [ 2693904.170899998396635, 1243864.970200002193451 ], [ 2694546.4868, 1242590.711099997162819 ], [ 2694617.164799998980016, 1242053.054099999368 ], [ 2695145.0707, 1241956.749300003051758 ], [ 2695372.8092, 1242438.44099999964 ], [ 2695780.74489999935, 1242522.857699997490272 ], [ 2695930.9536, 1243078.4274 ], [ 2695796.768699999899, 1243355.600000001490116 ], [ 2694823.0537, 1243918.648299999535 ], [ 2694543.721599999815, 1244564.873199999 ], [ 2694464.444499999285, 1245435.377499997615814 ], [ 2693793.1882, 1246505.285999998450279 ], [ 2693432.7529, 1246594.119800001382828 ], [ 2692695.80739999935, 1247523.721299998462 ] ] ] ] } }
]
}
